dept_rollup_name,fund_name,program_name,expense_category,budget,expenditures,source_lines,elapsed_pct,expected_spend_to_date,remaining_budget,utilization_pct,pace_variance,pace_gap_pct_points,linear_run_rate_proxy,projected_variance_proxy,pace_status
Austin Energy,Austin Energy Fund,"Transfers, Debt Service, and Other Requirements",Transfers & debt service,479629401.0,379388614.71000004,12,75.0,359722050.75,100240786.28999996,79.1003666412018,19666563.96000004,4.100366641201802,505851486.28000003,26222085.28000003,Near pace
General Obligation Debt Service,General Obligation Debt Service Fund,Transfers and Other Requirements,Transfers & debt service,281460710.0,77014205.67,2,75.0,211095532.5,204446504.32999998,27.362329068948913,-134081326.83,-47.63767093105109,102685607.56,-178775102.44,Below pace
Austin Energy,Austin Energy Fund,Electric System,Contractual services,269981957.0,212207401.16,208,75.0,202486467.75,57774555.84,78.60058631992212,9720933.409999996,3.6005863199221153,282943201.5466667,12961244.546666682,Near pace
Aviation,Airport Operating Fund,"Transfers, Debt Service, and Other Requirements",Transfers & debt service,238306905.0,71648227.42,7,75.0,178730178.75,166658677.57999998,30.06552723262467,-107081951.33,-44.934472767375325,95530969.89333333,-142775935.10666668,Below pace
Enterprise Debt Service,AWU Debt Service Fund,"Transfers, Debt Service, and Other Requirements",Transfers & debt service,225161708.0,214220394.21,4,75.0,168871281.0,10941313.789999992,95.14068627068684,45349113.21000001,20.140686270686842,285627192.28000003,60465484.28000003,Above pace
Austin Water,Austin Water Wastewater Utility Operating Fund,"Transfers, Debt Service, and Other Requirements",Transfers & debt service,224880632.0,176865245.13,12,75.0,168660474.0,48015386.870000005,78.64850056540219,8204771.129999995,3.6485005654021876,235820326.84,10939694.840000004,Near pace
Austin Energy,E-Elec Short Trm Debt Clearing,Electric Cip Transfers To,Transfers & debt service,223938407.0,126990000.0,1,75.0,167953805.25,96948407.0,56.70755709180337,-40963805.25,-18.292442908196627,169320000.0,-54618407.0,Below pace
Austin Water,Austin Water Water Utility Operating Fund,"Transfers, Debt Service, and Other Requirements",Transfers & debt service,208413427.0,164334835.44,14,75.0,156310070.25,44078591.56,78.85040700376756,8024765.189999998,3.8504070037675575,219113113.92,10699686.919999987,Near pace
Nondepartmental,Project Connect Fund,Division Placeholder,Contractual services,186681064.0,183546919.35,1,75.0,140010798.0,3134144.650000006,98.3211234268517,43536121.349999994,23.3211234268517,244729225.79999998,58048161.79999998,Above pace
Aviation,Airport Capital Fund,"Transfers, Debt Service, and Other Requirements",Transfers & debt service,185706476.0,119781763.25,2,75.0,139279857.0,65924712.75,64.50058491767406,-19498093.75,-10.499415082325939,159709017.66666666,-25997458.333333343,Below pace
Enterprise Debt Service,AE Debt Service Fund,"Transfers, Debt Service, and Other Requirements",Transfers & debt service,174097715.0,174736976.86,2,75.0,130573286.25,-639261.8600000143,100.36718566926625,44163690.610000014,25.36718566926625,232982635.81333336,58884920.81333336,Above pace
Human Resources,Employee Benefits Fund,Employee Medical,Personnel & benefits,169271849.0,152599297.72,3,75.0,126953886.75,16672551.280000001,90.15042880520552,25645410.97,15.150428805205522,203465730.29333332,34193881.29333332,Above pace
Nondepartmental,Hotel Occupancy Tax Fund,"Transfers, Debt Service, and Other Requirements",Transfers & debt service,167288265.0,172282881.85999998,6,75.0,125466198.75,-4994616.8599999845,102.98563492185181,46816683.109999985,27.985634921851812,229710509.14666665,62422244.146666646,Above pace
Police,General Fund,Neighborhood-Based Policing,Personnel & benefits,161473310.0,125111155.14,414,75.0,121104982.5,36362154.86,77.48101227379311,4006172.6400000006,2.4810122737931124,166814873.52,5341563.520000011,Near pace
Austin Energy,Austin Energy Fund,"Power Generation, Market Operations & Resource Planning",Other operating costs,141544353.0,123051299.15,477,75.0,106158264.75,18493053.849999994,86.93479926394521,16893034.400000006,11.934799263945209,164068398.86666667,22524045.866666675,Above pace
Fire,General Fund,Fire / Emergency Response,Personnel & benefits,129669201.0,108619769.18,47,75.0,97251900.75,21049431.819999993,83.76682230038573,11367868.430000007,8.766822300385726,144826358.90666667,15157157.906666666,Above pace
Austin Energy,Austin Energy Fund,Electric System,Personnel & benefits,105010315.0,85979577.99,573,75.0,78757736.25,19030737.010000005,81.87726890448809,7221841.739999995,6.877268904488091,114639437.32,9629122.319999993,Above pace
Enterprise Debt Service,Airport Revenue Bond Redemption Fund,"Transfers, Debt Service, and Other Requirements",Transfers & debt service,104909375.0,103921048.62,2,75.0,78682031.25,988326.3799999952,99.05792367936613,25239017.370000005,24.057923679366127,138561398.16,33652023.16,Above pace
Austin Energy,Austin Energy Fund,Support Services,Personnel & benefits,75409142.0,62237831.65,441,75.0,56556856.5,13171310.350000001,82.53353638475292,5680975.1499999985,7.533536384752921,82983775.53333333,7574633.533333331,Above pace
Austin Convention Center,Convention Center Tax Fund,"Transfers, Debt Service, and Other Requirements",Transfers & debt service,68496708.0,57080590.0,1,75.0,51372531.0,11416118.0,83.33333333333333,5708059.0,8.333333333333329,76107453.33333333,7610745.333333328,Above pace
Police,General Fund,Neighborhood-Based Policing,Grants & contributions,58999918.0,47502928.2,43,75.0,44249938.5,11496989.799999997,80.51354952730613,3252989.700000003,5.513549527306125,63337237.6,4337319.6000000015,Above pace
Emergency Medical Services,General Fund,Operations,Personnel & benefits,58364410.0,46413564.59,54,75.0,43773307.5,11950845.409999996,79.52374501858239,2640257.0900000036,4.523745018582389,61884752.78666667,3520342.786666669,Near pace
Police,General Fund,Investigations,Personnel & benefits,55431437.0,41480869.839999996,386,75.0,41573577.75,13950567.160000004,74.83275210779759,-92707.91000000387,-0.1672478922024112,55307826.453333326,-123610.54666667432,Near pace
Police,General Fund,"Transfers, Debt Service, and Other Requirements",Other operating costs,53010117.0,44154099.9,12,75.0,39757587.75,8856017.100000001,83.29372278125702,4396512.1499999985,8.293722781257017,58872133.199999996,5862016.1999999955,Above pace
Austin Energy,Austin Energy Fund,Customer Care,Personnel & benefits,51002653.0,42386866.5,386,75.0,38251989.75,8615786.5,83.10717973827754,4134876.75,8.107179738277537,56515822.0,5513169.0,Above pace
Aviation,Airport Operating Fund,"Facilities Management, Operations and Airport Security",Personnel & benefits,48792986.0,37805615.94,203,75.0,36594739.5,10987370.060000002,77.48166086822397,1210876.4399999976,2.481660868223969,50407487.919999994,1614501.9199999943,Near pace
Police,General Fund,Operations Support,Personnel & benefits,45713510.0,38870852.9,213,75.0,34285132.5,6842657.1000000015,85.03143359588883,4585720.3999999985,10.031433595888828,51827803.86666667,6114293.866666667,Above pace
Human Resources,Employee Benefits Fund,Retiree Medical,Personnel & benefits,44386972.0,36958849.23,6,75.0,33290229.0,7428122.770000003,83.26508334472555,3668620.2299999967,8.265083344725554,49278465.63999999,4891493.639999993,Above pace
Parks & Recreation,General Fund,Community Services,Personnel & benefits,44300646.2,34706108.87,741,75.0,33225484.650000002,9594537.330000006,78.34221810967622,1480624.219999995,3.3422181096762245,46274811.82666666,1974165.6266666576,Near pace
Austin Energy,Austin Energy Fund,Support Services,Contractual services,42184932.0,26046362.849999998,186,75.0,31638699.0,16138569.150000002,61.743285137925554,-5592336.150000002,-13.256714862074446,34728483.8,-7456448.200000003,Below pace
Police,General Fund,"Transfers, Debt Service, and Other Requirements",Contractual services,42137410.0,35130301.0,1,75.0,31603057.5,7007109.0,83.37081230194262,3527243.5,8.370812301942621,46840401.333333336,4702991.333333336,Above pace
Austin Energy,Austin Energy Fund,"Transfers, Debt Service, and Other Requirements",Contractual services,42110265.0,35091887.5,1,75.0,31582698.75,7018377.5,83.33333333333333,3509188.75,8.333333333333329,46789183.333333336,4678918.333333336,Above pace
Aviation,Airport Operating Fund,"Facilities Management, Operations and Airport Security",Other operating costs,41916347.0,31899385.14,496,75.0,31437260.25,10016961.86,76.10249323491858,462124.8900000006,1.1024932349185832,42532513.52,616166.5200000033,Near pace
Homeless Strategy Office,General Fund,Social Service Grants - HSO,Grants & contributions,39492782.0,18458747.14,2,75.0,29619586.5,21034034.86,46.73954633026359,-11160839.36,-28.260453669736407,24611662.853333335,-14881119.146666665,Below pace
Austin Water,Austin Water Wastewater Utility Operating Fund,Operations,Personnel & benefits,38690311.0,31782471.44,202,75.0,29017733.25,6907839.559999999,82.14581536964126,2764738.1900000013,7.145815369641255,42376628.586666666,3686317.586666666,Above pace
Austin Water,Austin Water Water Utility Operating Fund,Operations,Other operating costs,38415817.0,29093914.310000002,710,75.0,28811862.75,9321902.689999998,75.73420685026692,282051.5600000024,0.734206850266915,38791885.74666667,376068.74666666985,Near pace
Human Resources,Employee Benefits Fund,Employee Medical,Other operating costs,38190182.0,28775727.199999996,13,75.0,28642636.5,9414454.800000004,75.34849454239311,133090.69999999553,0.3484945423931123,38367636.26666666,177454.26666665822,Near pace
Austin Energy,Austin Energy Fund,Customer Care,Contractual services,38063936.0,19679645.59,82,75.0,28547952.0,18384290.41,51.701551804836996,-8868306.41,-23.298448195163004,26239527.453333333,-11824408.546666667,Below pace
Austin Water,Austin Water Water Utility Operating Fund,Operations,Personnel & benefits,37312479.0,28556850.77,245,75.0,27984359.25,8755628.23,76.53431649502569,572491.5199999996,1.534316495025692,38075801.02666666,763322.0266666636,Near pace
Austin Convention Center,Convention Center Capital Fund,"Transfers, Debt Service, and Other Requirements",Transfers & debt service,37306706.0,20858638.0,2,75.0,27980029.5,16448068.0,55.911229471720176,-7121391.5,-19.088770528279824,27811517.333333332,-9495188.666666668,Below pace
Nondepartmental,General Fund,"Transfers, Debt Service, and Other Requirements",Transfers & debt service,36576757.0,29918136.1,15,75.0,27432567.75,6658620.8999999985,81.79548586005042,2485568.3500000015,6.7954858600504195,39890848.13333333,3314091.133333333,Above pace
Austin Convention Center,Convention Center Venue Project Fund,"Transfers, Debt Service, and Other Requirements",Transfers & debt service,30520088.0,23138662.5,2,75.0,22890066.0,7381425.5,75.81453402100283,248596.5,0.814534021002828,30851550.0,331462.0,Near pace
Enterprise Debt Service,Convention Center HOT Debt Service Fund-Subordinate Lien,"Transfers, Debt Service, and Other Requirements",Transfers & debt service,30320995.0,7997935.45,3,75.0,22740746.25,22323059.55,26.37754945047153,-14742810.8,-48.622450549528466,10663913.933333334,-19657081.066666666,Below pace
Parks & Recreation,General Fund,"Park Planning, Development, and Operations",Personnel & benefits,30008511.0,23109392.759999998,301,75.0,22506383.25,6899118.240000002,77.00946161573961,603009.5099999979,2.0094616157396104,30812523.679999996,804012.679999996,Near pace
Watershed Protection,Drainage Utility Fund,"Transfers, Debt Service, and Other Requirements",Transfers & debt service,29219257.0,22574628.349999998,8,75.0,21914442.75,6644628.650000002,77.25941953281016,660185.5999999978,2.2594195328101563,30099504.466666665,880247.4666666649,Near pace
Aviation,Airport Operating Fund,Support Services,Personnel & benefits,28854483.0,23643369.82,148,75.0,21640862.25,5211113.18,81.94002235285241,2002507.5700000003,6.940022352852409,31524493.093333334,2670010.0933333337,Above pace
Austin Water,Austin Water Wastewater Utility Operating Fund,Operations,Other operating costs,27909515.0,21555810.58,620,75.0,20932136.25,6353704.420000002,77.23462976694508,623674.3299999982,2.2346297669450763,28741080.77333333,831565.7733333297,Near pace
Austin Convention Center,Tourism Public Improvement District,Public Improvement District,Contractual services,27878795.0,0.0,1,75.0,20909096.25,27878795.0,0.0,-20909096.25,-75.0,0.0,-27878795.0,Below pace
Austin Convention Center,Convention Center Operating Fund,"Transfers, Debt Service, and Other Requirements",Transfers & debt service,27431442.0,24535830.1,8,75.0,20573581.5,2895611.8999999985,89.44418634645601,3962248.6000000015,14.444186346456007,32714440.133333337,5282998.133333337,Above pace
Austin Resource Recovery,Austin Resource Recovery Fund,Collection Services,Personnel & benefits,26545876.0,22811217.17,79,75.0,19909407.0,3734658.829999998,85.93130311465329,2901810.170000002,10.93130311465329,30414956.22666667,3869080.2266666703,Above pace
Police,General Fund,Neighborhood-Based Policing,Other operating costs,26305522.0,22632717.96,829,75.0,19729141.5,3672804.039999999,86.03789713809898,2903576.460000001,11.037897138098984,30176957.28,3871435.280000001,Above pace
Communications & Technology Management,Information and Technology Fund,Customer Delivery,Contractual services,25562202.0,18965988.51,29,75.0,19171651.5,6596213.489999998,74.19544102655946,-205662.98999999836,-0.8045589734405354,25287984.680000003,-274217.3199999966,Near pace
Austin Public Health,General Fund,Social Service Grants,Grants & contributions,25510420.0,16788770.33,10,75.0,19132815.0,8721649.670000002,65.81142266571855,-2344044.670000002,-9.188577334281447,22385027.106666666,-3125392.8933333345,Below pace
Austin Energy,Austin Energy Fund,Support Services,"Supplies, technology & equipment",25165525.0,17579803.57,202,75.0,18874143.75,7585721.43,69.85669311488634,-1294340.1799999997,-5.14330688511366,23439738.093333334,-1725786.9066666663,Below pace
Austin Energy,Austin Energy Fund,"Power Generation, Market Operations & Resource Planning",Personnel & benefits,24818714.0,19061677.73,232,75.0,18614035.5,5757036.27,76.80364796499931,447642.23000000045,1.803647964999314,25415570.30666667,596856.3066666685,Near pace
Human Resources,Employee Benefits Fund,Retiree Medical,Other operating costs,24618500.0,20903370.930000003,19,75.0,18463875.0,3715129.0699999966,84.90919808274266,2439495.9300000034,9.909198082742662,27871161.240000006,3252661.240000006,Above pace
Austin Public Library,General Fund,Public Services,Personnel & benefits,24288944.0,19669224.7,106,75.0,18216708.0,4619719.300000001,80.9801558272768,1452516.6999999993,5.980155827276803,26225632.933333334,1936688.9333333336,Above pace
Austin Energy,Austin Energy Fund,Electric System,"Supplies, technology & equipment",24251266.0,15451969.81,446,75.0,18188449.5,8799296.19,63.71613675756144,-2736479.6899999995,-11.283863242438557,20602626.413333334,-3648639.586666666,Below pace
Austin Energy,Austin Energy Fund,"Transfers, Debt Service, and Other Requirements",Other operating costs,24241540.0,18546445.77,22,75.0,18181155.0,5695094.23,76.50687938967573,365290.76999999955,1.5068793896757313,24728594.36,487054.3599999994,Near pace
Neighborhood Housing & Community Development,Homestead Preservation Reinvestment Tax Increment Fund,Housing,Grants & contributions,24019067.0,0.0,2,75.0,18014300.25,24019067.0,0.0,-18014300.25,-75.0,0.0,-24019067.0,Below pace
Public Works,Capital Projects Management Fund,Capital Project Delivery Services,Personnel & benefits,23652021.0,16488502.07,59,75.0,17739015.75,7163518.93,69.71286753888812,-1250513.6799999997,-5.287132461111881,21984669.426666666,-1667351.5733333342,Below pace
Financial Services,Waller Creek Tax Increment Financing Fund,"Transfers, Debt Service, and Other Requirements",Transfers & debt service,23643086.0,19702571.7,1,75.0,17732314.5,3940514.3000000007,83.33333347431888,1970257.1999999993,8.333333474318877,26270095.599999998,2627009.5999999978,Above pace
Nondepartmental,General Fund Budget Stabilization Reserve Fund,"Transfers, Debt Service, and Other Requirements",Transfers & debt service,22582842.0,18773201.65,8,75.0,16937131.5,3809640.3500000015,83.1303768143974,1836070.1499999985,8.130376814397394,25030935.53333333,2448093.5333333313,Above pace
Austin Water,Austin Water Community Benefit Charge Fund,"Transfers, Debt Service, and Other Requirements",Transfers & debt service,22190415.0,13907609.61,3,75.0,16642811.25,8282805.390000001,62.67395003653605,-2735201.6400000006,-12.326049963463952,18543479.48,-3646935.5199999996,Below pace
Human Resources,Support Services Fund,Human Resources Management,Personnel & benefits,21584100.0,16163717.07,165,75.0,16188075.0,5420382.93,74.88714873448511,-24357.929999999702,-0.112851265514891,21551622.76,-32477.23999999836,Near pace
Fire,General Fund,Operations Support,Personnel & benefits,21524030.0,17037714.97,150,75.0,16143022.5,4486315.030000001,79.15671447215043,894692.4699999988,4.156714472150426,22716953.293333333,1192923.293333333,Near pace
Austin Water,W-Water Impact Fees,Water Cip Transfers To,Transfers & debt service,20010000.0,20006546.49,1,75.0,15007500.0,3453.510000001639,99.98274107946025,4999046.489999998,24.982741079460254,26675395.319999997,6665395.319999997,Above pace
Austin Resource Recovery,Austin Resource Recovery Fund,"Transfers, Debt Service, and Other Requirements",Transfers & debt service,19838935.0,16241722.78,7,75.0,14879201.25,3597212.2200000007,81.86791670016561,1362521.5299999993,6.867916700165608,21655630.37333333,1816695.3733333312,Above pace
Austin Energy,Austin Energy Fund,"Transfers, Debt Service, and Other Requirements",Personnel & benefits,19209738.0,16744870.61,4,75.0,14407303.5,2464867.3900000006,87.16865690724153,2337567.1099999994,12.168656907241527,22326494.146666665,3116756.1466666646,Above pace
Communications & Technology Management,Information and Technology Fund,Enterprise Operations & Technology,Contractual services,19182346.0,12320951.94,47,75.0,14386759.5,6861394.0600000005,64.2306834628048,-2065807.5600000005,-10.769316537195195,16427935.92,-2754410.08,Below pace
Austin Water,Austin Water Water Utility Operating Fund,"Transfers, Debt Service, and Other Requirements",Other operating costs,18983537.0,15699742.65,10,75.0,14237652.75,3283794.3499999996,82.70188347935371,1462089.9000000004,7.701883479353711,20932990.2,1949453.1999999993,Above pace
Austin Water,Austin Water Water Utility Operating Fund,Support Services,Personnel & benefits,18913371.0,12428487.91,286,75.0,14185028.25,6484883.09,65.71270615904484,-1756540.3399999999,-9.287293840955158,16571317.213333333,-2342053.786666667,Below pace
Austin Water,Austin Water Wastewater Utility Operating Fund,Support Services,Personnel & benefits,18838411.0,18286036.07,297,75.0,14128808.25,552374.9299999997,97.06782631507508,4157227.8200000003,22.06782631507508,24381381.426666666,5542970.426666666,Above pace
Watershed Protection,Drainage Utility Fund,Field Operations,Personnel & benefits,18445386.0,14267581.74,125,75.0,13834039.5,4177804.26,77.35041023267281,433542.2400000002,2.3504102326728145,19023442.32,578056.3200000003,Near pace
Police,General Fund,Professional Standards,Personnel & benefits,18426468.0,17034587.0,119,75.0,13819851.0,1391881.0,92.44629518798719,3214736.0,17.44629518798719,22712782.666666668,4286314.666666668,Above pace
Fleet Services,Fleet Services Fund,Fleet Service Centers,"Supplies, technology & equipment",18284721.0,18382966.55,114,75.0,13713540.75,-98245.55000000075,100.53730953838453,4669425.800000001,25.537309538384534,24510622.066666666,6225901.066666666,Above pace
Fleet Services,Fleet Services Fund,Fleet Service Centers,Personnel & benefits,18242556.0,14097555.76,191,75.0,13681917.0,4145000.24,77.27840199586066,415638.7599999998,2.278401995860662,18796741.01333333,554185.0133333318,Near pace
Aviation,New Airport PFC,"Transfers, Debt Service, and Other Requirements",Transfers & debt service,18202587.0,13838190.51,1,75.0,13651940.25,4364396.49,76.02320763526635,186250.25999999978,1.0232076352663455,18450920.68,248333.6799999997,Near pace
Fire,General Fund,"Transfers, Debt Service, and Other Requirements",Contractual services,17946590.0,14962217.9,1,75.0,13459942.5,2984372.0999999996,83.37081250532832,1502275.4000000004,8.370812505328317,19949623.866666667,2003033.8666666672,Above pace
Enterprise Debt Service,Convention Center Expansion Senior Lien Debt Service Fund,"Transfers, Debt Service, and Other Requirements",Transfers & debt service,17858638.0,0.0,2,75.0,13393978.5,17858638.0,0.0,-13393978.5,-75.0,0.0,-17858638.0,Below pace
Fleet Services,Fleet Services Fund,Operational Services,Other operating costs,16881337.0,13287864.280000001,49,75.0,12661002.75,3593472.719999999,78.71334053694918,626861.5300000012,3.7133405369491754,17717152.373333335,835815.3733333349,Near pace
Austin Resource Recovery,Austin Resource Recovery Fund,Collection Services,Other operating costs,16712533.0,14034675.5,181,75.0,12534399.75,2677857.5,83.9769501128285,1500275.75,8.976950112828504,18712900.666666668,2000367.666666668,Above pace
Public Works,Transportation Fund,Support Services,Personnel & benefits,16687460.0,13590862.209999999,120,75.0,12515595.0,3096597.790000001,81.44356426921773,1075267.209999999,6.443564269217731,18121149.613333333,1433689.6133333333,Above pace
Fire,General Fund,Fire / Emergency Response,Grants & contributions,16529285.0,13874159.610000001,5,75.0,12396963.75,2655125.3899999987,83.93684064374231,1477195.8600000013,8.936840643742315,18498879.48,1969594.4800000004,Above pace
Fire,General Fund,"Transfers, Debt Service, and Other Requirements",Other operating costs,16227489.0,13290293.1,9,75.0,12170616.75,2937195.9000000004,81.89987434285119,1119676.3499999996,6.8998743428511915,17720390.8,1492901.8000000007,Above pace
Communications & Technology Management,Information and Technology Fund,Enterprise Operations & Technology,Personnel & benefits,16180453.0,13417520.69,134,75.0,12135339.75,2762932.3100000005,82.92425861006487,1282180.9399999995,7.924258610064868,17890027.586666666,1709574.586666666,Above pace
Enterprise Debt Service,Airport Bond Interest Holding Fund,"Transfers, Debt Service, and Other Requirements",Transfers & debt service,16154688.0,12641900.0,1,75.0,12116016.0,3512788.0,78.25530273317565,525884.0,3.255302733175654,16855866.666666668,701178.6666666679,Near pace
Nondepartmental,General Fund,"Transfers, Debt Service, and Other Requirements",Contractual services,16138702.0,12104026.5,2,75.0,12104026.5,4034675.5,75.0,0.0,0.0,16138702.0,0.0,Near pace
Austin Water,Austin Water Water Utility Operating Fund,Operations,Contractual services,16091488.0,13152516.479999999,76,75.0,12068616.0,2938971.5200000014,81.73586233914476,1083900.4799999986,6.735862339144759,17536688.639999997,1445200.6399999969,Above pace
Development Services,Development Services Fund,Building Plan Review & Inspections,Personnel & benefits,16085527.0,11986068.59,56,75.0,12064145.25,4099458.41,74.51461546768098,-78076.66000000015,-0.4853845323190171,15981424.786666667,-104102.21333333291,Near pace
Austin Water,Austin Water Reclaimed Water Utility Operating Fund,"Transfers, Debt Service, and Other Requirements",Transfers & debt service,16078963.0,12477500.84,7,75.0,12059222.25,3601462.16,77.60140277703232,418278.58999999985,2.6014027770323196,16636667.786666667,557704.7866666671,Near pace
Aviation,Airport Operating Fund,Business Services,Contractual services,15857788.0,11513625.309999999,9,75.0,11893341.0,4344162.690000001,72.60549396927237,-379715.69000000134,-2.3945060307276265,15351500.413333332,-506287.58666666783,Near pace
"Office of Arts, Culture, Music and Entertainment",Historic Preservation Fund,Cultural Education and Heritage Preservation,Other operating costs,15645780.0,1857777.97,5,75.0,11734335.0,13788002.03,11.873987554471558,-9876557.03,-63.126012445528445,2477037.2933333335,-13168742.706666667,Below pace
Austin Convention Center,Convention Center Operating Fund,Event Operations,Personnel & benefits,15590845.0,12416898.82,163,75.0,11693133.75,3173946.1799999997,79.64224402205268,723765.0700000003,4.6422440220526795,16555865.093333334,965020.0933333337,Near pace
Fire,General Fund,Emergency Prevention,Personnel & benefits,15570030.0,11826691.85,44,75.0,11677522.5,3743338.1500000004,75.95805435185417,149169.34999999963,0.9580543518541731,15768922.466666667,198892.4666666668,Near pace
Austin Water,Austin Water Wastewater Utility Operating Fund,"Transfers, Debt Service, and Other Requirements",Other operating costs,15030220.0,12273462.23,10,75.0,11272665.0,2756757.7699999996,81.65856674087271,1000797.2300000004,6.658566740872715,16364616.306666667,1334396.3066666666,Above pace
Austin Convention Center,Town Lake Park Vehicle Rental Tax Fund,"Transfers, Debt Service, and Other Requirements",Transfers & debt service,14998344.0,12265151.600000001,3,75.0,11248758.0,2733192.3999999985,81.77670548161852,1016393.6000000015,6.776705481618521,16353535.466666669,1355191.4666666687,Above pace
"Office of Arts, Culture, Music and Entertainment",Cultural Arts Fund,Cultural Arts,Grants & contributions,14932838.0,4107424.75,8,75.0,11199628.5,10825413.25,27.505988814718275,-7092203.75,-47.49401118528172,5476566.333333333,-9456271.666666668,Below pace
Public Works,Transportation Fund,Transportation Operations,Personnel & benefits,14857430.0,11468859.23,37,75.0,11143072.5,3388570.7699999996,77.19275291890993,325786.73000000045,2.1927529189099317,15291812.306666667,434382.30666666664,Near pace
Public Works,Transportation Fund,General Maintenance,Personnel & benefits,14800365.0,11728261.43,80,75.0,11100273.75,3072103.5700000003,79.24305535708072,627987.6799999997,4.243055357080721,15637681.906666666,837316.9066666663,Near pace
Austin Public Library,General Fund,Support Services,Personnel & benefits,14567852.0,11338481.95,103,75.0,10925889.0,3229370.0500000007,77.83221541514837,412592.94999999925,2.8322154151483687,15117975.933333332,550123.9333333317,Near pace
Austin Public Library,General Fund,"Transfers, Debt Service, and Other Requirements",Other operating costs,14366463.0,11686254.2,9,75.0,10774847.25,2680208.8000000007,81.34398981850995,911406.9499999993,6.343989818509954,15581672.266666666,1215209.2666666657,Above pace
Development Services,Development Services Fund,Support Services,Personnel & benefits,14325479.0,9762762.54,169,75.0,10744109.25,4562716.460000001,68.14964120920493,-981346.7100000009,-6.85035879079507,13017016.719999999,-1308462.2800000012,Below pace
Financial Services,Downtown Public Improvement District Fund,Public Improvement District,Contractual services,14274964.0,3229714.83,3,75.0,10706223.0,11045249.17,22.62502959727254,-7476508.17,-52.374970402727456,4306286.44,-9968677.559999999,Below pace
Law,Support Services Fund,Legal Services,Personnel & benefits,14269830.0,11254039.879999999,71,75.0,10702372.5,3015790.120000001,78.8659702323013,551667.379999999,3.8659702323012937,15005386.506666666,735556.5066666659,Near pace
Financial Services,Mueller Tax Increment Financing Fund,"Transfers, Debt Service, and Other Requirements",Transfers & debt service,13896782.0,11580651.7,1,75.0,10422586.5,2316130.3000000007,83.33333357319702,1158065.1999999993,8.333333573197024,15440868.933333332,1544086.9333333317,Above pace
Austin Water,Austin Water Wastewater Utility Operating Fund,Operations,Contractual services,13377448.0,10166450.84,75,75.0,10033086.0,3210997.16,75.99693783149073,133364.83999999985,0.996937831490726,13555267.786666667,177819.7866666671,Near pace
Aviation,Airport Operating Fund,"Facilities Management, Operations and Airport Security",Contractual services,13248500.0,9229310.06,52,75.0,9936375.0,4019189.9399999995,69.6630566479224,-707064.9399999995,-5.336943352077597,12305746.746666668,-942753.253333332,Below pace
Public Works,Transportation Fund,"Transfers, Debt Service, and Other Requirements",Contractual services,12977928.0,10814940.0,1,75.0,9733446.0,2162988.0,83.33333333333333,1081494.0,8.333333333333329,14419920.0,1441992.0,Above pace
Financial Services,Support Services Fund,Central Procurement,Personnel & benefits,12975691.0,11391619.26,48,75.0,9731768.25,1584071.7400000002,87.7920047572033,1659851.0099999998,12.792004757203301,15188825.68,2213134.6799999997,Above pace
Austin Conv & Visitors Bureau,Tourism And Promotion Fund,Tourism and Promotion Contracts,Contractual services,12913215.0,9684912.06,1,75.0,9684911.25,3228302.9399999995,75.00000627264396,0.8100000005215406,6.272643958027402e-06,12913216.08,1.0800000000745058,Near pace
Watershed Protection,Drainage Utility Fund,Support Services,Personnel & benefits,12831817.0,10366604.79,119,75.0,9623862.75,2465212.210000001,80.78828423129787,742742.0399999991,5.788284231297865,13822139.719999999,990322.7199999988,Above pace
Development Services,Austin Code Fund,Investigations and Compliance,Personnel & benefits,12770221.0,10241244.98,121,75.0,9577665.75,2528976.0199999996,80.1963018494355,663579.2300000004,5.1963018494355,13654993.306666667,884772.3066666666,Above pace
Watershed Protection,Drainage Utility Fund,"Planning, Monitoring, & Compliance",Personnel & benefits,12746946.0,10666328.49,131,75.0,9560209.5,2080617.5099999998,83.67752158046328,1106118.9900000002,8.677521580463278,14221771.32,1474825.3200000003,Above pace
Public Works,Transportation Fund,Street Preventive Maintenance,Contractual services,12471248.0,7958816.609999999,15,75.0,9353436.0,4512431.390000001,63.81732293351876,-1394619.3900000006,-11.18267706648124,10611755.479999999,-1859492.5200000014,Below pace
Austin Resource Recovery,Austin Resource Recovery Fund,Collection Services,Contractual services,12364313.0,7022951.13,34,75.0,9273234.75,5341361.87,56.80017264202225,-2250283.62,-18.199827357977753,9363934.84,-3000378.16,Below pace
Austin Energy,Austin Energy Fund,Support Services,Other operating costs,12135494.0,-10677469.309999997,962,75.0,9101620.5,22812963.309999995,-87.98545250815498,-19779089.809999995,-162.985452508155,-14236625.746666662,-26372119.746666662,Below pace
Austin Water,Austin Water Water Utility Operating Fund,"Environmental, Planning, and Development Services",Personnel & benefits,12106198.0,8831662.18,71,75.0,9079648.5,3274535.8200000003,72.95157554832657,-247986.3200000003,-2.0484244516734265,11775549.573333332,-330648.4266666677,Near pace
"Office of Arts, Culture, Music and Entertainment",Historic Preservation Fund,Transfers and Other Requirements,Transfers & debt service,12104490.0,9453246.67,5,75.0,9078367.5,2651243.33,78.09702573177391,374879.1699999999,3.097025731773911,12604328.893333333,499838.8933333326,Near pace
Emergency Medical Services,General Fund,"Transfers, Debt Service, and Other Requirements",Other operating costs,11996258.0,10096949.6,10,75.0,8997193.5,1899308.4000000004,84.16749289653491,1099756.0999999996,9.16749289653491,13462599.466666667,1466341.4666666668,Above pace
Fire,General Fund,"Transfers, Debt Service, and Other Requirements",Grants & contributions,11923077.0,9144286.24,1,75.0,8942307.75,2778790.76,76.69401313100637,201978.49000000022,1.694013131006372,12192381.653333334,269304.65333333425,Near pace
Public Works,Transportation Fund,One Stop Shop,Personnel & benefits,11789474.0,9080764.74,57,75.0,8842105.5,2708709.26,77.0243417136337,238659.24000000022,2.024341713633703,12107686.32,318212.3200000003,Near pace
Austin Water,Austin Water Water Utility Operating Fund,Customer Experience,Personnel & benefits,11740149.0,8371083.99,105,75.0,8805111.75,3369065.01,71.30304726115486,-434027.7599999998,-3.696952738845141,11161445.32,-578703.6799999997,Near pace
Human Resources,Employee Benefits Fund,Employee Dental,Other operating costs,11718038.0,10903475.77,1,75.0,8788528.5,814562.2300000004,93.04864662497255,2114947.2699999996,18.048646624972548,14537967.693333333,2819929.6933333334,Above pace
Communications & Technology Management,"Combined Transportation, Emergency & Communications Ctr Fund",CTECC and Public Safety IT Support,Contractual services,11563929.0,7260096.07,31,75.0,8672946.75,4303832.93,62.78226085615019,-1412850.6799999997,-12.217739143849812,9680128.093333334,-1883800.9066666663,Below pace
Watershed Protection,Drainage Utility Fund,Field Operations,Other operating costs,11472793.0,6719243.4,294,75.0,8604594.75,4753549.6,58.566762252225764,-1885351.3499999996,-16.433237747774236,8958991.200000001,-2513801.799999999,Below pace
Public Works,Transportation Fund,"Transfers, Debt Service, and Other Requirements",Other operating costs,11384286.0,9172098.73,11,75.0,8538214.5,2212187.2699999996,80.56806311788021,633884.2300000004,5.5680631178802145,12229464.973333335,845178.9733333346,Above pace
Building Services,Facilities Management Fund,Facility and Project Management,Personnel & benefits,11227731.0,7852383.850000001,145,75.0,8420798.25,3375347.1499999994,69.93740632011935,-568414.3999999994,-5.062593679880649,10469845.133333335,-757885.8666666653,Below pace
Financial Services,Waller Creek Reserve Fund,"Transfers, Debt Service, and Other Requirements",Transfers & debt service,11197012.0,11098981.0,1,75.0,8397759.0,98031.0,99.12448964062912,2701222.0,24.124489640629122,14798641.333333334,3601629.333333334,Above pace
Emergency Medical Services,General Fund,Operations,Other operating costs,11111018.0,12822110.18,111,75.0,8333263.5,-1711092.1799999997,115.39995867165366,4488846.68,40.399958671653664,17096146.906666666,5985128.906666666,Above pace
Aviation,Airport Operating Fund,Support Services,Contractual services,10994608.0,6033833.86,70,75.0,8245956.0,4960774.14,54.87993623783586,-2212122.1399999997,-20.120063762164143,8045111.8133333335,-2949496.1866666665,Below pace
Animal Services,General Fund,Animal Services,Personnel & benefits,10897581.0,8007698.13,101,75.0,8173185.75,2889882.87,73.48142794258652,-165487.6200000001,-1.5185720574134791,10676930.84,-220650.16000000015,Near pace
Communications & Technology Management,Information and Technology Fund,Customer Delivery,Personnel & benefits,10887047.0,8623162.92,92,75.0,8165285.25,2263884.08,79.20571041899608,457877.6699999999,4.205710418996077,11497550.56,610503.5600000005,Near pace
Austin Water,Austin Water Wastewater Utility Operating Fund,Engineering and Technical Services,Personnel & benefits,10865942.0,10498618.6,80,75.0,8149456.5,367323.4000000004,96.61949787694431,2349162.0999999996,21.61949787694431,13998158.133333333,3132216.133333333,Above pace
Austin Energy,Austin Energy Fund,Customer Energy Solutions,Grants & contributions,10860000.0,7347496.869999999,12,75.0,8145000.0,3512503.130000001,67.65650893186003,-797503.1300000008,-7.3434910681399685,9796662.493333332,-1063337.5066666678,Below pace
Austin Energy,Austin Energy Fund,Customer Energy Solutions,Personnel & benefits,10764666.0,8920097.76,120,75.0,8073499.5,1844568.2400000002,82.86460313770999,846598.2599999998,7.864603137709992,11893463.68,1128797.6799999997,Above pace
Austin Water,Austin Water Water Utility Operating Fund,"Transfers, Debt Service, and Other Requirements",Contractual services,10696148.0,8913456.7,1,75.0,8022111.0,1782691.3000000007,83.33333364497199,891345.6999999993,8.333333644971987,11884608.933333332,1188460.9333333317,Above pace
Austin Public Health,General Fund,"Transfers, Debt Service, and Other Requirements",Contractual services,10601374.0,8838451.6,2,75.0,7951030.5,1762922.4000000004,83.37081212303235,887421.0999999996,8.370812123032351,11784602.133333333,1183228.1333333328,Above pace
Building Services,Facilities Management Fund,Facility and Project Management,Contractual services,10469492.0,8173638.06,204,75.0,7852119.0,2295853.9400000004,78.0710091759944,321519.0599999996,3.071009175994405,10898184.08,428692.0800000001,Near pace
Development Services,Development Services Fund,Land Development Review,Personnel & benefits,10303017.0,7544140.77,103,75.0,7727262.75,2758876.2300000004,73.22263731099346,-183121.98000000045,-1.7773626890065373,10058854.36,-244162.6400000006,Near pace
Emergency Medical Services,General Fund,Clinical Navigation,Personnel & benefits,10263754.0,6829271.08,57,75.0,7697815.5,3434482.92,66.53775100221615,-868544.4199999999,-8.462248997783846,9105694.773333333,-1158059.2266666666,Below pace
Public Works,Transportation Fund,"Transfers, Debt Service, and Other Requirements",Transfers & debt service,10247228.0,8428498.49,9,75.0,7685421.0,1818729.5099999998,82.25149757573463,743077.4900000002,7.251497575734632,11237997.986666666,990769.9866666663,Above pace
Austin Resource Recovery,Austin Resource Recovery Fund,Support Services,Personnel & benefits,10068354.0,8478595.47,103,75.0,7551265.5,1589758.5299999993,84.21034331927544,927329.9700000007,9.210343319275438,11304793.96,1236439.960000001,Above pace
Watershed Protection,Drainage Utility Fund,"Transfers, Debt Service, and Other Requirements",Other operating costs,10010517.0,8354093.6,12,75.0,7507887.75,1656423.4000000004,83.45316830289585,846205.8499999996,8.453168302895847,11138791.466666667,1128274.4666666668,Above pace
Public Works,Transportation Fund,Street Preventive Maintenance,Other operating costs,9997137.0,7207682.56,91,75.0,7497852.75,2789454.4400000004,72.09746710483212,-290170.1900000004,-2.90253289516788,9610243.413333332,-386893.58666666783,Near pace
Austin Water,Austin Water Water Utility Operating Fund,Engineering and Technical Services,Personnel & benefits,9993759.0,6390376.76,79,75.0,7495319.25,3603382.24,63.94367484747231,-1104942.4900000002,-11.056325152527691,8520502.346666666,-1473256.6533333343,Below pace
Austin Water,S-Wastewater Impact Fees,Wastewater Cip Transfers To,Transfers & debt service,9990000.0,9990163.62,1,75.0,7492500.0,-163.61999999918044,100.00163783783782,2497663.619999999,25.00163783783782,13320218.159999998,3330218.1599999983,Above pace
Austin Energy,Austin Energy Fund,Customer Energy Solutions,Contractual services,9934269.0,4947852.27,44,75.0,7450701.75,4986416.73,49.80590187360539,-2502849.4800000004,-25.194098126394607,6597136.359999999,-3337132.6400000006,Below pace
Communications & Technology Management,"Combined Transportation, Emergency & Communications Ctr Fund",CTECC and Public Safety IT Support,"Supplies, technology & equipment",9898195.0,9611195.42,36,75.0,7423646.25,286999.5800000001,97.10048569461402,2187549.17,22.100485694614022,12814927.226666667,2916732.2266666666,Above pace
Neighborhood Housing & Community Development,General Fund,Support Services,Personnel & benefits,9823653.0,7798309.13,55,75.0,7367739.75,2025343.87,79.38298645117045,430569.3799999999,4.382986451170453,10397745.506666666,574092.5066666659,Near pace
Public Works,Parking Management Fund,Parking and Mobility Management,Personnel & benefits,9720381.0,7065660.99,58,75.0,7290285.75,2654720.01,72.68913625916515,-224624.75999999978,-2.310863740834847,9420881.32,-299499.6799999997,Near pace
Austin Resource Recovery,Austin Resource Recovery Fund,"Transfers, Debt Service, and Other Requirements",Other operating costs,9590972.0,6599905.64,9,75.0,7193229.0,2991066.3600000003,68.8137306625439,-593323.3600000003,-6.186269337456096,8799874.186666666,-791097.8133333344,Below pace
Emergency Medical Services,General Fund,"Transfers, Debt Service, and Other Requirements",Contractual services,9583772.0,7990068.6,1,75.0,7187829.0,1593703.4000000004,83.3708126612361,802239.5999999996,8.370812661236101,10653424.799999999,1069652.7999999989,Above pace
Public Works,Transportation Fund,Asset and Facility Management,Other operating costs,9534500.0,6628247.4399999995,97,75.0,7150875.0,2906252.5600000005,69.51856353243484,-522627.5600000005,-5.48143646756516,8837663.253333332,-696836.746666668,Below pace
Financial Services,Support Services Fund,Accounting and Reporting,Contractual services,9518222.0,6949624.569999999,27,75.0,7138666.5,2568597.4300000006,73.01389450676817,-189041.93000000063,-1.9861054932318325,9266166.093333332,-252055.90666666813,Near pace
Human Resources,Employee Benefits Fund,Employee Medical,Contractual services,9428000.0,7473792.98,3,75.0,7071000.0,1954207.0199999996,79.27230568519305,402792.98000000045,4.2723056851930465,9965057.306666667,537057.3066666666,Near pace
Austin Energy,Austin Energy Fund,Customer Care,"Supplies, technology & equipment",9426627.0,4145685.9499999997,100,75.0,7069970.25,5280941.050000001,43.97846599849554,-2924284.3000000003,-31.021534001504463,5527581.266666667,-3899045.7333333334,Below pace
Financial Services,GCP-Interest Income Fund,Interfund Transfers-Other,Transfers & debt service,9340294.0,9340294.0,1,75.0,7005220.5,0.0,100.0,2335073.5,25.0,12453725.333333334,3113431.333333334,Above pace
Mayor & Council,Support Services Fund,Mayor and City Council Offices,Personnel & benefits,9332262.0,7297869.59,134,75.0,6999196.5,2034392.4100000001,78.20043618578218,298673.08999999985,3.2004361857821806,9730492.786666667,398230.7866666671,Near pace
Forensic Science,General Fund,Forensic Integrity and Laboratory Services,Personnel & benefits,9279562.0,7582826.63,103,75.0,6959671.5,1696735.37,81.71535068142225,623155.1299999999,6.715350681422251,10110435.506666666,830873.5066666659,Above pace
Public Works,Capital Projects Management Fund,Project Delivery Support,Personnel & benefits,9220769.0,6786221.47,52,75.0,6915576.75,2434547.5300000003,73.59713132386247,-129355.28000000026,-1.4028686761375297,9048295.293333333,-172473.706666667,Near pace
Parks & Recreation,General Fund,"Transfers, Debt Service, and Other Requirements",Contractual services,9112974.0,7597560.4,1,75.0,6834730.5,1515413.5999999996,83.3708117679256,762829.9000000004,8.370811767925602,10130080.533333333,1017106.5333333332,Above pace
Public Works,Transportation Fund,Transportation Engineering,Personnel & benefits,9102082.0,7646205.74,61,75.0,6826561.5,1455876.2599999998,84.00501929119073,819644.2400000002,9.005019291190735,10194940.986666666,1092858.9866666663,Above pace
Parks & Recreation,General Fund,Community Services,Contractual services,9041769.0,5179224.37,467,75.0,6781326.75,3862544.63,57.281095878472456,-1602102.38,-17.718904121527544,6905632.493333333,-2136136.506666667,Below pace
Austin Water,Austin Water Community Benefit Charge Fund,"Transfers, Debt Service, and Other Requirements",Other operating costs,8994648.0,6920514.38,2,75.0,6745986.0,2074133.62,76.94035808849885,174528.3799999999,1.9403580884988543,9227352.506666666,232704.5066666659,Near pace
Financial Services,Support Services Fund,Accounting and Reporting,Personnel & benefits,8990697.0,7500768.37,56,75.0,6743022.75,1489928.63,83.42810763169975,757745.6200000001,8.428107631699746,10001024.493333334,1010327.4933333341,Above pace
Fire,General Fund,Fire / Emergency Response,Other operating costs,8942594.0,13768717.430000002,211,75.0,6706945.5,-4826123.430000002,153.96782443662323,7061771.930000002,78.96782443662323,18358289.90666667,9415695.90666667,Above pace
Austin Convention Center,Convention Center Operating Fund,Event Operations,Contractual services,8856288.0,6187608.94,60,75.0,6642216.0,2668679.0599999996,69.86684421283499,-454607.0599999996,-5.133155787165009,8250145.253333334,-606142.7466666661,Below pace
Public Works,Transportation Fund,Transportation Operations,Contractual services,8595228.0,5818661.38,28,75.0,6446421.0,2776566.62,67.69641689551459,-627759.6200000001,-7.303583104485412,7758215.173333333,-837012.8266666671,Below pace
Austin Water,Austin Water Wastewater Utility Operating Fund,"Transfers, Debt Service, and Other Requirements",Contractual services,8562283.0,7135235.8,1,75.0,6421712.25,1427047.2000000002,83.33333294402907,713523.5499999998,8.333332944029067,9513647.733333332,951364.7333333325,Above pace
Communications & Technology Management,Information and Technology Fund,Enterprise Operations & Technology,"Supplies, technology & equipment",8552767.0,7338115.68,42,75.0,6414575.25,1214651.3200000003,85.7981478976336,923540.4299999997,10.798147897633598,9784154.24,1231387.2400000002,Above pace
Communications & Technology Management,"Combined Transportation, Emergency & Communications Ctr Fund",CTECC and Public Safety IT Support,Personnel & benefits,8494816.0,6325146.76,60,75.0,6371112.0,2169669.24,74.45890246475027,-45965.24000000022,-0.5410975352497331,8433529.013333334,-61286.986666666344,Near pace
Police,General Fund,Support Services,Personnel & benefits,8481346.0,7559437.2700000005,124,75.0,6361009.5,921908.7299999995,89.13016011845289,1198427.7700000005,14.130160118452892,10079249.693333333,1597903.6933333334,Above pace
Austin Energy,Austin Energy Fund,"Power Generation, Market Operations & Resource Planning",Contractual services,8427933.0,4353758.66,92,75.0,6320949.75,4074174.34,51.658676688578325,-1967191.0899999999,-23.341323311421675,5805011.546666667,-2622921.453333333,Below pace
Police,General Fund,Investigations,Other operating costs,8369403.0,9855290.28,715,75.0,6277052.25,-1485887.2799999993,117.75380251136191,3578238.0299999993,42.75380251136191,13140387.04,4770984.039999999,Above pace
Parks & Recreation,General Fund,Support Services,Personnel & benefits,8315309.8,7291209.76,73,75.0,6236482.35,1024100.04,87.68416253114226,1054727.4100000001,12.684162531142263,9721613.013333334,1406303.2133333338,Above pace
Human Resources,Workers' Compensation Fund,Indemnity Payments,Other operating costs,8294466.0,3944621.0,3,75.0,6220849.5,4349845.0,47.55726287864704,-2276228.5,-27.442737121352963,5259494.666666667,-3034971.333333333,Below pace
Emergency Medical Services,General Fund,Emergency Communications,Personnel & benefits,8009768.0,4895534.83,16,75.0,6007326.0,3114233.17,61.11955839420068,-1111791.17,-13.88044160579932,6527379.773333333,-1482388.2266666666,Below pace
Austin Public Health,General Fund,Support Services,Personnel & benefits,7986260.0,5900348.31,108,75.0,5989695.0,2085911.6900000004,73.88124491313832,-89346.69000000041,-1.1187550868616825,7867131.079999999,-119128.92000000086,Near pace
Human Resources,Workers' Compensation Fund,Medical Expenses and Claims Reserve,Contractual services,7983691.0,4651178.33,5,75.0,5987768.25,3332512.67,58.25849635212585,-1336589.92,-16.741503647874147,6201571.106666666,-1782119.8933333335,Below pace
Parks & Recreation,General Fund,"Transfers, Debt Service, and Other Requirements",Other operating costs,7929016.0,6081788.1,9,75.0,5946762.0,1847227.9000000004,76.70293640471907,135026.09999999963,1.7029364047190683,8109050.8,180034.7999999998,Near pace
Watershed Protection,Drainage Utility Fund,Project Design and Delivery,Personnel & benefits,7770702.0,6282914.91,69,75.0,5828026.5,1487787.0899999999,80.85389080677653,454888.41000000015,5.853890806776533,8377219.88,606517.8799999999,Above pace
Neighborhood Housing & Community Development,Neighborhood Housing-Housing Trust Fund,Housing,Grants & contributions,7700000.0,0.0,1,75.0,5775000.0,7700000.0,0.0,-5775000.0,-75.0,0.0,-7700000.0,Below pace
Economic Development,Economic Incentives Reserve Fund,Business Incentives and Expansion,Grants & contributions,7663380.0,5019616.54,1,75.0,5747535.0,2643763.46,65.50133935678512,-727918.46,-9.498660643214876,6692822.053333334,-970557.9466666663,Below pace
Aviation,Airport Operating Fund,"Transfers, Debt Service, and Other Requirements",Contractual services,7654670.0,6378891.7,1,75.0,5741002.5,1275778.2999999998,83.33333376879735,637889.2000000002,8.333333768797345,8505188.933333334,850518.9333333336,Above pace
Fire,General Fund,Support Services,Personnel & benefits,7534660.0,6437876.03,71,75.0,5650995.0,1096783.9699999997,85.44348424480998,786881.0300000003,10.44348424480998,8583834.706666667,1049174.706666667,Above pace
Austin Water,Austin Water Wastewater Utility Operating Fund,Customer Experience,Personnel & benefits,7392570.0,7551241.649999999,96,75.0,5544427.5,-158671.64999999944,102.14636655452705,2006814.1499999994,27.14636655452705,10068322.2,2675752.1999999993,Above pace
Public Works,Transportation Fund,Transportation Operations,Other operating costs,7382447.0,4615800.63,127,75.0,5536835.25,2766646.37,62.523992789924534,-921034.6200000001,-12.476007210075466,6154400.84,-1228046.1600000001,Below pace
Communications & Technology Management,Wireless Communication Services Fund,Wireless Communication Services,"Supplies, technology & equipment",7316612.0,6067432.13,37,75.0,5487459.0,1249179.87,82.92679904305436,579973.1299999999,7.926799043054359,8089909.506666667,773297.5066666668,Above pace
Development Services,Development Services Fund,Infrastructure & Environmental Inspections,Personnel & benefits,7255719.0,5257413.8,48,75.0,5441789.25,1998305.2000000002,72.45889483867829,-184375.4500000002,-2.5411051613217097,7009885.066666666,-245833.93333333358,Near pace
Public Works,Transportation Fund,Asset and Facility Management,Personnel & benefits,7253905.0,5960407.7,35,75.0,5440428.75,1293497.2999999998,82.16826247379859,519978.9500000002,7.168262473798592,7947210.266666667,693305.2666666666,Above pace
Austin Resource Recovery,Austin Resource Recovery Fund,Litter Abatement,Personnel & benefits,7171025.0,5218897.85,56,75.0,5378268.75,1952127.1500000004,72.77757154660596,-159370.90000000037,-2.222428453394045,6958530.466666666,-212494.53333333414,Near pace
Management Services,Support Services Fund,Communications and Engagement,Personnel & benefits,7123868.0,5657277.24,78,75.0,5342901.0,1466590.7599999998,79.41299923019348,314376.2400000002,4.412999230193478,7543036.32,419168.3200000003,Near pace
Emergency Medical Services,General Fund,Support Services,Personnel & benefits,7063962.0,5359443.23,87,75.0,5297971.5,1704518.7699999996,75.87021603457097,61471.73000000045,0.8702160345709729,7145924.306666668,81962.30666666757,Near pace
Emergency Medical Services,General Fund,"Transfers, Debt Service, and Other Requirements",Personnel & benefits,7018719.0,5787540.8,2,75.0,5264039.25,1231178.2000000002,82.45864808093899,523501.5499999998,7.4586480809389855,7716721.066666666,698002.0666666664,Above pace
Austin Convention Center,Convention Center Expansion,Interfund Transfers-Other,Transfers & debt service,7000000.0,0.0,1,75.0,5250000.0,7000000.0,0.0,-5250000.0,-75.0,0.0,-7000000.0,Below pace
Municipal Court,General Fund,Municipal Court Operations,Personnel & benefits,6995651.0,5047035.72,69,75.0,5246738.25,1948615.2800000003,72.14533315055311,-199702.53000000026,-2.854666849446886,6729380.96,-266270.04000000004,Near pace
Parks & Recreation,Golf Fund,Community Services,Personnel & benefits,6960938.0,5594664.95,129,75.0,5220703.5,1366273.0499999998,80.37228531557098,373961.4500000002,5.372285315570977,7459553.266666667,498615.2666666666,Above pace
Human Resources,Employee Benefits Fund,Employee Optional Benefit Coverage,"Supplies, technology & equipment",6905589.0,6029270.7,1,75.0,5179191.75,876318.2999999998,87.31001367153475,850078.9500000002,12.310013671534747,8039027.600000001,1133438.6000000006,Above pace
Law,Liability Reserve Fund,Liability Reserve,Other operating costs,6801000.0,1104762.4300000002,67,75.0,5100750.0,5696237.57,16.24411748272313,-3995987.57,-58.75588251727687,1473016.5733333335,-5327983.426666667,Below pace
Police,General Fund,Operations Support,"Supplies, technology & equipment",6796531.0,5994280.7,86,75.0,5097398.25,802250.2999999998,88.1961797864234,896882.4500000002,13.1961797864234,7992374.266666667,1195843.2666666666,Above pace
Public Works,Transportation Fund,Street Preventive Maintenance,Personnel & benefits,6763543.0,5886199.84,29,75.0,5072657.25,877343.1600000001,87.02834949079202,813542.5899999999,12.028349490792024,7848266.453333333,1084723.4533333331,Above pace
Aviation,Airport Operating Fund,"Facilities Management, Operations and Airport Security","Supplies, technology & equipment",6743676.0,5047399.84,134,75.0,5057757.0,1696276.1600000001,74.84641670210728,-10357.160000000149,-0.15358329789272318,6729866.453333333,-13809.546666666865,Near pace
Austin Convention Center,Convention Center Operating Fund,Support Services,Personnel & benefits,6709111.0,5142702.41,56,75.0,5031833.25,1566408.5899999999,76.65251640642106,110869.16000000015,1.6525164064210571,6856936.546666667,147825.54666666687,Near pace
Public Works,Capital Projects Management Fund,Business Enterprises,Personnel & benefits,6692182.0,4926030.84,53,75.0,5019136.5,1766151.1600000001,73.60873986989594,-93105.66000000015,-1.3912601301040581,6568041.12,-124140.87999999989,Near pace
Public Works,Parking Management Fund,"Transfers, Debt Service, and Other Requirements",Transfers & debt service,6651897.0,5401928.25,4,75.0,4988922.75,1249968.75,81.20883786985878,413005.5,6.208837869858783,7202571.0,550674.0,Above pace
Austin Resource Recovery,Austin Resource Recovery Fund,Operations Support,Personnel & benefits,6644039.0,5283048.01,74,75.0,4983029.25,1360990.9900000002,79.51560805106652,300018.7599999998,4.515608051066522,7044064.013333333,400025.0133333327,Near pace
Financial Services,Support Services Fund,"Transfers, Debt Service, and Other Requirements",Contractual services,6622220.0,3956285.97,3,75.0,4966665.0,2665934.03,59.742593420333364,-1010379.0299999998,-15.257406579666636,5275047.96,-1347172.04,Below pace
Austin Water,Austin Water Water Utility Operating Fund,"Transfers, Debt Service, and Other Requirements",Personnel & benefits,6602620.0,5444796.14,1,75.0,4951965.0,1157823.8600000003,82.46417543338856,492831.13999999966,7.4641754333885615,7259728.1866666665,657108.1866666665,Above pace
Communications & Technology Management,Information and Technology Fund,Information Security,Contractual services,6577748.0,3052094.44,20,75.0,4933311.0,3525653.56,46.40029444727892,-1881216.56,-28.599705552721083,4069459.2533333334,-2508288.7466666666,Below pace
Police,General Fund,Neighborhood-Based Policing,"Supplies, technology & equipment",6438511.0,4305517.85,121,75.0,4828883.25,2132993.1500000004,66.87132863483497,-523365.4000000004,-8.128671365165033,5740690.466666666,-697820.5333333341,Below pace
Austin Water,Austin Water Wastewater Utility Operating Fund,Operations,"Supplies, technology & equipment",6409348.0,4787967.88,236,75.0,4807011.0,1621380.12,74.70288522327075,-19043.12000000011,-0.297114776729245,6383957.173333333,-25390.826666667126,Near pace
Municipal Court,General Fund,Community Court,Contractual services,6393302.0,2724586.4899999998,16,75.0,4794976.5,3668715.5100000002,42.6162644905559,-2070390.0100000002,-32.3837355094441,3632781.9866666663,-2760520.0133333337,Below pace
Public Works,Transportation Fund,"Transfers, Debt Service, and Other Requirements",Personnel & benefits,6301883.0,5196795.76,2,75.0,4726412.25,1105087.2400000002,82.46417396197295,470383.5099999998,7.464173961972946,6929061.013333333,627178.0133333327,Above pace
Police,General Fund,Operations Support,Other operating costs,6265527.0,7543062.94,433,75.0,4699145.25,-1277535.9400000004,120.38991995405974,2843917.6900000004,45.389919954059735,10057417.253333334,3791890.253333334,Above pace
Development Services,Development Services Fund,"Transfers, Debt Service, and Other Requirements",Contractual services,6263692.0,5219743.3,1,75.0,4697769.0,1043948.7000000002,83.33333280116582,521974.2999999998,8.333332801165824,6959657.733333333,695965.7333333334,Above pace
Austin Water,Austin Water Wastewater Utility Operating Fund,"Environmental, Planning, and Development Services",Personnel & benefits,6222906.0,6259126.44,63,75.0,4667179.5,-36220.44000000041,100.58205025112062,1591946.9400000004,25.58205025112062,8345501.920000001,2122595.920000001,Above pace
Austin Public Health,General Fund,Environmental Health Services,Personnel & benefits,6216551.0,5003415.67,82,75.0,4662413.25,1213135.33,80.48539568001614,341002.4199999999,5.48539568001614,6671220.893333334,454669.89333333354,Above pace
"Office of Arts, Culture, Music and Entertainment",General Fund,Cultural Education and Heritage Preservation,Personnel & benefits,6196166.0,5775315.85,159,75.0,4647124.5,420850.1500000004,93.2078942042547,1128191.3499999996,18.2078942042547,7700421.133333333,1504255.1333333328,Above pace
Austin Public Health,General Fund,Health Equity and Community Engagement,Personnel & benefits,6174080.0,5113456.38,61,75.0,4630560.0,1060623.62,82.82134957758889,482896.3799999999,7.82134957758889,6817941.84,643861.8399999999,Above pace
Municipal Court,General Fund,Social Service Grants,Grants & contributions,6166090.0,4812439.69,2,75.0,4624567.5,1353650.3099999996,78.04686097672918,187872.1900000004,3.046860976729178,6416586.253333334,250496.25333333388,Near pace
Austin Resource Recovery,Austin Resource Recovery Fund,"Transfers, Debt Service, and Other Requirements",Contractual services,6106489.0,5088740.8,1,75.0,4579866.75,1017748.2000000002,83.33333278746592,508874.0499999998,8.33333278746592,6784987.733333333,678498.7333333334,Above pace
Aviation,Airport Operating Fund,Support Services,"Supplies, technology & equipment",6096039.0,3391090.63,76,75.0,4572029.25,2704948.37,55.62777124621414,-1180938.62,-19.372228753785862,4521454.173333333,-1574584.8266666671,Below pace
Building Services,Facilities Management Fund,Facility and Project Management,Other operating costs,6084928.0,3281301.82,295,75.0,4563696.0,2803626.18,53.92507224407586,-1282394.1800000002,-21.074927755924143,4375069.093333333,-1709858.9066666672,Below pace
Austin Public Health,General Fund,"Transfers, Debt Service, and Other Requirements",Other operating costs,6079537.0,5058084.38,12,75.0,4559652.75,1021452.6200000001,83.19851297886665,498431.6299999999,8.198512978866646,6744112.506666667,664575.5066666668,Above pace
Austin Water,Austin Water Wastewater Utility Operating Fund,"Transfers, Debt Service, and Other Requirements",Personnel & benefits,6070317.0,5005837.5,1,75.0,4552737.75,1064479.5,82.46418597249534,453099.75,7.464185972495343,6674450.0,604133.0,Above pace
Aviation,Airport Operating Fund,"Transfers, Debt Service, and Other Requirements",Personnel & benefits,6015970.0,4961019.96,1,75.0,4511977.5,1054950.04,82.46417385724995,449042.45999999996,7.464173857249946,6614693.28,598723.2800000003,Above pace
Parks & Recreation,General Fund,Community Services,Other operating costs,5948547.4,5295187.01,1772,75.0,4461410.550000001,653360.3900000006,89.01647165154975,833776.459999999,14.01647165154975,7060249.346666667,1111701.9466666663,Above pace
Aviation,Airport Operating Fund,Support Services,Other operating costs,5834104.0,4168415.36,346,75.0,4375578.0,1665688.6400000001,71.44910958049428,-207162.64000000013,-3.55089041950572,5557887.1466666665,-276216.8533333335,Near pace
Management Services,Support Services Fund,Budget and Organizational Excellence,Personnel & benefits,5761090.0,4643332.49,47,75.0,4320817.5,1117757.5099999998,80.59815920251202,322514.9900000002,5.598159202512022,6191109.986666667,430019.9866666673,Above pace
Emergency Medical Services,General Fund,Clinical Navigation,"Supplies, technology & equipment",5734927.0,3714376.84,40,75.0,4301195.25,2020550.1600000001,64.76763941371878,-586818.4100000001,-10.232360586281217,4952502.453333333,-782424.5466666669,Below pace
Austin Public Health,General Fund,Disease Prevention & Health Promotion,Personnel & benefits,5680522.0,4817854.34,66,75.0,4260391.5,862667.6600000001,84.81358473745898,557462.8399999999,9.813584737458982,6423805.786666666,743283.7866666662,Above pace
Watershed Protection,Drainage Utility Fund,"Transfers, Debt Service, and Other Requirements",Contractual services,5663550.0,4719625.0,1,75.0,4247662.5,943925.0,83.33333333333333,471962.5,8.333333333333329,6292833.333333333,629283.333333333,Above pace
Municipal Court,General Fund,"Transfers, Debt Service, and Other Requirements",Contractual services,5616922.0,4682873.5,1,75.0,4212691.5,934048.5,83.37081234170601,470182.0,8.370812341706014,6243831.333333333,626909.333333333,Above pace
Development Services,Austin Code Fund,Support Services,Personnel & benefits,5596509.0,5477617.13,125,75.0,4197381.75,118891.87000000011,97.8756065611616,1280235.38,22.875606561161604,7303489.506666667,1706980.5066666668,Above pace
Austin Water,Austin Water Water Utility Operating Fund,Support Services,Contractual services,5547889.0,4892623.46,66,75.0,4160916.75,655265.54,88.18892122751555,731706.71,13.18892122751555,6523497.946666666,975608.9466666663,Above pace
Austin Water,Austin Water Water Utility Operating Fund,Operations,"Supplies, technology & equipment",5534248.0,3392532.96,258,75.0,4150686.0,2141715.04,61.300703546353546,-758153.04,-13.699296453646454,4523377.28,-1010870.7199999997,Below pace
Human Resources,Workers' Compensation Fund,Operations and Administration,Contractual services,5452969.0,4328167.27,4,75.0,4089726.75,1124801.7300000004,79.37267330879746,238440.51999999955,4.372673308797459,5770889.693333332,317920.6933333324,Near pace
Communications & Technology Management,Information and Technology Fund,Customer Delivery,"Supplies, technology & equipment",5386260.0,4782133.66,28,75.0,4039695.0,604126.3399999999,88.78393653481265,742438.6600000001,13.783936534812653,6376178.213333334,989918.2133333338,Above pace
Austin Water,Austin Water Water Utility Operating Fund,"Environmental, Planning, and Development Services",Other operating costs,5384947.0,1497467.35,199,75.0,4038710.25,3887479.65,27.80839532868197,-2541242.9,-47.19160467131803,1996623.1333333335,-3388323.866666666,Below pace
Parks & Recreation,General Fund,"Transfers, Debt Service, and Other Requirements",Personnel & benefits,5360056.0,4420125.8,1,75.0,4020042.0,939930.2000000002,82.46417201611327,400083.7999999998,7.464172016113267,5893501.066666666,533445.0666666664,Above pace
Communications & Technology Management,Wireless Communication Services Fund,Wireless Communication Services,Personnel & benefits,5326732.0,3414219.88,55,75.0,3995049.0,1912512.12,64.09595752142214,-580829.1200000001,-10.904042478577864,4552293.173333333,-774438.8266666671,Below pace
Nondepartmental,Support Services Fund,"Transfers, Debt Service, and Other Requirements",Transfers & debt service,5313132.0,4670147.0,3,75.0,3984849.0,642985.0,87.89819262913099,685298.0,12.898192629130989,6226862.666666667,913730.666666667,Above pace
Aviation,Airport Operating Fund,"Transfers, Debt Service, and Other Requirements",Other operating costs,5278770.0,4450573.9,5,75.0,3959077.5,828196.0999999996,84.31081293558917,491496.4000000004,9.31081293558917,5934098.533333334,655328.5333333341,Above pace
Financial Services,Mueller Local Government Corp,Mueller Development,Transfers & debt service,5255966.0,455568.63,2,75.0,3941974.5,4800397.37,8.667647964237212,-3486405.87,-66.3323520357628,607424.84,-4648541.16,Below pace
Fleet Services,Fleet Services Fund,Support Services,Personnel & benefits,5254857.0,2736564.2,36,75.0,3941142.75,2518292.8,52.076853851589114,-1204578.5499999998,-22.923146148410886,3648752.266666667,-1606104.733333333,Below pace
Financial Services,Support Services Fund,Financial Systems Information Technology,Personnel & benefits,5237021.0,4427320.23,11,75.0,3927765.75,809700.7699999996,84.53890541970331,499554.48000000045,9.538905419703312,5903093.640000001,666072.6400000006,Above pace
Management Services,Support Services Fund,City Manager's Office,Personnel & benefits,5095713.0,3773313.58,103,75.0,3821784.75,1322399.42,74.0487853220933,-48471.169999999925,-0.9512146779067052,5031084.773333333,-64628.22666666657,Near pace
Police,General Fund,Investigations,Grants & contributions,5075606.0,3403175.1999999997,41,75.0,3806704.5,1672430.8000000003,67.0496330881475,-403529.3000000003,-7.950366911852498,4537566.933333333,-538039.0666666673,Below pace
Homeless Strategy Office,Neighborhood Housing-Housing Trust Fund,Homeless Diversion Services,Grants & contributions,5057474.0,0.0,2,75.0,3793105.5,5057474.0,0.0,-3793105.5,-75.0,0.0,-5057474.0,Below pace
Human Resources,Employee Benefits Fund,Support Services,Contractual services,5015630.0,2709096.4299999997,6,75.0,3761722.5,2306533.5700000003,54.013083700352695,-1052626.0700000003,-20.986916299647305,3612128.573333333,-1403501.4266666672,Below pace
Homeless Strategy Office,General Fund,Homeless Strategy Office,Grants & contributions,5000000.0,2188783.56,2,75.0,3750000.0,2811216.44,43.7756712,-1561216.44,-31.224328800000002,2918378.08,-2081621.92,Below pace
Austin Convention Center,Convention Center Palmer Events Center Operating Fund,Event Operations,Personnel & benefits,4996360.0,3587229.88,88,75.0,3747270.0,1409130.12,71.79686571824288,-160040.1200000001,-3.203134281757116,4782973.173333333,-213386.82666666713,Near pace
Austin Convention Center,Convention Center Palmer Events Center Operating Fund,"Transfers, Debt Service, and Other Requirements",Transfers & debt service,4994360.0,5254004.0,2,75.0,3745770.0,-259644.0,105.19874418343892,1508234.0,30.19874418343892,7005338.666666667,2010978.666666667,Above pace
Development Services,Development Services Fund,Support Services,Other operating costs,4988773.0,1386189.0,279,75.0,3741579.75,3602584.0,27.78617106851725,-2355390.75,-47.21382893148275,1848252.0,-3140521.0,Below pace
Austin Energy,Austin Energy Fund,"Power Generation, Market Operations & Resource Planning","Supplies, technology & equipment",4983961.0,2584524.07,132,75.0,3737970.75,2399436.93,51.8568277319987,-1153446.6800000002,-23.1431722680013,3446032.0933333333,-1537928.9066666667,Below pace
Neighborhood Housing & Community Development,Neighborhood Housing University Neighborhood Overlay Fund,Housing,Grants & contributions,4956769.0,0.0,2,75.0,3717576.75,4956769.0,0.0,-3717576.75,-75.0,0.0,-4956769.0,Below pace
Enterprise Debt Service,Convention Center Waller Creek Venue Debt Service Fund,"Transfers, Debt Service, and Other Requirements",Transfers & debt service,4915875.0,1750875.0,3,75.0,3686906.25,3165000.0,35.616751849874134,-1936031.25,-39.383248150125866,2334500.0,-2581375.0,Below pace
Austin Public Health,General Fund,"Transfers, Debt Service, and Other Requirements",Personnel & benefits,4877971.0,2103807.22,2,75.0,3658478.25,2774163.78,43.12873569769071,-1554671.0299999998,-31.871264302309292,2805076.2933333335,-2072894.7066666665,Below pace
Development Services,Austin Code Fund,"Transfers, Debt Service, and Other Requirements",Other operating costs,4826465.0,4062529.1,8,75.0,3619848.75,763935.8999999999,84.1719374324687,442680.3500000001,9.171937432468695,5416705.466666667,590240.4666666668,Above pace
Human Resources,Employee Benefits Fund,City-Funded Benefits,Other operating costs,4818243.0,4417603.3,4,75.0,3613682.25,400639.7000000002,91.68494200064214,803921.0499999998,16.68494200064214,5890137.733333333,1071894.7333333334,Above pace
Austin Water,Austin Water Wastewater Utility Operating Fund,Support Services,Contractual services,4803471.0,3736253.02,66,75.0,3602603.25,1067217.98,77.78235821554871,133649.77000000002,2.7823582155487117,4981670.693333333,178199.69333333336,Near pace
"Office of Arts, Culture, Music and Entertainment",Live Music Fund,Music and Entertainment,Grants & contributions,4800000.0,968000.0,1,75.0,3600000.0,3832000.0,20.166666666666668,-2632000.0,-54.83333333333333,1290666.6666666667,-3509333.333333333,Below pace
Homeless Strategy Office,Pay for Success Reserve Fund,Pay for Success,Grants & contributions,4760739.0,0.0,1,75.0,3570554.25,4760739.0,0.0,-3570554.25,-75.0,0.0,-4760739.0,Below pace
Aviation,Airport Operating Fund,Airport Planning & Development,Personnel & benefits,4754700.0,4094212.36,45,75.0,3566025.0,660487.6400000001,86.1087420867773,528187.3599999999,11.108742086777298,5458949.8133333335,704249.8133333335,Above pace
Police,General Fund,Support Services,Other operating costs,4717849.0,3025873.51,222,75.0,3538386.75,1691975.4900000002,64.13671802552392,-512513.2400000002,-10.863281974476081,4034498.013333333,-683350.9866666668,Below pace
Financial Services,Support Services Fund,Support Services,Personnel & benefits,4714651.0,4414264.84,67,75.0,3535988.25,300386.16000000015,93.62866604548248,878276.5899999999,18.628666045482476,5885686.453333333,1171035.4533333331,Above pace
Austin Public Health,General Fund,Community Services,Personnel & benefits,4696543.0,4001263.32,113,75.0,3522407.25,695279.6800000002,85.1959264505829,478856.06999999983,10.195926450582903,5335017.76,638474.7599999998,Above pace
Financial Services,Support Services Fund,Real Estate and Facilities Governance,Personnel & benefits,4675764.0,3842186.35,44,75.0,3506823.0,833577.6499999999,82.1723754663409,335363.3500000001,7.172375466340895,5122915.133333334,447151.13333333377,Above pace
Financial Services,Support Services Fund,"Transfers, Debt Service, and Other Requirements",Other operating costs,4661874.0,3972658.8,5,75.0,3496405.5,689215.2000000002,85.21591960657881,476253.2999999998,10.215919606578808,5296878.399999999,635004.3999999994,Above pace
Watershed Protection,Regional Stm Wtr Programs,Drainage Cip Transfers To,Transfers & debt service,4661667.0,3496250.25,1,75.0,3496250.25,1165416.75,75.0,0.0,0.0,4661667.0,0.0,Near pace
Human Resources,Employee Benefits Fund,Employee Medical,Grants & contributions,4633525.0,4472251.29,1,75.0,3475143.75,161273.70999999996,96.51941642701831,997107.54,21.519416427018314,5963001.72,1329476.7199999997,Above pace
Communications & Technology Management,Information and Technology Fund,Customer Engagement,Personnel & benefits,4607995.0,4864757.0,36,75.0,3455996.25,-256762.0,105.57209806000223,1408760.75,30.572098060002233,6486342.666666667,1878347.666666667,Above pace
Municipal Court,General Fund,Community Court,Personnel & benefits,4591374.0,3896166.4699999997,54,75.0,3443530.5,695207.5300000003,84.85839903262074,452635.96999999974,9.858399032620738,5194888.626666666,603514.626666666,Above pace
Austin Water,Austin Water Water Utility Operating Fund,Customer Experience,Other operating costs,4587853.0,3666163.31,233,75.0,3440889.75,921689.69,79.91021748081292,225273.56000000006,4.910217480812918,4888217.746666667,300364.74666666705,Near pace
Economic Development,General Fund,Social Services Grants- EDD,Grants & contributions,4565557.0,3368264.8899999997,2,75.0,3424167.75,1197292.1100000003,73.77555224915601,-55902.860000000335,-1.2244477508439928,4491019.853333333,-74537.14666666742,Near pace
Communications & Technology Management,Information and Technology Fund,Information Security,Personnel & benefits,4492074.0,3359156.0500000003,44,75.0,3369055.5,1132917.9499999997,74.77962406674511,-9899.44999999972,-0.22037593325488558,4478874.733333333,-13199.266666666605,Near pace
Development Services,Development Services Fund,"Transfers, Debt Service, and Other Requirements",Other operating costs,4472062.0,3788132.8,7,75.0,3354046.5,683929.2000000002,84.70662526592878,434086.2999999998,9.706625265928778,5050843.733333333,578781.7333333334,Above pace
Fire,General Fund,Operations Support,"Supplies, technology & equipment",4453171.0,1930434.12,124,75.0,3339878.25,2522736.88,43.34965174254481,-1409444.13,-31.650348257455192,2573912.16,-1879258.8399999999,Below pace
Austin Resource Recovery,Austin Resource Recovery Fund,Waste Diversion,Personnel & benefits,4442176.0,3410192.25,77,75.0,3331632.0,1031983.75,76.76850827162184,78560.25,1.7685082716218403,4546923.0,104747.0,Near pace
Management Services,Support Services Fund,Emergency Management,Personnel & benefits,4408273.0,3172148.44,37,75.0,3306204.75,1236124.56,71.95898348400836,-134056.31000000006,-3.041016515991643,4229531.253333333,-178741.74666666705,Near pace
Nondepartmental,General Fund,"Transfers, Debt Service, and Other Requirements",Other operating costs,4371731.0,538004.91,1,75.0,3278798.25,3833726.09,12.30645046550211,-2740793.34,-62.69354953449789,717339.88,-3654391.12,Below pace
Management Services,Urban Forest Replenishment Fund,Community Tree Preservation,Other operating costs,4276950.0,2481667.4699999997,8,75.0,3207712.5,1795282.5300000003,58.024233858240095,-726045.0300000003,-16.975766141759905,3308889.9599999995,-968060.0400000005,Below pace
Municipal Court,General Fund,Support Services,Other operating costs,4263651.0,2892238.3800000004,90,75.0,3197738.25,1371412.6199999996,67.83478244349739,-305499.86999999965,-7.165217556502611,3856317.8400000003,-407333.1599999997,Below pace
Austin Water,Austin Water Wastewater Utility Operating Fund,Engineering and Technical Services,Other operating costs,4223705.0,2330209.0100000002,187,75.0,3167778.75,1893495.9899999998,55.169786005414686,-837569.7399999998,-19.830213994585314,3106945.346666667,-1116759.6533333329,Below pace
Financial Services,Whisper Valley Public Improvement District Fund,Public Improvement District,Contractual services,4187399.0,1743588.0499999998,4,75.0,3140549.25,2443810.95,41.638927888171146,-1396961.2000000002,-33.361072111828854,2324784.0666666664,-1862614.9333333336,Below pace
Austin Water,Austin Water Water Utility Operating Fund,"Environmental, Planning, and Development Services",Contractual services,4049446.0,1801118.86,26,75.0,3037084.5,2248327.1399999997,44.47815478956875,-1235965.64,-30.521845210431252,2401491.8133333335,-1647954.1866666665,Below pace
Parks & Recreation,General Fund,"Park Planning, Development, and Operations",Other operating costs,4036993.0,2705574.39,750,75.0,3027744.75,1331418.6099999999,67.01954623156394,-322170.35999999987,-7.980453768436064,3607432.52,-429560.48,Below pace
Development Services,Development Services Fund,"Transfers, Debt Service, and Other Requirements",Personnel & benefits,4034718.0,3327196.84,1,75.0,3026038.5,707521.1600000001,82.46417320863564,301158.33999999985,7.464173208635643,4436262.453333333,401544.45333333313,Above pace
Parks & Recreation,Golf Fund,"Transfers, Debt Service, and Other Requirements",Transfers & debt service,4000000.0,3000000.0,1,75.0,3000000.0,1000000.0,75.0,0.0,0.0,4000000.0,0.0,Near pace
Austin Public Library,General Fund,"Transfers, Debt Service, and Other Requirements",Contractual services,3987325.0,3324265.2,1,75.0,2990493.75,663059.7999999998,83.37081125817434,333771.4500000002,8.370811258174342,4432353.600000001,445028.60000000056,Above pace
Watershed Protection,Drainage Utility Fund,"Transfers, Debt Service, and Other Requirements",Personnel & benefits,3976068.0,3274489.92,3,75.0,2982051.0,701578.0800000001,82.35497783237108,292438.9199999999,7.354977832371077,4365986.56,389918.5599999996,Above pace
Austin Resource Recovery,Austin Resource Recovery Fund,Collection Services,"Supplies, technology & equipment",3963384.0,3231664.09,66,75.0,2972538.0,731719.9100000001,81.53800111218091,259126.08999999985,6.538001112180908,4308885.453333333,345501.45333333313,Above pace
Austin Public Library,General Fund,Materials Management Services,Contractual services,3957838.0,3427722.7,5,75.0,2968378.5,530115.2999999998,86.60593738298536,459344.2000000002,11.60593738298536,4570296.933333334,612458.9333333336,Above pace
Austin Convention Center,Convention Center Palmer Events Center Revenue Fund,"Transfers, Debt Service, and Other Requirements",Transfers & debt service,3948374.0,3290311.7,1,75.0,2961280.5,658062.2999999998,83.33333417756272,329031.2000000002,8.333334177562719,4387082.266666667,438708.2666666666,Above pace
Austin Water,Austin Water Water Utility Operating Fund,Support Services,Other operating costs,3850767.0,2201040.8400000003,552,75.0,2888075.25,1649726.1599999997,57.158504786189354,-687034.4099999997,-17.841495213810646,2934721.1200000006,-916045.8799999994,Below pace
Austin Water,Austin Water Wastewater Utility Operating Fund,Support Services,Other operating costs,3835131.0,3243995.6,564,75.0,2876348.25,591135.3999999999,84.58630487459229,367647.3500000001,9.586304874592287,4325327.466666667,490196.4666666668,Above pace
Austin Resource Recovery,Austin Resource Recovery Fund,"Transfers, Debt Service, and Other Requirements",Personnel & benefits,3797018.0,3130175.02,2,75.0,2847763.5,666842.98,82.43771875719314,282411.52,7.437718757193139,4173566.6933333334,376548.69333333336,Above pace
Austin Public Library,General Fund,Materials Management Services,Other operating costs,3785460.0,1742621.53,28,75.0,2839095.0,2042838.47,46.034604248889174,-1096473.47,-28.965395751110826,2323495.3733333335,-1461964.6266666665,Below pace
Police,General Fund,"Transfers, Debt Service, and Other Requirements",Personnel & benefits,3780167.0,3101774.16,2,75.0,2835125.25,678392.8399999999,82.05389232803736,266648.91000000015,7.053892328037364,4135698.8800000004,355531.88000000035,Above pace
Watershed Protection,Drainage Utility Fund,Support Services,Other operating costs,3762960.0,1856015.5,250,75.0,2822220.0,1906944.5,49.323285392350705,-966204.5,-25.676714607649295,2474687.3333333335,-1288272.6666666665,Below pace
Parks & Recreation,General Fund,"Park Planning, Development, and Operations",Contractual services,3748402.0,2713367.99,128,75.0,2811301.5,1035034.0099999998,72.38732638601729,-97933.50999999978,-2.6126736139827074,3617823.986666667,-130578.01333333319,Near pace
Mayor & Council,Support Services Fund,Mayor and City Council Offices,Other operating costs,3704880.0,1613555.0,255,75.0,2778660.0,2091325.0,43.552152836259204,-1165105.0,-31.447847163740796,2151406.6666666665,-1553473.3333333335,Below pace
Financial Services,Support Services Fund,"Transfers, Debt Service, and Other Requirements",Personnel & benefits,3670290.0,3026673.88,1,75.0,2752717.5,643616.1200000001,82.46416168749609,273956.3799999999,7.464161687496087,4035565.1733333333,365275.17333333334,Above pace
Watershed Protection,Drainage Utility Fund,Field Operations,Contractual services,3649350.0,1641520.78,54,75.0,2737012.5,2007829.22,44.981182402345624,-1095491.72,-30.018817597654376,2188694.3733333335,-1460655.6266666665,Below pace
Communications & Technology Management,"Combined Transportation, Emergency & Communications Ctr Fund",CTECC and Public Safety IT Support,Other operating costs,3626790.0,2333296.73,108,75.0,2720092.5,1293493.27,64.33503814668067,-386795.77,-10.664961853319326,3111062.3066666666,-515727.69333333336,Below pace
Emergency Medical Services,General Fund,Employee Development and Wellness,Personnel & benefits,3618729.0,2590616.34,50,75.0,2714046.75,1028112.6600000001,71.58912258972694,-123430.41000000015,-3.4108774102730592,3454155.1199999996,-164573.88000000035,Near pace
Austin Public Health,General Fund,Support Services,Other operating costs,3594617.0,790060.84,239,75.0,2695962.75,2804556.16,21.978999153456403,-1905901.9100000001,-53.0210008465436,1053414.4533333334,-2541202.546666667,Below pace
Emergency Medical Services,General Fund,Clinical Navigation,Other operating costs,3566513.0,2431577.45,128,75.0,2674884.75,1134935.5499999998,68.1780060804489,-243307.2999999998,-6.821993919551105,3242103.266666667,-324409.73333333293,Below pace
Public Works,Transportation Fund,Support Services,Contractual services,3562571.0,1595943.79,43,75.0,2671928.25,1966627.21,44.7975293685375,-1075984.46,-30.202470631462504,2127925.053333333,-1434645.9466666668,Below pace
Building Services,Support Services Fund,Custodial Services,Personnel & benefits,3560897.0,3158652.41,22,75.0,2670672.75,402244.58999999985,88.70384091424155,487979.66000000015,13.703840914241553,4211536.546666667,650639.5466666669,Above pace
Austin Water,S-Wastewater Improvements,Wastewater Cip Transfers To,Transfers & debt service,3554667.0,2962221.0,1,75.0,2666000.25,592446.0,83.33329113528778,296220.75,8.33329113528778,3949628.0,394961.0,Above pace
Fleet Services,Fleet Services Fund,Vehicle Services and Emerging Technologies,Personnel & benefits,3518417.0,2557621.12,82,75.0,2638812.75,960795.8799999999,72.69238182966943,-81191.62999999989,-2.3076181703305707,3410161.4933333336,-108255.50666666636,Near pace
Office of the City Auditor,Support Services Fund,Corporate Risk Services,Personnel & benefits,3465834.0,2916441.42,19,75.0,2599375.5,549392.5800000001,84.14832966610633,317065.9199999999,9.148329666106335,3888588.56,422754.56000000006,Above pace
Neighborhood Housing & Community Development,Neighborhood Housing-Housing Trust Fund,Displacement Prevention,Grants & contributions,3460000.0,2842197.69,4,75.0,2595000.0,617802.31,82.14444190751445,247197.68999999994,7.144441907514448,3789596.92,329596.9199999999,Above pace
Neighborhood Housing & Community Development,Neighborhood Housing-Housing Trust Fund,"Transfers, Debt Service, and Other Requirements",Transfers & debt service,3423356.0,2567517.0,1,75.0,2567517.0,855839.0,75.0,0.0,0.0,3423356.0,0.0,Near pace
Police,General Fund,Professional Standards,Other operating costs,3417312.0,2896781.4899999998,216,75.0,2562984.0,520530.51000000024,84.76783770402,333797.48999999976,9.767837704019996,3862375.32,445063.31999999983,Above pace
Public Works,Transportation Fund,Sidewalk Infrastructure,Other operating costs,3408815.0,3054686.71,51,75.0,2556611.25,354128.29000000004,89.6113960423197,498075.45999999996,14.611396042319697,4072915.6133333333,664100.6133333333,Above pace
Austin Water,Austin Water Wastewater Utility Operating Fund,Other Utility Program Requirements,Other operating costs,3380917.0,1213850.58,29,75.0,2535687.75,2167066.42,35.90299850602662,-1321837.17,-39.09700149397338,1618467.4400000002,-1762449.5599999998,Below pace
Austin Water,Austin Water Water Utility Operating Fund,Other Utility Program Requirements,Other operating costs,3360865.0,1465266.02,30,75.0,2520648.75,1895598.98,43.59788387810876,-1055382.73,-31.40211612189124,1953688.0266666666,-1407176.9733333334,Below pace
Public Works,Child Safety Fund,Child Safety,Personnel & benefits,3349037.0,2860665.3499999996,30,75.0,2511777.75,488371.6500000004,85.41754988075675,348887.5999999996,10.417549880756752,3814220.4666666663,465183.4666666663,Above pace
Management Services,Support Services Fund,Equity and Inclusion,Personnel & benefits,3345932.0,2383793.18,39,75.0,2509449.0,962138.8199999998,71.24451961366819,-125655.81999999983,-3.7554803863318114,3178390.9066666667,-167541.09333333327,Near pace
Management Services,Support Services Fund,Support Services,Contractual services,3336908.0,210874.67,8,75.0,2502681.0,3126033.33,6.319463107763235,-2291806.33,-68.68053689223676,281166.2266666667,-3055741.7733333334,Below pace
Economic Development,Economic Development Fund,Workforce Development and Childcare,Grants & contributions,3318384.0,921781.65,3,75.0,2488788.0,2396602.35,27.778028401776286,-1567006.35,-47.22197159822372,1229042.2,-2089341.8,Below pace
Austin Convention Center,Convention Center Operating Fund,Event Operations,Other operating costs,3317873.0,756046.23,408,75.0,2488404.75,2561826.77,22.787075635505037,-1732358.52,-52.21292436449497,1008061.64,-2309811.36,Below pace
Communications & Technology Management,Wireless Communication Services Fund,"Transfers, Debt Service, and Other Requirements",Transfers & debt service,3302849.0,2477136.75,2,75.0,2477136.75,825712.25,75.0,0.0,0.0,3302849.0,0.0,Near pace
Communications & Technology Management,Information and Technology Fund,"Transfers, Debt Service, and Other Requirements",Personnel & benefits,3288132.0,2712714.25,2,75.0,2466099.0,575417.75,82.50016270636337,246615.25,7.500162706363369,3616952.3333333335,328820.3333333335,Above pace
Public Works,Capital Projects Management Fund,"Transfers, Debt Service, and Other Requirements",Personnel & benefits,3285030.0,2708973.04,1,75.0,2463772.5,576056.96,82.46417962697448,245200.54000000004,7.4641796269744844,3611964.053333333,326934.0533333332,Above pace
Building Services,Support Services Fund,Facility Maintenance,Personnel & benefits,3276791.0,3081599.78,38,75.0,2457593.25,195191.2200000002,94.04322033355194,624006.5299999998,19.043220333551943,4108799.7066666665,832008.7066666665,Above pace
Human Resources,Employee Benefits Fund,Retiree Optional Benefit Coverage,Other operating costs,3261339.0,2807871.67,2,75.0,2446004.25,453467.3300000001,86.09567021398266,361867.4199999999,11.095670213982658,3743828.893333333,482489.8933333331,Above pace
Economic Development,Economic Development Fund,Support Services,Personnel & benefits,3231592.0,2384490.5500000003,36,75.0,2423694.0,847101.4499999997,73.78686882502495,-39203.44999999972,-1.2131311749750466,3179320.733333334,-52271.26666666614,Near pace
Public Works,Capital Projects Management Fund,"Transfers, Debt Service, and Other Requirements",Transfers & debt service,3230000.0,2422500.0,1,75.0,2422500.0,807500.0,75.0,0.0,0.0,3230000.0,0.0,Near pace
Public Works,Transportation Fund,Sidewalk Infrastructure,Contractual services,3167400.0,2427243.69,6,75.0,2375550.0,740156.31,76.63205436635727,51693.689999999944,1.6320543663572664,3236324.92,68924.91999999993,Near pace
Financial Services,Support Services Fund,Support Services,Other operating costs,3166933.0,-123310.53999999996,132,75.0,2375199.75,3290243.54,-3.8936895728453984,-2498510.29,-78.8936895728454,-164414.0533333333,-3331347.053333333,Below pace
Forensic Science,General Fund,Forensic Integrity and Laboratory Services,Contractual services,3154731.0,423284.27,24,75.0,2366048.25,2731446.73,13.417444149754765,-1942763.98,-61.582555850245235,564379.0266666667,-2590351.973333333,Below pace
"Office of Arts, Culture, Music and Entertainment",Historic Preservation Fund,Cultural Education and Heritage Preservation,Grants & contributions,3149571.0,1723103.6,1,75.0,2362178.25,1426467.4,54.70915245282612,-639074.6499999999,-20.290847547173883,2297471.466666667,-852099.5333333332,Below pace
Austin Public Library,General Fund,"Transfers, Debt Service, and Other Requirements",Personnel & benefits,3106819.0,2562012.52,1,75.0,2330114.25,544806.48,82.46417058734352,231898.27000000002,7.464170587343517,3416016.6933333334,309197.69333333336,Above pace
Fleet Services,Fleet Services Fund,"Transfers, Debt Service, and Other Requirements",Transfers & debt service,3098374.0,2364313.8,3,75.0,2323780.5,734060.2000000002,76.3082119847378,40533.299999999814,1.3082119847377953,3152418.4,54044.39999999991,Near pace
Planning & Zoning,General Fund,Long Range Planning,Personnel & benefits,3090863.0,2544858.1799999997,21,75.0,2318147.25,546004.8200000003,82.33487475827947,226710.9299999997,7.334874758279469,3393144.2399999998,302281.23999999976,Above pace
Management Services,Support Services Fund,Climate Action and Resilience,Personnel & benefits,3076631.0,2602410.5100000002,39,75.0,2307473.25,474220.48999999976,84.58637093626113,294937.26000000024,9.586370936261133,3469880.68,393249.68000000017,Above pace
Homeless Strategy Office,General Fund,Homeless Strategy Office,Personnel & benefits,3041376.0,2041242.08,41,75.0,2281032.0,1000133.9199999999,67.11574234820029,-239789.91999999993,-7.8842576517997145,2721656.106666667,-319719.8933333331,Below pace
Planning & Zoning,General Fund,Current Planning,Personnel & benefits,3025935.0,2421456.58,37,75.0,2269451.25,604478.4199999999,80.02341689428226,152005.33000000007,5.0234168942822635,3228608.7733333334,202673.77333333343,Above pace
Fire,General Fund,Fire / Emergency Response,"Supplies, technology & equipment",3017965.0,2320351.34,70,75.0,2263473.75,697613.6600000001,76.88463385095586,56877.58999999985,1.8846338509558649,3093801.7866666666,75836.78666666662,Near pace
Communications & Technology Management,Wireless Communication Services Fund,Wireless Communication Services,Contractual services,2931011.0,1589163.6099999999,31,75.0,2198258.25,1341847.3900000001,54.218957554236404,-609094.6400000001,-20.781042445763596,2118884.813333333,-812126.186666667,Below pace
Austin Resource Recovery,Austin Resource Recovery Fund,Support Services,Other operating costs,2922184.0,1248086.81,241,75.0,2191638.0,1674097.19,42.71075366917347,-943551.19,-32.28924633082653,1664115.7466666668,-1258068.2533333332,Below pace
Austin Resource Recovery,Austin Resource Recovery Fund,Operations Support,Other operating costs,2909275.0,1972300.42,171,75.0,2181956.25,936974.5800000001,67.79353687774446,-209655.83000000007,-7.206463122255542,2629733.893333333,-279541.1066666669,Below pace
Public Works,Capital Projects Management Fund,Support Services,Personnel & benefits,2908596.0,2052396.9,57,75.0,2181447.0,856199.1000000001,70.56314799305231,-129050.1000000001,-4.436852006947689,2736529.1999999997,-172066.80000000028,Near pace
Economic Development,Economic Development Fund,Workforce Development and Childcare,Contractual services,2891781.0,201594.98,16,75.0,2168835.75,2690186.02,6.971308684855457,-1967240.77,-68.02869131514454,268793.3066666667,-2622987.6933333334,Below pace
Public Works,Capital Projects Management Fund,"Transfers, Debt Service, and Other Requirements",Other operating costs,2879816.0,2409688.9,9,75.0,2159862.0,470127.1000000001,83.67509938134937,249826.8999999999,8.67509938134937,3212918.533333333,333102.5333333332,Above pace
Building Services,Facilities Management Fund,"Transfers, Debt Service, and Other Requirements",Transfers & debt service,2873920.0,2623882.0,2,75.0,2155440.0,250038.0,91.29975782206881,468442.0,16.299757822068813,3498509.3333333335,624589.3333333335,Above pace
Municipal Court,General Fund,Support Services,Personnel & benefits,2829678.0,2798205.17,38,75.0,2122258.5,31472.830000000075,98.88775931395728,675946.6699999999,23.887759313957275,3730940.2266666666,901262.2266666666,Above pace
Austin Public Library,General Fund,Support Services,"Supplies, technology & equipment",2829511.0,535763.8099999999,46,75.0,2122133.25,2293747.19,18.934855174622044,-1586369.44,-56.065144825377956,714351.7466666666,-2115159.2533333334,Below pace
Building Services,Support Services Fund,Facility and Project Management,Personnel & benefits,2821200.0,2614992.68,47,75.0,2115900.0,206207.31999999983,92.69079398837376,499092.68000000017,17.690793988373755,3486656.9066666667,665456.9066666667,Above pace
Economic Development,Economic Development Fund,"Transfers, Debt Service, and Other Requirements",Contractual services,2773036.0,2310863.3,1,75.0,2079777.0,462172.7000000002,83.33333213128137,231086.2999999998,8.333332131281367,3081151.0666666664,308115.0666666664,Above pace
Animal Services,General Fund,"Transfers, Debt Service, and Other Requirements",Contractual services,2711347.0,2260472.0,1,75.0,2033510.25,450875.0,83.37081162979139,226961.75,8.37081162979139,3013962.6666666665,302615.6666666665,Above pace
Austin Energy,Vol. Utility Assistance Fund,Miscellaneous,Contractual services,2700000.0,2161244.54,1,75.0,2025000.0,538755.46,80.04609407407408,136244.54000000004,5.046094074074077,2881659.3866666667,181659.38666666672,Above pace
"Office of Arts, Culture, Music and Entertainment",General Fund,Cultural Education and Heritage Preservation,Contractual services,2686578.0,1244005.96,97,75.0,2014933.5,1442572.04,46.30447952748813,-770927.54,-28.695520472511873,1658674.6133333333,-1027903.3866666667,Below pace
Public Works,Project Connect - Office Fund,Project Connect,Personnel & benefits,2681446.0,1621765.0,11,75.0,2011084.5,1059681.0,60.480986751178285,-389319.5,-14.519013248821715,2162353.3333333335,-519092.6666666665,Below pace
Public Works,Transportation Fund,One Stop Shop,Contractual services,2681105.0,839352.5799999998,22,75.0,2010828.75,1841752.4200000002,31.306218145130455,-1171476.1700000002,-43.69378185486954,1119136.7733333332,-1561968.2266666668,Below pace
Building Services,Support Services Fund,Support Services,Personnel & benefits,2657589.0,2868357.84,29,75.0,1993191.75,-210768.83999999985,107.93082903338326,875166.0899999999,32.93082903338326,3824477.1199999996,1166888.1199999996,Above pace
Development Services,Development Services Fund,Support Services,Contractual services,2645636.0,1661709.4100000001,33,75.0,1984227.0,983926.5899999999,62.8094495992646,-322517.58999999985,-12.190550400735397,2215612.546666667,-430023.45333333313,Below pace
Building Services,Grove Boulevard Campus Facility Fund,"Transfers, Debt Service, and Other Requirements",Transfers & debt service,2644112.0,1291470.01,2,75.0,1983084.0,1352641.99,48.84324151170601,-691613.99,-26.15675848829399,1721960.0133333334,-922151.9866666666,Below pace
Austin Public Library,General Fund,Public Services,Other operating costs,2643913.0,2037271.83,214,75.0,1982934.75,606641.1699999999,77.05517655081691,54337.080000000075,2.0551765508169098,2716362.44,72449.43999999994,Near pace
Public Works,Transportation Fund,Sidewalk Infrastructure,Personnel & benefits,2627076.0,2325015.9,20,75.0,1970307.0,302060.1000000001,88.50204181378841,354708.8999999999,13.50204181378841,3100021.1999999997,472945.1999999997,Above pace
Planning & Zoning,General Fund,Support Services,Personnel & benefits,2624909.0,2108617.01,54,75.0,1968681.75,516291.9900000002,80.33105185741675,139935.25999999978,5.331051857416753,2811489.346666666,186580.3466666662,Above pace
Austin Public Health,General Fund,Epidemiology and Public Health Preparedness,Personnel & benefits,2615771.0,2121743.16,52,75.0,1961828.25,494027.83999999985,81.11349043933892,159914.91000000015,6.113490439338918,2828990.8800000004,213219.88000000035,Above pace
Austin Water,Austin Water Water Utility Operating Fund,Other Utility Program Requirements,Personnel & benefits,2614465.0,2005030.35,8,75.0,1960848.75,609434.6499999999,76.689890665968,44181.60000000009,1.6898906659679938,2673373.8000000003,58908.80000000028,Near pace
Austin Resource Recovery,Austin Resource Recovery Fund,Operations Support,Contractual services,2611189.0,1518735.5699999998,18,75.0,1958391.75,1092453.4300000002,58.16260600056142,-439656.18000000017,-16.837393999438582,2024980.7599999998,-586208.2400000002,Below pace
Human Resources,Employee Benefits Fund,Employee Optional Benefit Coverage,Other operating costs,2610178.0,2153499.62,1,75.0,1957633.5,456678.3799999999,82.50393727937329,195866.1200000001,7.5039372793732895,2871332.8266666667,261154.82666666666,Above pace
"Office of Arts, Culture, Music and Entertainment",Iconic Venue Fund,Music and Entertainment,Other operating costs,2600000.0,0.0,1,75.0,1950000.0,2600000.0,0.0,-1950000.0,-75.0,0.0,-2600000.0,Below pace
Animal Services,General Fund,"Transfers, Debt Service, and Other Requirements",Other operating costs,2584672.0,2153297.2,12,75.0,1938504.0,431374.7999999998,83.31026915600897,214793.2000000002,8.310269156008971,2871062.9333333336,286390.9333333336,Above pace
Animal Services,General Fund,Animal Services,Contractual services,2584108.0,1492493.01,24,75.0,1938081.0,1091614.99,57.756603439175144,-445587.99,-17.243396560824856,1989990.68,-594117.3200000001,Below pace
Public Works,Transportation Fund,Transportation Planning and Strategic Projects,Personnel & benefits,2573819.0,2007122.78,40,75.0,1930364.25,566696.22,77.98228158234903,76758.53000000003,2.9822815823490316,2676163.7066666665,102344.70666666655,Near pace
Austin Convention Center,Convention Center Palmer Events Center Garage Fund,"Transfers, Debt Service, and Other Requirements",Transfers & debt service,2552016.0,2126680.0,1,75.0,1914012.0,425336.0,83.33333333333333,212668.0,8.333333333333329,2835573.3333333335,283557.3333333335,Above pace
Public Works,Transportation Fund,General Maintenance,Other operating costs,2534060.0,1600508.4999999998,253,75.0,1900545.0,933551.5000000002,63.159850200863424,-300036.50000000023,-11.840149799136576,2134011.333333333,-400048.666666667,Below pace
Building Services,Public Safety HQ Fund,Facility and Project Management,Other operating costs,2525000.0,351631.48,9,75.0,1893750.0,2173368.52,13.925999207920793,-1542118.52,-61.074000792079204,468841.9733333333,-2056158.0266666666,Below pace
Austin Public Library,General Fund,Support Services,Other operating costs,2523931.0,2140435.96,220,75.0,1892948.25,383495.04000000004,84.80564484528301,247487.70999999996,9.805644845283013,2853914.6133333333,329983.6133333333,Above pace
Enterprise Debt Service,Conv Ctr Town Lake Park Venue Project Bond Redemption Fund,"Transfers, Debt Service, and Other Requirements",Transfers & debt service,2517453.0,2517453.12,2,75.0,1888089.75,-0.12000000011175871,100.00000476672255,629363.3700000001,25.000004766722554,3356604.16,839151.1600000001,Above pace
Parks & Recreation,General Fund,"Park Planning, Development, and Operations","Supplies, technology & equipment",2513144.0,1555656.79,268,75.0,1884858.0,957487.21,61.900821839098754,-329201.20999999996,-13.099178160901246,2074209.0533333335,-438934.94666666654,Below pace
Fleet Services,Fleet Services Fund,Operational Services,"Supplies, technology & equipment",2508689.0,1831647.0,13,75.0,1881516.75,677042.0,73.01211907892927,-49869.75,-1.987880921070726,2442196.0,-66493.0,Near pace
Financial Services,Estancia Hill Country Public Improvement District Fund,Public Improvement District,Contractual services,2505565.0,2641039.18,4,75.0,1879173.75,-135474.18000000017,105.40693137076867,761865.4300000002,30.406931370768675,3521385.5733333337,1015820.5733333337,Above pace
Financial Services,Support Services Fund,Support Services,Grants & contributions,2500000.0,2125000.0,1,75.0,1875000.0,375000.0,85.0,250000.0,10.0,2833333.3333333335,333333.3333333335,Above pace
Economic Development,Economic Development Fund,Workforce Development and Childcare,Personnel & benefits,2489494.0,1972291.14,63,75.0,1867120.5,517202.8600000001,79.22457897066633,105170.6399999999,4.224578970666329,2629721.52,140227.52000000002,Near pace
Austin Convention Center,Convention Center Operating Fund,"Transfers, Debt Service, and Other Requirements",Contractual services,2484420.0,2070350.0,1,75.0,1863315.0,414070.0,83.33333333333333,207035.0,8.333333333333329,2760466.6666666665,276046.6666666665,Above pace
Aviation,Airport Operating Fund,Airport Planning & Development,Other operating costs,2475285.0,1595637.28,86,75.0,1856463.75,879647.72,64.46277014565999,-260826.46999999997,-10.537229854340012,2127516.3733333335,-347768.6266666665,Below pace
Law,Support Services Fund,Legal Services,Other operating costs,2433862.0,1975515.84,148,75.0,1825396.5,458346.1599999999,81.16794789515593,150119.34000000008,6.167947895155933,2634021.12,200159.1200000001,Above pace
Parks & Recreation,General Fund,Community Services,"Supplies, technology & equipment",2425336.0,2152458.74,643,75.0,1819002.0,272877.2599999998,88.74888840144212,333456.7400000002,13.748888401442116,2869944.986666667,444608.9866666668,Above pace
Economic Development,Economic Development Fund,Small Business Program,Grants & contributions,2408329.0,116472.05,2,75.0,1806246.75,2291856.95,4.836218390427554,-1689774.7,-70.16378160957245,155296.06666666668,-2253032.933333333,Below pace
Neighborhood Housing & Community Development,General Fund,"Transfers, Debt Service, and Other Requirements",Contractual services,2398163.0,1999368.0,1,75.0,1798622.25,398795.0,83.37081341009764,200745.75,8.37081341009764,2665824.0,267661.0,Above pace
Parks & Recreation,Golf Fund,Community Services,Other operating costs,2367643.0,2130206.25,271,75.0,1775732.25,237436.75,89.9715983364046,354474.0,14.971598336404597,2840275.0,472632.0,Above pace
Austin Energy,Austin Energy Fund,Customer Energy Solutions,Other operating costs,2362134.0,1693575.37,225,75.0,1771600.5,668558.6299999999,71.6968372666411,-78025.12999999989,-3.303162733358903,2258100.4933333336,-104033.50666666636,Near pace
Austin Water,Austin Water Water Utility Operating Fund,Support Services,"Supplies, technology & equipment",2361135.0,1435635.07,168,75.0,1770851.25,925499.9299999999,60.80275248979834,-335216.17999999993,-14.197247510201663,1914180.0933333335,-446954.9066666665,Below pace
Fleet Services,Fleet Services Fund,"Transfers, Debt Service, and Other Requirements",Other operating costs,2348188.0,1817580.6,7,75.0,1761141.0,530607.3999999999,77.40353838789738,56439.60000000009,2.4035383878973846,2423440.8000000003,75252.80000000028,Near pace
Public Works,Transportation Fund,Transportation Engineering,Contractual services,2341600.0,7195.899999999998,27,75.0,1756200.0,2334404.1,0.3073069695934403,-1749004.1,-74.69269303040656,9594.533333333331,-2332005.466666667,Below pace
Austin Water,Austin Water Wastewater Utility Operating Fund,Engineering and Technical Services,Contractual services,2340423.0,1061615.52,19,75.0,1755317.25,1278807.48,45.359984925801875,-693701.73,-29.640015074198125,1415487.36,-924935.6399999999,Below pace
Public Works,Transportation Fund,Support Services,Other operating costs,2338786.0,1575897.49,247,75.0,1754089.5,762888.51,67.38100407647386,-178192.01,-7.618995923526143,2101196.6533333333,-237589.34666666668,Below pace
Fire,General Fund,Support Services,Other operating costs,2338659.0,1117173.03,147,75.0,1753994.25,1221485.97,47.76981295691249,-636821.22,-27.23018704308751,1489564.04,-849094.96,Below pace
Development Services,Austin Code Fund,Support Services,Other operating costs,2319474.0,548398.46,215,75.0,1739605.5,1771075.54,23.643225145011325,-1191207.04,-51.35677485498867,731197.9466666667,-1588276.0533333332,Below pace
Austin Water,Austin Water Wastewater Utility Operating Fund,Support Services,"Supplies, technology & equipment",2316596.0,1399823.54,162,75.0,1737447.0,916772.46,60.4258809045686,-337623.45999999996,-14.5741190954314,1866431.3866666667,-450164.6133333333,Below pace
Austin Water,Austin Water Wastewater Utility Operating Fund,Other Utility Program Requirements,Contractual services,2313524.0,10952.5,9,75.0,1735143.0,2302571.5,0.4734119896746262,-1724190.5,-74.52658801032537,14603.333333333334,-2298920.6666666665,Below pace
Building Services,Public Safety HQ Fund,Facility and Project Management,Contractual services,2300000.0,1822222.43,14,75.0,1725000.0,477777.57000000007,79.22706217391304,97222.42999999993,4.2270621739130405,2429629.9066666667,129629.90666666673,Near pace
Public Works,Capital Projects Management Fund,Capital Project Delivery Services,Other operating costs,2267444.0,1623642.91,159,75.0,1700583.0,643801.0900000001,71.60674795055579,-76940.09000000008,-3.3932520494442144,2164857.2133333334,-102586.78666666662,Near pace
Austin Convention Center,Convention Center Palmer Events Center Revenue Fund,Event Operations,Contractual services,2259997.0,2355644.68,2,75.0,1694997.75,-95647.68000000017,104.23220384805822,660646.9300000002,29.23220384805822,3140859.5733333337,880862.5733333337,Above pace
Austin Water,Austin Water Water Utility Operating Fund,Customer Experience,Contractual services,2218097.0,169769.82,20,75.0,1663572.75,2048327.18,7.653850124678947,-1493802.93,-67.34614987532105,226359.76,-1991737.24,Below pace
Management Services,Support Services Fund,Police Oversight,Personnel & benefits,2206494.0,1524777.29,24,75.0,1654870.5,681716.71,69.10407596848212,-130093.20999999996,-5.895924031517879,2033036.3866666667,-173457.61333333328,Below pace
Management Services,Support Services Fund,"Transfers, Debt Service, and Other Requirements",Other operating costs,2205654.0,1871258.5,7,75.0,1654240.5,334395.5,84.83916788399269,217018.0,9.839167883992687,2495011.3333333335,289357.3333333335,Above pace
Financial Services,Support Services Fund,Accounting and Reporting,"Supplies, technology & equipment",2203023.0,2332894.1599999997,19,75.0,1652267.25,-129871.15999999968,105.89513409528632,680626.9099999997,30.895134095286323,3110525.5466666664,907502.5466666664,Above pace
Law,Support Services Fund,Support Services,Personnel & benefits,2177381.0,1603891.34,14,75.0,1633035.75,573489.6599999999,73.66149240762182,-29144.409999999916,-1.3385075923781784,2138521.7866666666,-38859.21333333338,Near pace
Office of the City Clerk,Support Services Fund,Support Services,Personnel & benefits,2150865.0,1663256.29,11,75.0,1613148.75,487608.70999999996,77.32964597964074,50107.54000000004,2.3296459796407447,2217675.053333333,66810.05333333323,Near pace
Human Resources,Support Services Fund,"Transfers, Debt Service, and Other Requirements",Other operating costs,2133648.0,1377554.7,6,75.0,1600236.0,756093.3,64.5633534678635,-222681.30000000005,-10.436646532136507,1836739.5999999999,-296908.40000000014,Below pace
Austin Resource Recovery,Austin Resource Recovery Fund,Litter Abatement,Other operating costs,2132770.0,1863234.39,114,75.0,1599577.5,269535.6100000001,87.36218110719862,263656.8899999999,12.362181107198623,2484312.52,351542.52,Above pace
Public Works,Capital Projects Management Fund,"Transfers, Debt Service, and Other Requirements",Contractual services,2132100.0,1776750.0,1,75.0,1599075.0,355350.0,83.33333333333333,177675.0,8.333333333333329,2369000.0,236900.0,Above pace
Building Services,City Hall Fund,Facility and Project Management,Personnel & benefits,2124585.0,1690719.22,10,75.0,1593438.75,433865.78,79.57879868303692,97280.46999999997,4.578798683036922,2254292.2933333335,129707.29333333345,Near pace
Public Works,Transportation Fund,Transportation Operations,"Supplies, technology & equipment",2100510.0,2013123.41,41,75.0,1575382.5,87386.59000000008,95.8397441573713,437740.9099999999,20.8397441573713,2684164.5466666664,583654.5466666664,Above pace
Public Works,Capital Projects Management Fund,Business Enterprises,Contractual services,2096199.0,178874.74,23,75.0,1572149.25,1917324.26,8.533290016835233,-1393274.51,-66.46670998316476,238499.65333333332,-1857699.3466666667,Below pace
Animal Services,General Fund,Animal Services,Other operating costs,2096086.0,1720825.99,167,75.0,1572064.5,375260.01,82.09710813392199,148761.49,7.097108133921992,2294434.6533333333,198348.65333333332,Above pace
Fleet Services,Fleet Services Fund,Vehicle Services and Emerging Technologies,Other operating costs,2079126.0,1856757.22,109,75.0,1559344.5,222368.78000000003,89.30469918610031,297412.72,14.304699186100308,2475676.2933333335,396550.29333333345,Above pace
Emergency Medical Services,General Fund,Billing Services,Personnel & benefits,2076403.0,1662542.71,10,75.0,1557302.25,413860.29000000004,80.06840242477014,105240.45999999996,5.068402424770142,2216723.6133333333,140320.61333333328,Above pace
Building Services,Support Services Fund,"Transfers, Debt Service, and Other Requirements",Other operating costs,2075784.0,1308066.8,7,75.0,1556838.0,767717.2,63.015554604910726,-248771.19999999995,-11.984445395089274,1744089.0666666667,-331694.93333333335,Below pace
Fleet Services,Fleet Services Fund,Fleet Service Centers,Other operating costs,2071171.0,2063961.11,339,75.0,1553378.25,7209.889999999898,99.6518930595301,510582.8600000001,24.651893059530096,2751948.146666667,680777.146666667,Above pace
Human Resources,Employee Benefits Fund,Employee Optional Benefit Coverage,Contractual services,2068050.0,1705323.1,2,75.0,1551037.5,362726.8999999999,82.46043857740383,154285.6000000001,7.460438577403835,2273764.1333333333,205714.1333333333,Above pace
Management Services,Support Services Fund,"Transfers, Debt Service, and Other Requirements",Personnel & benefits,2044448.0,1681771.82,2,75.0,1533336.0,362676.17999999993,82.26043509054767,148435.82000000007,7.2604350905476736,2242362.4266666668,197914.42666666675,Above pace
Austin Resource Recovery,Austin Resource Recovery Fund,Litter Abatement,Contractual services,2008947.0,609028.82,22,75.0,1506710.25,1399918.1800000002,30.315823165071052,-897681.43,-44.68417683492895,812038.4266666666,-1196908.5733333332,Below pace
Fleet Services,Fleet Services Fund,Vehicle Services and Emerging Technologies,"Supplies, technology & equipment",2005719.0,1413354.1,26,75.0,1504289.25,592364.8999999999,70.46620688142258,-90935.1499999999,-4.533793118577421,1884472.1333333335,-121246.86666666646,Near pace
Aviation,Airport Subordinate Obligation Fund,"Transfers, Debt Service, and Other Requirements",Transfers & debt service,2000195.0,1141966.67,1,75.0,1500146.25,858228.3300000001,57.09276695522187,-358179.5800000001,-17.90723304477813,1522622.2266666666,-477572.77333333343,Below pace
Office of the City Clerk,Support Services Fund,Elections,Contractual services,2000000.0,882035.23,1,75.0,1500000.0,1117964.77,44.1017615,-617964.77,-30.898238499999998,1176046.9733333334,-823953.0266666666,Below pace
General Obligation Debt Service,General Obligation Debt Service Fund,Transfers and Other Requirements,Other operating costs,2000000.0,1648013.09,1,75.0,1500000.0,351986.9099999999,82.4006545,148013.09000000008,7.400654500000002,2197350.7866666666,197350.78666666662,Above pace
Building Services,Support Services Fund,"Transfers, Debt Service, and Other Requirements",Personnel & benefits,1974076.0,1464266.68,2,75.0,1480557.0,509809.32000000007,74.17478759683011,-16290.320000000065,-0.8252124031698855,1952355.5733333332,-21720.426666666754,Near pace
Fleet Services,Fleet Services Fund,"Transfers, Debt Service, and Other Requirements",Personnel & benefits,1942853.0,1597427.83,3,75.0,1457139.75,345425.1699999999,82.22072539713504,140288.08000000007,7.220725397135041,2129903.7733333334,187050.77333333343,Above pace
Austin Water,W-Water Improvements,Water Cip Transfers To,Transfers & debt service,1915630.0,1596359.0,1,75.0,1436722.5,319271.0,83.33336813476507,159636.5,8.333368134765067,2128478.6666666665,212848.6666666665,Above pace
"Office of Arts, Culture, Music and Entertainment",Economic Development Fund,Cultural Arts,Personnel & benefits,1904002.0,1368884.58,22,75.0,1428001.5,535117.4199999999,71.89512300932456,-59116.919999999925,-3.104876990675436,1825179.4400000002,-78822.55999999982,Near pace
Parks & Recreation,Golf Fund,Community Services,"Supplies, technology & equipment",1875499.0,1134645.88,114,75.0,1406624.25,740853.1200000001,60.49834630676955,-271978.3700000001,-14.501653693230452,1512861.173333333,-362637.8266666669,Below pace
Municipal Court,General Fund,Court Judiciary,Personnel & benefits,1873469.0,1639049.28,20,75.0,1405101.75,234419.71999999997,87.48739797669457,233947.53000000003,12.487397976694567,2185399.04,311930.04000000004,Above pace
Development Services,Development Services Fund,Land Development Review,Other operating costs,1868128.0,804216.57,165,75.0,1401096.0,1063911.4300000002,43.0493290609637,-596879.43,-31.9506709390363,1072288.76,-795839.24,Below pace
Watershed Protection,Drainage Utility Fund,"Planning, Monitoring, & Compliance",Contractual services,1848469.0,461113.02999999997,35,75.0,1386351.75,1387355.97,24.945672878474024,-925238.72,-50.05432712152597,614817.3733333333,-1233651.6266666667,Below pace
Financial Services,Support Services Fund,Redevelopment,Personnel & benefits,1829862.0,1555248.5,18,75.0,1372396.5,274613.5,84.99266611361949,182852.0,9.992666113619492,2073664.6666666667,243802.66666666674,Above pace
Human Resources,Workers' Compensation Fund,Settlements and Impairments,Other operating costs,1829240.0,1045330.05,1,75.0,1371930.0,783909.95,57.14559325184229,-326599.94999999995,-17.854406748157707,1393773.4000000001,-435466.59999999986,Below pace
Public Works,Transportation Fund,Asset and Facility Management,"Supplies, technology & equipment",1799976.0,1319882.03,27,75.0,1349982.0,480093.97,73.32775714787309,-30099.969999999972,-1.6722428521269137,1759842.7066666668,-40133.29333333322,Near pace
Fire,General Fund,Operations Support,Other operating costs,1787382.0,2467571.12,399,75.0,1340536.5,-680189.1200000001,138.05505034737956,1127034.62,63.05505034737956,3290094.8266666667,1502712.8266666667,Above pace
Public Works,Transportation Fund,Asset and Facility Management,Contractual services,1773475.0,756950.54,15,75.0,1330106.25,1016524.46,42.68177109911332,-573155.71,-32.31822890088668,1009267.3866666667,-764207.6133333333,Below pace
Watershed Protection,Drainage Utility Fund,Support Services,Contractual services,1770222.0,422511.54,42,75.0,1327666.5,1347710.46,23.86771489677566,-905154.96,-51.13228510322434,563348.72,-1206873.28,Below pace
Austin Convention Center,Convention Center Operating Fund,"Transfers, Debt Service, and Other Requirements",Personnel & benefits,1760408.0,1451705.7,2,75.0,1320306.0,308702.30000000005,82.4641617170565,131399.69999999995,7.4641617170564984,1935607.5999999999,175199.59999999986,Above pace
Watershed Protection,Drainage Utility Fund,Field Operations,"Supplies, technology & equipment",1743857.0,1069984.02,123,75.0,1307892.75,673872.98,61.35732574402603,-237908.72999999998,-13.642674255973972,1426645.36,-317211.6399999999,Below pace
Communications & Technology Management,Wireless Communication Services Fund,Wireless Communication Services,Other operating costs,1738540.0,1416016.61,120,75.0,1303905.0,322523.3899999999,81.44860687703475,112111.6100000001,6.448606877034749,1888022.1466666667,149482.14666666673,Above pace
Development Services,Austin Code Fund,Investigations and Compliance,Other operating costs,1728973.0,1503598.32,201,75.0,1296729.75,225374.67999999993,86.96482362651123,206868.57000000007,11.964823626511233,2004797.76,275824.76,Above pace
Financial Services,Support Services Fund,Treasury and Development Financing,Personnel & benefits,1721833.0,1336337.3,27,75.0,1291374.75,385495.69999999995,77.61131886774153,44962.55000000005,2.611318867741531,1781783.0666666667,59950.06666666665,Near pace
Municipal Court,General Fund,"Transfers, Debt Service, and Other Requirements",Other operating costs,1720466.0,1427660.0,12,75.0,1290349.5,292806.0,82.98100630875588,137310.5,7.98100630875588,1903546.6666666667,183080.66666666674,Above pace
Austin Convention Center,Convention Center Operating Fund,Event Operations,"Supplies, technology & equipment",1709838.0,754487.95,126,75.0,1282378.5,955350.05,44.12628272386039,-527890.55,-30.873717276139608,1005983.9333333332,-703854.0666666668,Below pace
Fire,General Fund,Operations Support,Contractual services,1708245.0,1234603.66,59,75.0,1281183.75,473641.3400000001,72.27321959086665,-46580.090000000084,-2.7267804091333545,1646138.2133333331,-62106.786666666856,Near pace
Public Works,Parking Management Fund,Parking and Mobility Management,Contractual services,1695950.0,542612.7899999999,21,75.0,1271962.5,1153337.21,31.994621893334116,-729349.7100000001,-43.00537810666589,723483.7199999999,-972466.2800000001,Below pace
Emergency Medical Services,General Fund,Safety and Performance Improvement,Personnel & benefits,1685023.0,1293603.64,21,75.0,1263767.25,391419.3600000001,76.77068146844286,29836.389999999898,1.7706814684428593,1724804.8533333333,39781.853333333274,Near pace
Management Services,Support Services Fund,Communications and Engagement,Contractual services,1683389.0,876342.6900000001,32,75.0,1262541.75,807046.3099999999,52.05824025225304,-386199.05999999994,-22.941759747746957,1168456.9200000002,-514932.07999999984,Below pace
Watershed Protection,Urban Wtr Structual Control Fe,Drainage Cip Transfers To,Transfers & debt service,1681486.0,1261114.5,1,75.0,1261114.5,420371.5,75.0,0.0,0.0,1681486.0,0.0,Near pace
Austin Convention Center,Convention Center Operating Fund,"Transfers, Debt Service, and Other Requirements",Other operating costs,1668190.0,1409870.4,6,75.0,1251142.5,258319.6000000001,84.51497731073799,158727.8999999999,9.51497731073799,1879827.2,211637.19999999995,Above pace
Austin Resource Recovery,Austin Resource Recovery Fund,Waste Diversion,Contractual services,1658222.0,898729.8999999999,39,75.0,1243666.5,759492.1000000001,54.19840648598317,-344936.6000000001,-20.80159351401683,1198306.5333333332,-459915.4666666668,Below pace
Police,General Fund,Professional Standards,Grants & contributions,1650400.0,1479547.12,10,75.0,1237800.0,170852.8799999999,89.64778962675715,241747.1200000001,14.647789626757145,1972729.4933333334,322329.4933333334,Above pace
Human Resources,Workers' Compensation Fund,Medical Expenses and Claims Reserve,"Supplies, technology & equipment",1631657.0,314225.28,1,75.0,1223742.75,1317431.72,19.25804749405053,-909517.47,-55.74195250594947,418967.04000000004,-1212689.96,Below pace
Austin Convention Center,Convention Center Palmer Events Center Operating Fund,Event Operations,Other operating costs,1630508.0,665072.9,196,75.0,1222881.0,965435.1,40.789306154891605,-557808.1,-34.210693845108395,886763.8666666667,-743744.1333333333,Below pace
Emergency Medical Services,General Fund,Chief Medical Officer,Personnel & benefits,1618833.0,1198246.67,14,75.0,1214124.75,420586.3300000001,74.01916504049522,-15878.080000000075,-0.9808349595047758,1597662.2266666666,-21170.773333333433,Near pace
Parks & Recreation,Parks and Recreation Parking and Gate Entry Fund,"Park Planning, Development, and Operations",Transfers & debt service,1616632.0,1212474.0,7,75.0,1212474.0,404158.0,75.0,0.0,0.0,1616632.0,0.0,Near pace
Human Resources,Employee Benefits Fund,Retiree Medical,Contractual services,1615075.0,1454077.6700000002,6,75.0,1211306.25,160997.32999999984,90.03158800674893,242771.42000000016,15.031588006748933,1938770.2266666668,323695.2266666668,Above pace
Small and Minority Business Resources,Support Services Fund,Compliance,Personnel & benefits,1607579.0,1256811.61,8,75.0,1205684.25,350767.3899999999,78.18039486706408,51127.3600000001,3.1803948670640807,1675748.8133333335,68169.81333333347,Near pace
Public Works,Transportation Fund,Community Services,Personnel & benefits,1606504.0,1138255.8499999999,24,75.0,1204878.0,468248.15000000014,70.85297328858191,-66622.15000000014,-4.147026711418093,1517674.4666666666,-88829.53333333344,Near pace
Parks & Recreation,Golf Fund,Community Services,Contractual services,1598004.0,897821.52,55,75.0,1198503.0,700182.48,56.18393445823665,-300681.48,-18.81606554176335,1197095.36,-400908.6399999999,Below pace
Police,General Fund,Neighborhood-Based Policing,Contractual services,1586973.0,1422459.6199999999,74,75.0,1190229.75,164513.38000000012,89.63351109313139,232229.86999999988,14.63351109313139,1896612.8266666664,309639.8266666664,Above pace
Development Services,Development Services Fund,Support Services,"Supplies, technology & equipment",1576595.0,934990.91,67,75.0,1182446.25,641604.09,59.3044447052033,-247455.33999999997,-15.695555294796698,1246654.5466666666,-329940.45333333337,Below pace
Economic Development,Economic Development Fund,"Transfers, Debt Service, and Other Requirements",Transfers & debt service,1551424.0,1299527.7,6,75.0,1163568.0,251896.30000000005,83.76354239717834,135959.69999999995,8.763542397178341,1732703.5999999999,181279.59999999986,Above pace
Management Services,Urban Forest Replenishment Fund,"Transfers, Debt Service, and Other Requirements",Transfers & debt service,1550000.0,1550000.0,2,75.0,1162500.0,0.0,100.0,387500.0,25.0,2066666.6666666667,516666.66666666674,Above pace
Austin Convention Center,Convention Center Palmer Events Center Operating Fund,Support Services,Other operating costs,1548641.0,1183794.09,23,75.0,1161480.75,364846.9099999999,76.44083360830561,22313.340000000084,1.44083360830561,1578392.12,29751.12000000011,Near pace
Fire,General Fund,Operations Support,Grants & contributions,1546999.0,1517602.89,13,75.0,1160249.25,29396.110000000102,98.09979773742582,357353.6399999999,23.099797737425817,2023470.5199999998,476471.5199999998,Above pace
Public Works,Capital Projects Management Fund,Business Enterprises,Other operating costs,1540674.0,351363.91,127,75.0,1155505.5,1189310.09,22.805857046980737,-804141.5900000001,-52.194142953019266,468485.2133333333,-1072188.7866666666,Below pace
Human Resources,Support Services Fund,Support Services,Other operating costs,1533456.0,172264.93,41,75.0,1150092.0,1361191.07,11.233770646174394,-977827.0700000001,-63.76622935382561,229686.57333333333,-1303769.4266666668,Below pace
Building Services,Ben White Facility Fund,"Transfers, Debt Service, and Other Requirements",Transfers & debt service,1529560.0,976380.58,2,75.0,1147170.0,553179.42,63.83408169669709,-170789.42000000004,-11.16591830330291,1301840.7733333332,-227719.2266666668,Below pace
Development Services,Austin Code Fund,"Transfers, Debt Service, and Other Requirements",Contractual services,1523130.0,1269275.0,1,75.0,1142347.5,253855.0,83.33333333333333,126927.5,8.333333333333329,1692366.6666666667,169236.66666666674,Above pace
Austin Water,Austin Water Wastewater Utility Operating Fund,Engineering and Technical Services,"Supplies, technology & equipment",1519776.0,959006.72,56,75.0,1139832.0,560769.28,63.10184658791822,-180825.28000000003,-11.898153412081783,1278675.6266666667,-241100.3733333333,Below pace
Planning & Zoning,GCP-NPZ General,Interfund Transfers-Other,Transfers & debt service,1500000.0,1500000.0,1,75.0,1125000.0,0.0,100.0,375000.0,25.0,2000000.0,500000.0,Above pace
Police,General Fund,Investigations,"Supplies, technology & equipment",1494788.0,1123862.89,85,75.0,1121091.0,370925.1100000001,75.18543699842385,2771.8899999998976,0.18543699842385308,1498483.8533333333,3695.8533333332743,Near pace
Fire,General Fund,Emergency Prevention,Other operating costs,1490984.0,2246932.94,121,75.0,1118238.0,-755948.94,150.70134488364732,1128694.94,75.70134488364732,2995910.5866666664,1504926.5866666664,Above pace
Development Services,Austin Code Fund,"Transfers, Debt Service, and Other Requirements",Personnel & benefits,1489491.0,1225769.07,2,75.0,1117118.25,263721.92999999993,82.29449321949579,108650.82000000007,7.294493219495791,1634358.76,144867.76,Above pace
Austin Public Health,General Fund,Disease Prevention & Health Promotion,Grants & contributions,1489000.0,1169527.75,9,75.0,1116750.0,319472.25,78.54450973807924,52777.75,3.544509738079242,1559370.3333333333,70370.33333333326,Near pace
Emergency Medical Services,General Fund,Operations,"Supplies, technology & equipment",1483920.0,1099568.42,32,75.0,1112940.0,384351.5800000001,74.09890155803548,-13371.580000000075,-0.9010984419645212,1466091.2266666666,-17828.773333333433,Near pace
Public Works,Transportation Fund,Bridge Maintenance,Personnel & benefits,1476587.0,894370.0900000001,13,75.0,1107440.25,582216.9099999999,60.57009102748434,-213070.15999999992,-14.429908972515662,1192493.4533333334,-284093.54666666663,Below pace
"Office of Arts, Culture, Music and Entertainment",Cultural Arts Fund,Cultural Arts,Contractual services,1475162.0,42840.45,1,75.0,1106371.5,1432321.55,2.904118327343031,-1063531.05,-72.09588167265697,57120.6,-1418041.4,Below pace
Austin Water,Austin Water Water Utility Operating Fund,Other Utility Program Requirements,Contractual services,1458366.0,757101.53,9,75.0,1093774.5,701264.47,51.91437060381276,-336672.97,-23.085629396187237,1009468.7066666667,-448897.29333333333,Below pace
Communications & Technology Management,Information and Technology Fund,Support Services,Contractual services,1455560.0,3654250.76,19,75.0,1091670.0,-2198690.76,251.05462914617056,2562580.76,176.05462914617056,4872334.346666667,3416774.3466666667,Above pace
Financial Services,Austin Cable Access Fund,Austin Cable Access,"Supplies, technology & equipment",1445000.0,1063751.01,5,75.0,1083750.0,381248.99,73.61598685121108,-19998.98999999999,-1.3840131487889238,1418334.68,-26665.320000000065,Near pace
Municipal Court,General Fund,"Transfers, Debt Service, and Other Requirements",Personnel & benefits,1411951.0,1162995.99,2,75.0,1058963.25,248955.01,82.3680134792213,104032.73999999999,7.368013479221304,1550661.32,138710.32000000007,Above pace
Fire,General Fund,Fire / Emergency Response,Contractual services,1411349.0,921490.48,26,75.0,1058511.75,489858.52,65.29146795016683,-137021.27000000002,-9.708532049833167,1228653.9733333334,-182695.0266666666,Below pace
Parks & Recreation,General Fund,Support Services,Other operating costs,1403241.6,790810.31,178,75.0,1052431.2000000002,612431.29,56.35596250852312,-261620.89000000013,-18.64403749147688,1054413.7466666668,-348827.8533333333,Below pace
Building Services,Support Services Fund,Facility and Project Management,Contractual services,1399552.0,772063.24,41,75.0,1049664.0,627488.76,55.16502709438449,-277600.76,-19.83497290561551,1029417.6533333333,-370134.3466666667,Below pace
Development Services,Austin Code Fund,Involuntary Code Enforcement,Personnel & benefits,1387774.0,1044034.27,11,75.0,1040830.5,343739.73,75.23085675333303,3203.7700000000186,0.23085675333302902,1392045.6933333334,4271.693333333358,Near pace
Austin Public Library,General Fund,Materials Management Services,Personnel & benefits,1377388.0,1249846.02,20,75.0,1033041.0,127541.97999999998,90.74030120779331,216805.02000000002,15.740301207793308,1666461.36,289073.3600000001,Above pace
Human Resources,Support Services Fund,"Transfers, Debt Service, and Other Requirements",Personnel & benefits,1373452.0,1132412.0,2,75.0,1030089.0,241040.0,82.45006014043447,102323.0,7.4500601404344735,1509882.6666666667,136430.66666666674,Above pace
Human Resources,Support Services Fund,Human Resources Management,Contractual services,1372720.0,470790.57,34,75.0,1029540.0,901929.4299999999,34.296183489713854,-558749.4299999999,-40.703816510286146,627720.76,-744999.24,Below pace
Austin Public Library,General Fund,Support Services,Contractual services,1370780.0,1925454.4,30,75.0,1028085.0,-554674.3999999999,140.46414450167057,897369.3999999999,65.46414450167057,2567272.533333333,1196492.5333333332,Above pace
Financial Services,Support Services Fund,Support Services,Contractual services,1365702.0,911055.71,21,75.0,1024276.5,454646.29000000004,66.70970021278434,-113220.79000000004,-8.290299787215659,1214740.9466666665,-150961.05333333346,Below pace
Public Works,Transportation Fund,Transportation Planning and Strategic Projects,Contractual services,1365500.0,752917.5,15,75.0,1024125.0,612582.5,55.13859392164043,-271207.5,-19.861406078359572,1003890.0,-361610.0,Below pace
Animal Services,General Fund,Support Services,Personnel & benefits,1364919.0,1255449.51,14,75.0,1023689.25,109469.48999999999,91.97978121778655,231760.26,16.979781217786552,1673932.68,309013.67999999993,Above pace
Communications & Technology Management,Information and Technology Fund,Enterprise Operations & Technology,Other operating costs,1364406.0,1592232.25,236,75.0,1023304.5,-227826.25,116.69783407578096,568927.75,41.69783407578096,2122976.3333333335,758570.3333333335,Above pace
Law,Support Services Fund,"Transfers, Debt Service, and Other Requirements",Personnel & benefits,1339226.0,1104381.58,1,75.0,1004419.5,234844.41999999993,82.46416810904209,99962.08000000007,7.464168109042092,1472508.7733333334,133282.77333333343,Above pace
Human Resources,Employee Benefits Fund,City-Funded Benefits,Personnel & benefits,1336803.0,1078286.07,4,75.0,1002602.25,258516.92999999993,80.66155372182737,75683.82000000007,5.661553721827374,1437714.76,100911.76000000001,Above pace
Management Services,Support Services Fund,Government Relations,Personnel & benefits,1331111.0,1076660.3499999999,11,75.0,998333.25,254450.65000000014,80.88434022406845,78327.09999999986,5.884340224068453,1435547.133333333,104436.13333333307,Above pace
Building Services,Support Services Fund,Facility Maintenance,Contractual services,1325565.0,569081.9,34,75.0,994173.75,756483.1,42.93127081659519,-425091.85,-32.06872918340481,758775.8666666667,-566789.1333333333,Below pace
Fire,General Fund,"Transfers, Debt Service, and Other Requirements",Personnel & benefits,1323947.0,1091781.74,1,75.0,992960.25,232165.26,82.46415755313468,98821.48999999999,7.464157553134683,1455708.9866666666,131761.98666666658,Above pace
Austin Resource Recovery,Austin Resource Recovery Fund,Support Services,Contractual services,1314940.0,549070.5,34,75.0,986205.0,765869.5,41.75631587753053,-437134.5,-33.24368412246947,732094.0,-582846.0,Below pace
Economic Development,Economic Incentives Reserve Fund,Business Incentives and Expansion,Other operating costs,1311378.0,75000.0,1,75.0,983533.5,1236378.0,5.719174791707654,-908533.5,-69.28082520829234,100000.0,-1211378.0,Below pace
"Office of Arts, Culture, Music and Entertainment",General Fund,Support Services,Personnel & benefits,1308297.0,914416.29,14,75.0,981222.75,393880.70999999996,69.89363195054334,-66806.45999999996,-5.106368049456663,1219221.72,-89075.28000000003,Below pace
Communications & Technology Management,Information and Technology Fund,Support Services,Other operating costs,1302487.0,956348.44,71,75.0,976865.25,346138.56000000006,73.42479733003093,-20516.810000000056,-1.575202669969073,1275131.2533333332,-27355.74666666682,Near pace
Forensic Science,General Fund,Forensic Integrity and Laboratory Services,"Supplies, technology & equipment",1301819.0,645779.8200000001,62,75.0,976364.25,656039.1799999999,49.60596058284601,-330584.42999999993,-25.39403941715399,861039.7600000001,-440779.2399999999,Below pace
Public Works,Transportation Fund,One Stop Shop,Other operating costs,1275468.0,789942.59,122,75.0,956601.0,485525.41000000003,61.93354831324659,-166658.41000000003,-13.06645168675341,1053256.7866666666,-222211.21333333338,Below pace
Human Resources,Employee Benefits Fund,Support Services,Other operating costs,1269757.0,671778.1699999999,3,75.0,952317.75,597978.8300000001,52.90604186470325,-280539.5800000001,-22.093958135296752,895704.2266666666,-374052.77333333343,Below pace
Austin Water,Austin Water Wastewater Utility Operating Fund,Other Utility Program Requirements,Personnel & benefits,1256888.0,924985.71,6,75.0,942666.0,331902.29000000004,73.59332812470164,-17680.290000000037,-1.4066718752983576,1233314.28,-23573.719999999972,Near pace
Emergency Medical Services,General Fund,Employee Development and Wellness,Other operating costs,1253201.0,836954.85,108,75.0,939900.75,416246.15,66.78536403976696,-102945.90000000002,-8.21463596023304,1115939.8,-137261.19999999995,Below pace
Police,General Fund,Investigations,Contractual services,1252198.0,1130304.7,78,75.0,939148.5,121893.30000000005,90.26565287598287,191156.19999999995,15.265652875982866,1507072.9333333333,254874.93333333335,Above pace
Austin Public Library,Library Facilities Maintenance and Improvements,Support Services,Contractual services,1248400.0,170597.27,9,75.0,936300.0,1077802.73,13.665273149631528,-765702.73,-61.33472685036847,227463.02666666664,-1020936.9733333334,Below pace
Human Resources,Support Services Fund,Support Services,Personnel & benefits,1233093.0,1941721.8900000001,12,75.0,924819.75,-708628.8900000001,157.4675949016011,1016902.1400000001,82.4675949016011,2588962.52,1355869.52,Above pace
Public Works,Transportation Fund,Support Services,"Supplies, technology & equipment",1233053.0,821396.4400000001,54,75.0,924789.75,411656.55999999994,66.61485272733613,-103393.30999999994,-8.385147272663872,1095195.2533333334,-137857.7466666666,Below pace
Office of the City Clerk,Support Services Fund,Austin Records and Information Management,Personnel & benefits,1233003.0,953031.55,9,75.0,924752.25,279971.44999999995,77.29353051046915,28279.300000000047,2.2935305104691537,1270708.7333333334,37705.733333333395,Near pace
Public Works,Parking Management Fund,Parking and Mobility Management,Other operating costs,1229494.0,546036.2499999999,113,75.0,922120.5,683457.7500000001,44.41146113767126,-376084.2500000001,-30.58853886232874,728048.3333333331,-501445.66666666686,Below pace
Austin Public Health,General Fund,Support Services,Contractual services,1229013.0,1098903.41,45,75.0,921759.75,130109.59000000008,89.41348952370723,177143.65999999992,14.413489523707227,1465204.5466666666,236191.54666666663,Above pace
Development Services,Development Services Fund,Building Plan Review & Inspections,"Supplies, technology & equipment",1207250.0,1151046.3,25,75.0,905437.5,56203.69999999995,95.34448540070407,245608.80000000005,20.344485400704073,1534728.4000000001,327478.40000000014,Above pace
Austin Public Health,1115 Medicaid Waiver,Community Services,Personnel & benefits,1200580.6300000001,0.0,7,75.0,900435.4725000001,1200580.6300000001,0.0,-900435.4725000001,-75.0,0.0,-1200580.6300000001,Below pace
Development Services,Austin Code Fund,"Transfers, Debt Service, and Other Requirements",Transfers & debt service,1180782.0,21422.0,2,75.0,885586.5,1159360.0,1.8142214227520406,-864164.5,-73.18577857724796,28562.666666666668,-1152219.3333333333,Below pace
Management Services,Support Services Fund,Budget and Organizational Excellence,Contractual services,1172690.0,275624.03,12,75.0,879517.5,897065.97,23.50357127629638,-603893.47,-51.496428723703616,367498.7066666667,-805191.2933333332,Below pace
Management Services,Support Services Fund,Emergency Management,Other operating costs,1163165.0,1046989.03,75,75.0,872373.75,116175.96999999997,90.0120816909037,174615.28000000003,15.012081690903699,1395985.3733333333,232820.3733333333,Above pace
Municipal Court,General Fund,Support Services,Contractual services,1146924.0,804765.63,7,75.0,860193.0,342158.37,70.1673022798372,-55427.369999999995,-4.832697720162798,1073020.84,-73903.15999999992,Near pace
Austin Public Health,1115 Medicaid Waiver,Support Services,Personnel & benefits,1132733.24,0.0,3,75.0,849549.9299999999,1132733.24,0.0,-849549.9299999999,-75.0,0.0,-1132733.24,Below pace
Emergency Medical Services,General Fund,Support Services,Other operating costs,1131818.0,643815.38,162,75.0,848863.5,488002.62,56.88329572422421,-205048.12,-18.11670427577579,858420.5066666667,-273397.4933333333,Below pace
Austin Convention Center,Convention Center Operating Fund,Support Services,Contractual services,1129525.0,294885.89,12,75.0,847143.75,834639.11,26.107070671299883,-552257.86,-48.89292932870012,393181.1866666667,-736343.8133333332,Below pace
Aviation,Airport Operating Fund,Business Services,Personnel & benefits,1118632.0,866538.46,13,75.0,838974.0,252093.54000000004,77.4641222493188,27564.459999999963,2.4641222493188053,1155384.6133333333,36752.613333333284,Near pace
Development Services,Austin Code Fund,Investigations and Compliance,Contractual services,1115850.0,618169.89,34,75.0,836887.5,497680.11,55.399013308240356,-218717.61,-19.600986691759644,824226.52,-291623.48,Below pace
Economic Development,Economic Development Fund,Support Services,Other operating costs,1115822.0,308796.3,72,75.0,836866.5,807025.7,27.674333361414277,-528070.2,-47.32566663858572,411728.39999999997,-704093.6000000001,Below pace
Forensic Science,General Fund,Forensic Integrity and Laboratory Services,Other operating costs,1096799.0,989576.82,162,75.0,822599.25,107222.18000000005,90.22408116710537,166977.56999999995,15.224081167105368,1319435.76,222636.76,Above pace
Austin Convention Center,Convention Center Palmer Events Center Garage Fund,Event Operations,Personnel & benefits,1087446.0,1341134.29,15,75.0,815584.5,-253688.29000000004,123.32881724701733,525549.79,48.32881724701733,1788179.0533333335,700733.0533333335,Above pace
Public Works,Capital Projects Management Fund,Project Delivery Support,Contractual services,1084488.0,783.0,8,75.0,813366.0,1083705.0,0.07219996901763781,-812583.0,-74.92780003098237,1044.0,-1083444.0,Below pace
Public Works,Transportation Fund,Transportation Engineering,Other operating costs,1083652.0,865826.67,140,75.0,812739.0,217825.32999999996,79.89895925998383,53087.67000000004,4.898959259983826,1154435.56,70783.56000000006,Near pace
Management Services,Support Services Fund,Equity and Inclusion,Other operating costs,1080979.0,486316.89,84,75.0,810734.25,594662.11,44.98856036981292,-324417.36,-30.011439630187077,648422.52,-432556.48,Below pace
Police,General Fund,Operations Support,Grants & contributions,1062206.0,902795.53,13,75.0,796654.5,159410.46999999997,84.99250898601589,106141.03000000003,9.992508986015892,1203727.3733333333,141521.3733333333,Above pace
Management Services,Urban Forest Replenishment Fund,Community Tree Preservation,Contractual services,1050000.0,91501.95,1,75.0,787500.0,958498.05,8.714471428571429,-695998.05,-66.28552857142857,122002.59999999999,-927997.4,Below pace
Fleet Services,Fleet Services Fund,Operational Services,Personnel & benefits,1033161.0,901084.24,21,75.0,774870.75,132076.76,87.21624606426298,126213.48999999999,12.216246064262975,1201445.6533333333,168284.65333333332,Above pace
Fire,General Fund,Emergency Prevention,Grants & contributions,1031280.0,915029.0800000001,4,75.0,773460.0,116250.91999999993,88.72751144209138,141569.08000000007,13.727511442091384,1220038.7733333334,188758.77333333343,Above pace
Communications & Technology Management,Information and Technology Fund,Customer Engagement,Contractual services,1027090.0,338576.08999999997,11,75.0,770317.5,688513.91,32.96459803912023,-431741.41000000003,-42.03540196087977,451434.7866666666,-575655.2133333334,Below pace
Financial Services,Support Services Fund,Real Estate and Facilities Governance,Contractual services,1016912.0,130521.06,24,75.0,762684.0,886390.94,12.835039806787607,-632162.94,-62.164960193212394,174028.08,-842883.92,Below pace
Austin Water,Austin Water Water Utility Operating Fund,Engineering and Technical Services,Other operating costs,1011064.0,475919.4,204,75.0,758298.0,535144.6,47.071144853342616,-282378.6,-27.928855146657384,634559.2000000001,-376504.79999999993,Below pace
Building Services,City Hall Fund,Facility and Project Management,Contractual services,1004275.0,1076861.36,14,75.0,753206.25,-72586.3600000001,107.22773742251874,323655.1100000001,32.22773742251874,1435815.1466666667,431540.1466666667,Above pace
Law,Support Services Fund,"Transfers, Debt Service, and Other Requirements",Other operating costs,1003242.0,848313.8,3,75.0,752431.5,154928.19999999995,84.55724541037955,95882.30000000005,9.55724541037955,1131085.0666666667,127843.06666666665,Above pace
Building Services,Facilities Management Fund,Facility and Project Management,"Supplies, technology & equipment",995881.0,1258349.76,114,75.0,746910.75,-262468.76,126.35543403278102,511439.01,51.35543403278102,1677799.68,681918.6799999999,Above pace
Economic Development,Economic Incentives Reserve Fund,"Transfers, Debt Service, and Other Requirements",Transfers & debt service,993200.0,827666.7,1,75.0,744900.0,165533.30000000005,83.33333668948852,82766.69999999995,8.333336689488519,1103555.5999999999,110355.59999999986,Above pace
Neighborhood Housing & Community Development,General Fund,Support Services,Contractual services,989103.0,162880.98,21,75.0,741827.25,826222.02,16.46754483607875,-578946.27,-58.53245516392125,217174.64,-771928.36,Below pace
Public Works,Parking Management Fund,Parking and Mobility Management,"Supplies, technology & equipment",981000.0,298589.11,27,75.0,735750.0,682410.89,30.437218144750254,-437160.89,-44.562781855249746,398118.8133333333,-582881.1866666668,Below pace
Management Services,Support Services Fund,Budget and Organizational Excellence,Other operating costs,980753.0,808220.28,76,75.0,735564.75,172532.71999999997,82.40813742094085,72655.53000000003,7.408137420940847,1077627.04,96874.04000000004,Above pace
Austin Convention Center,Convention Center Palmer Events Center Operating Fund,Event Operations,"Supplies, technology & equipment",979858.0,1003990.2899999999,52,75.0,734893.5,-24132.28999999992,102.46283543125635,269096.7899999999,27.46283543125635,1338653.72,358795.72,Above pace
Austin Public Health,Opioid Settlement Fund,Opioid Settlement Funds,Grants & contributions,975000.0,588720.28,2,75.0,731250.0,386279.72,60.38156717948718,-142529.71999999997,-14.618432820512822,784960.3733333334,-190039.6266666666,Below pace
Police,General Fund,Operations Support,Contractual services,971381.0,567552.41,41,75.0,728535.75,403828.58999999997,58.4273740169923,-160983.33999999997,-16.572625983007697,756736.5466666667,-214644.45333333325,Below pace
Parks & Recreation,PARD Donations Fund,Miscellaneous,Contractual services,958907.0,148941.86,6,75.0,719180.25,809965.14,15.532461437866235,-570238.39,-59.46753856213377,198589.14666666664,-760317.8533333334,Below pace
Management Services,Support Services Fund,Equity and Inclusion,Contractual services,952867.0,134594.03999999998,14,75.0,714650.25,818272.96,14.125165421826969,-580056.21,-60.87483457817303,179458.71999999997,-773408.28,Below pace
Small and Minority Business Resources,Support Services Fund,Certification,Personnel & benefits,945868.0,688907.8200000001,8,75.0,709401.0,256960.17999999993,72.83339958641163,-20493.179999999935,-2.1666004135883696,918543.7600000001,-27324.239999999874,Near pace
Austin Convention Center,Tourism District Incentives Fund,"Transfers, Debt Service, and Other Requirements",Transfers & debt service,942845.0,785704.17,2,75.0,707133.75,157140.82999999996,83.33333368687325,78570.42000000004,8.333333686873246,1047605.56,104760.56000000006,Above pace
Human Resources,Workers' Compensation Fund,Court and Legal Fees,Other operating costs,939214.0,185049.25,1,75.0,704410.5,754164.75,19.702565123603353,-519361.25,-55.29743487639665,246732.33333333334,-692481.6666666666,Below pace
Economic Development,Economic Development Fund,Small Business Program,Personnel & benefits,924587.0,832037.59,16,75.0,693440.25,92549.41000000003,89.99018913309402,138597.33999999997,14.99018913309402,1109383.4533333334,184796.45333333337,Above pace
Building Services,Support Services Fund,Facility Security and Mail Services,Personnel & benefits,917624.0,789480.5700000001,20,75.0,688218.0,128143.42999999993,86.03530095115211,101262.57000000007,11.03530095115211,1052640.76,135016.76,Above pace
Planning & Zoning,General Fund,Support Services,Other operating costs,911766.0,486863.97000000003,104,75.0,683824.5,424902.02999999997,53.397908015872495,-196960.52999999997,-21.602091984127505,649151.9600000001,-262614.0399999999,Below pace
Human Resources,Support Services Fund,Labor Relations Office,Personnel & benefits,906305.0,454711.12,11,75.0,679728.75,451593.88,50.171975218055735,-225017.63,-24.828024781944265,606281.4933333333,-300023.5066666667,Below pace
Building Services,City Hall Fund,Facility and Project Management,Other operating costs,905110.0,871497.0800000001,26,75.0,678832.5,33612.919999999925,96.28631658030515,192664.58000000007,21.286316580305154,1161996.1066666667,256886.1066666667,Above pace
Austin Resource Recovery,Austin Resource Recovery Fund,Waste Diversion,Other operating costs,904877.0,665455.73,194,75.0,678657.75,239421.27000000002,73.54101496667504,-13202.020000000019,-1.4589850333249643,887274.3066666666,-17602.693333333358,Near pace
Economic Development,Rainey Street Historic District Fund,Rainey Street Historic District Fund,Contractual services,901054.0,0.0,1,75.0,675790.5,901054.0,0.0,-675790.5,-75.0,0.0,-901054.0,Below pace
Homeless Strategy Office,House Our People Endowment Fund,Homeless Strategy Office,Grants & contributions,900000.0,10200.0,1,75.0,675000.0,889800.0,1.1333333333333333,-664800.0,-73.86666666666666,13600.0,-886400.0,Below pace
Public Works,General Fund Budget Stabilization Reserve Fund,Miscellaneous,Contractual services,898000.0,77500.0,4,75.0,673500.0,820500.0,8.630289532293986,-596000.0,-66.36971046770601,103333.33333333333,-794666.6666666666,Below pace
Economic Development,Economic Development Fund,"Transfers, Debt Service, and Other Requirements",Other operating costs,894953.0,767062.0,6,75.0,671214.75,127891.0,85.7097523557103,95847.25,10.709752355710293,1022749.3333333334,127796.33333333337,Above pace
Communications & Technology Management,Information and Technology Fund,Support Services,Personnel & benefits,894777.0,3695551.0900000003,36,75.0,671082.75,-2800774.0900000003,413.0136436229363,3024468.3400000003,338.0136436229363,4927401.453333334,4032624.453333334,Above pace
Fire,General Fund,"Transfers, Debt Service, and Other Requirements",Transfers & debt service,894751.0,745625.8,1,75.0,671063.25,149125.19999999995,83.33332960790209,74562.55000000005,8.333329607902087,994167.7333333334,99416.7333333334,Above pace
Public Works,Transportation Fund,General Maintenance,"Supplies, technology & equipment",891998.0,557021.44,84,75.0,668998.5,334976.56000000006,62.446489790335846,-111977.06000000006,-12.553510209664154,742695.2533333333,-149302.7466666667,Below pace
Management Services,Support Services Fund,Government Relations,Contractual services,888400.0,585107.24,6,75.0,666300.0,303292.76,65.86078793336335,-81192.76000000001,-9.139212066636645,780142.9866666667,-108257.0133333333,Below pace
Watershed Protection,Drainage Utility Fund,"Planning, Monitoring, & Compliance",Other operating costs,883302.0,697660.4600000001,275,75.0,662476.5,185641.53999999992,78.98323110329198,35183.96000000008,3.9832311032919847,930213.9466666668,46911.94666666677,Near pace
Animal Services,General Fund,Animal Services,"Supplies, technology & equipment",881894.0,556442.0,48,75.0,661420.5,325452.0,63.09624512696537,-104978.5,-11.903754873034629,741922.6666666666,-139971.33333333337,Below pace
Human Resources,Workers' Compensation Fund,Medical Expenses and Claims Reserve,Other operating costs,875397.0,1559820.1099999999,5,75.0,656547.75,-684423.1099999999,178.18431066133422,903272.3599999999,103.18431066133422,2079760.1466666665,1204363.1466666665,Above pace
Fire,General Fund Budget Stabilization Reserve Fund,Miscellaneous,Contractual services,875000.0,875000.0,1,75.0,656250.0,0.0,100.0,218750.0,25.0,1166666.6666666667,291666.66666666674,Above pace
Animal Services,General Fund,Support Services,Other operating costs,874192.0,197947.52000000002,38,75.0,655644.0,676244.48,22.643483353771256,-457696.48,-52.35651664622874,263930.0266666667,-610261.9733333334,Below pace
Parks & Recreation,Golf Surcharge Fund,"Transfers, Debt Service, and Other Requirements",Transfers & debt service,870908.0,653181.0,1,75.0,653181.0,217727.0,75.0,0.0,0.0,870908.0,0.0,Near pace
Financial Services,Support Services Fund,Redevelopment,Other operating costs,852314.0,256400.58000000002,49,75.0,639235.5,595913.4199999999,30.08287790649925,-382834.92,-44.91712209350075,341867.44,-510446.56,Below pace
Public Works,Capital Projects Management Fund,Project Delivery Support,Other operating costs,850992.0,661517.47,111,75.0,638244.0,189474.53000000003,77.73486354748341,23273.469999999972,2.734863547483414,882023.2933333333,31031.293333333335,Near pace
Austin Water,Austin Water Water Utility Operating Fund,Engineering and Technical Services,"Supplies, technology & equipment",850722.0,386495.05000000005,66,75.0,638041.5,464226.94999999995,45.431415903197525,-251546.44999999995,-29.568584096802475,515326.7333333334,-335395.2666666666,Below pace
Building Services,Support Services Fund,Facility Maintenance,Other operating costs,846691.0,1475372.31,107,75.0,635018.25,-628681.31,174.2515640298527,840354.06,99.25156402985269,1967163.08,1120472.08,Above pace
Management Services,Support Services Fund,Support Services,Other operating costs,840527.0,387068.7,41,75.0,630395.25,453458.3,46.05071580092014,-243326.55,-28.949284199079862,516091.60000000003,-324435.39999999997,Below pace
Emergency Medical Services,General Fund,Billing Services,Contractual services,840000.0,280982.26,4,75.0,630000.0,559017.74,33.450269047619045,-349017.74,-41.549730952380955,374643.01333333337,-465356.98666666663,Below pace
Development Services,Austin Code Fund,Support Services,"Supplies, technology & equipment",823936.0,232713.73,72,75.0,617952.0,591222.27,28.244151244756875,-385238.27,-46.75584875524312,310284.9733333333,-513651.0266666667,Below pace
Public Works,Parking Management Fund,"Transfers, Debt Service, and Other Requirements",Other operating costs,806442.0,712626.8,5,75.0,604831.5,93815.19999999995,88.36677653197626,107795.30000000005,13.366776531976257,950169.0666666668,143727.06666666677,Above pace
Fire,General Fund,Emergency Prevention,Contractual services,802438.0,557445.4099999999,20,75.0,601828.5,244992.59000000008,69.46896956524989,-44383.090000000084,-5.531030434750107,743260.5466666665,-59177.453333333484,Below pace
Nondepartmental,Project Connect Fund,Division Placeholder,Transfers & debt service,802298.0,668581.7,1,75.0,601723.5,133716.30000000005,83.33333748806552,66858.19999999995,8.333337488065524,891442.2666666666,89144.2666666666,Above pace
Animal Services,Animal Services Fund,Miscellaneous,Contractual services,798094.27,41301.61,10,75.0,598570.7025,756792.66,5.175029010044139,-557269.0925,-69.82497098995586,55068.81333333333,-743025.4566666667,Below pace
Development Services,Development Services Fund,Building Plan Review & Inspections,Other operating costs,796728.0,660245.21,112,75.0,597546.0,136482.79000000004,82.86958786436526,62699.20999999996,7.869587864365258,880326.9466666667,83598.94666666666,Above pace
Neighborhood Housing & Community Development,General Fund,"Transfers, Debt Service, and Other Requirements",Personnel & benefits,785619.0,647854.1,1,75.0,589214.25,137764.90000000002,82.46415883526238,58639.84999999998,7.464158835262381,863805.4666666667,78186.46666666667,Above pace
Financial Services,Support Services Fund,Redevelopment,Contractual services,783475.0,650464.54,18,75.0,587606.25,133010.45999999996,83.02301158301158,62858.29000000004,8.02301158301158,867286.0533333333,83811.05333333334,Above pace
Public Works,Parking Management Fund,"Transfers, Debt Service, and Other Requirements",Personnel & benefits,782231.0,645059.9,1,75.0,586673.25,137171.09999999998,82.46411865548667,58386.65000000002,7.464118655486672,860079.8666666667,77848.8666666667,Above pace
Watershed Protection,Drainage Utility Fund,Project Design and Delivery,Other operating costs,776947.0,622767.72,142,75.0,582710.25,154179.28000000003,80.15575322383637,40057.46999999997,5.155753223836371,830356.96,53409.95999999996,Above pace
Austin Public Health,General Fund,Support Services,Grants & contributions,771154.0,12920.0,2,75.0,578365.5,758234.0,1.6754111370750848,-565445.5,-73.32458886292491,17226.666666666668,-753927.3333333334,Below pace
Animal Services,General Fund,"Transfers, Debt Service, and Other Requirements",Personnel & benefits,766490.0,598247.32,2,75.0,574867.5,168242.68000000005,78.0502446215867,23379.81999999995,3.0502446215866996,797663.0933333333,31173.093333333265,Near pace
Building Services,Support Services Fund,Facility Security and Mail Services,Contractual services,765837.0,85145.20000000001,2,75.0,574377.75,680691.8,11.11792718293841,-489232.55,-63.88207281706159,113526.93333333335,-652310.0666666667,Below pace
Planning & Zoning,General Fund,"Transfers, Debt Service, and Other Requirements",Other operating costs,762101.0,646376.0,7,75.0,571575.75,115725.0,84.8150048353171,74800.25,9.815004835317097,861834.6666666666,99733.66666666663,Above pace
Economic Development,Economic Development Fund,"Transfers, Debt Service, and Other Requirements",Personnel & benefits,755711.0,622346.6900000001,2,75.0,566783.25,133364.30999999994,82.35247204288413,55563.44000000006,7.352472042884131,829795.5866666668,74084.58666666679,Above pace
Watershed Protection,Drainage Utility Fund,Support Services,"Supplies, technology & equipment",753626.0,599876.73,59,75.0,565219.5,153749.27000000002,79.59873067012019,34657.22999999998,4.59873067012019,799835.64,46209.640000000014,Near pace
Management Services,Support Services Fund,City Manager's Office,Other operating costs,749027.0,544614.86,203,75.0,561770.25,204412.14,72.70964331058828,-17155.390000000014,-2.2903566894117233,726153.1466666666,-22873.85333333339,Near pace
Neighborhood Housing & Community Development,General Fund,"Transfers, Debt Service, and Other Requirements",Other operating costs,740596.0,638294.5,7,75.0,555447.0,102301.5,86.1865983613198,82847.5,11.186598361319795,851059.3333333334,110463.33333333337,Above pace
Parks & Recreation,General Fund,Support Services,Contractual services,738780.0,421332.41,41,75.0,554085.0,317447.59,57.03083597282006,-132752.59000000003,-17.969164027179943,561776.5466666666,-177003.45333333337,Below pace
Management Services,Support Services Fund,Equity and Inclusion,Grants & contributions,735000.0,284176.64,3,75.0,551250.0,450823.36,38.66348843537415,-267073.36,-36.33651156462585,378902.1866666667,-356097.8133333333,Below pace
Austin Water,Austin Water Wastewater Utility Operating Fund,Customer Experience,Other operating costs,734717.0,876968.89,195,75.0,551037.75,-142251.89,119.36145345758979,325931.14,44.36145345758979,1169291.8533333333,434574.8533333333,Above pace
Austin Public Library,Library Facilities Maintenance and Improvements,Support Services,"Supplies, technology & equipment",734600.0,3927.61,6,75.0,550950.0,730672.39,0.5346596787367275,-547022.39,-74.46534032126327,5236.8133333333335,-729363.1866666666,Below pace
Austin Resource Recovery,Austin Resource Recovery Fund,Support Services,"Supplies, technology & equipment",730186.0,244463.34,58,75.0,547639.5,485722.66000000003,33.47959834891384,-303176.16000000003,-41.52040165108616,325951.12,-404234.88,Below pace
Public Works,Transportation Fund,Community Services,Contractual services,727222.0,153294.41,4,75.0,545416.5,573927.59,21.079451666753755,-392122.08999999997,-53.920548333246245,204392.54666666666,-522829.45333333337,Below pace
Police,General Fund,Support Services,"Supplies, technology & equipment",722568.0,1051367.7000000002,44,75.0,541926.0,-328799.7000000002,145.50432623642345,509441.7000000002,70.50432623642345,1401823.6000000003,679255.6000000003,Above pace
Management Services,Support Services Fund,Emergency Management,Contractual services,722274.0,244739.61,18,75.0,541705.5,477534.39,33.88459365836234,-296965.89,-41.11540634163766,326319.48,-395954.52,Below pace
Forensic Science,General Fund,"Transfers, Debt Service, and Other Requirements",Personnel & benefits,721856.0,595272.58,1,75.0,541392.0,126583.42000000004,82.46417290983243,53880.57999999996,7.464172909832428,793696.7733333333,71840.77333333332,Above pace
Police,Police Benefit Fund,Professional Standards,Other operating costs,714054.0,125350.93,2,75.0,535540.5,588703.0700000001,17.554824985225206,-410189.57,-57.44517501477479,167134.57333333333,-546919.4266666666,Below pace
Austin Water,Austin Water Water Utility Operating Fund,Other Utility Program Requirements,Transfers & debt service,708938.0,811201.83,1,75.0,531703.5,-102263.82999999996,114.42493278678812,279498.32999999996,39.42493278678812,1081602.44,372664.43999999994,Above pace
Austin Convention Center,Convention Center Palmer Events Center Operating Fund,Event Operations,Contractual services,705600.0,475791.67,15,75.0,529200.0,229808.33000000002,67.4307922335601,-53408.330000000016,-7.569207766439902,634388.8933333333,-71211.10666666669,Below pace
Public Works,Capital Projects Management Fund,Business Enterprises,"Supplies, technology & equipment",705447.0,232399.63,34,75.0,529085.25,473047.37,32.94359888127669,-296685.62,-42.05640111872331,309866.17333333334,-395580.82666666666,Below pace
Austin Water,Austin Water Reclaimed Water Utility Operating Fund,Reclaimed Water Services,Personnel & benefits,705338.0,628183.92,9,75.0,529003.5,77154.07999999996,89.06140318542317,99180.42000000004,14.061403185423174,837578.56,132240.56000000006,Above pace
Austin Public Health,General Fund,Disease Prevention & Health Promotion,Other operating costs,704472.0,488360.64,175,75.0,528354.0,216111.36,69.32293121657071,-39993.359999999986,-5.677068783429291,651147.52,-53324.47999999998,Below pace
Communications & Technology Management,Information and Technology Fund,Information Security,Other operating costs,699752.0,409337.41000000003,52,75.0,524814.0,290414.58999999997,58.49749768489408,-115476.58999999997,-16.50250231510592,545783.2133333334,-153968.78666666662,Below pace
Municipal Court,General Fund,Municipal Court Operations,Other operating costs,688884.0,617209.45,150,75.0,516663.0,71674.55000000005,89.59555600072,100546.44999999995,14.595556000719995,822945.9333333332,134061.93333333323,Above pace
Management Services,Support Services Fund,Police Oversight,Other operating costs,687221.0,278644.97,53,75.0,515415.75,408576.03,40.54663201502864,-236770.78000000003,-34.45336798497136,371526.62666666665,-315694.37333333335,Below pace
Mayor & Council,Support Services Fund,"Transfers, Debt Service, and Other Requirements",Personnel & benefits,679181.0,559790.12,2,75.0,509385.75,119390.88,82.42134570902307,50404.369999999995,7.421345709023072,746386.8266666667,67205.82666666666,Above pace
Financial Services,Support Services Fund,Accounting and Reporting,Other operating costs,677427.0,500104.19999999995,125,75.0,508070.25,177322.80000000005,73.82407255689542,-7966.050000000047,-1.1759274431045839,666805.6,-10621.400000000023,Near pace
"Office of Arts, Culture, Music and Entertainment",Live Music Fund,Music and Entertainment,Contractual services,675000.0,0.0,1,75.0,506250.0,675000.0,0.0,-506250.0,-75.0,0.0,-675000.0,Below pace
Police,General Fund,Support Services,Contractual services,674573.0,298827.85,26,75.0,505929.75,375745.15,44.298815695262036,-207101.90000000002,-30.701184304737964,398437.1333333333,-276135.8666666667,Below pace
Small and Minority Business Resources,Support Services Fund,Strategic and Resource Services,Contractual services,669719.0,304225.0,2,75.0,502289.25,365494.0,45.42576812065956,-198064.25,-29.574231879340438,405633.3333333333,-264085.6666666667,Below pace
Planning & Zoning,General Fund,"Transfers, Debt Service, and Other Requirements",Personnel & benefits,668214.0,550649.52,2,75.0,501160.5,117564.47999999998,82.40616329499233,49489.02000000002,7.406163294992325,734199.36,65985.35999999999,Above pace
Planning & Zoning,General Fund,Long Range Planning,Contractual services,667500.0,108541.79999999999,11,75.0,500625.0,558958.2,16.260943820224718,-392083.2,-58.73905617977528,144722.4,-522777.6,Below pace
Small and Minority Business Resources,Support Services Fund,Support Services,Personnel & benefits,666485.0,792942.86,18,75.0,499863.75,-126457.85999999999,118.97384937395441,293079.11,43.97384937395441,1057257.1466666667,390772.1466666667,Above pace
Austin Convention Center,Convention Center Operating Fund,Support Services,"Supplies, technology & equipment",665090.0,630060.67,25,75.0,498817.5,35029.32999999996,94.73314438647402,131243.17000000004,19.733144386474024,840080.8933333334,174990.89333333343,Above pace
Communications & Technology Management,"Combined Transportation, Emergency & Communications Ctr Fund","Transfers, Debt Service, and Other Requirements",Personnel & benefits,662856.0,546618.64,1,75.0,497142.0,116237.35999999999,82.46416114510542,49476.640000000014,7.464161145105422,728824.8533333334,65968.85333333339,Above pace
Austin Public Library,Library Facilities Maintenance and Improvements,Support Services,Other operating costs,660675.0,154487.9,7,75.0,495506.25,506187.1,23.38334279335528,-341018.35,-51.61665720664472,205983.86666666667,-454691.1333333333,Below pace
Small and Minority Business Resources,Support Services Fund,Strategic and Resource Services,Personnel & benefits,658561.0,564137.6799999999,16,75.0,493920.75,94423.32000000007,85.66217556156528,70216.92999999993,10.662175561565277,752183.5733333332,93622.57333333325,Above pace
Fire,General Fund,Support Services,"Supplies, technology & equipment",652747.0,418697.04,41,75.0,489560.25,234049.96000000002,64.14384746310591,-70863.21000000002,-10.856152536894086,558262.72,-94484.28000000003,Below pace
Economic Development,Economic Development Fund,Business Incentives and Expansion,Personnel & benefits,645715.0,423812.9,9,75.0,484286.25,221902.09999999998,65.63466854572063,-60473.34999999998,-9.36533145427937,565083.8666666667,-80631.1333333333,Below pace
Emergency Medical Services,General Fund,Emergency Communications,Other operating costs,642997.0,1149711.1099999999,32,75.0,482247.75,-506714.10999999987,178.80505041236583,667463.3599999999,103.80505041236583,1532948.1466666665,889951.1466666665,Above pace
Public Works,Parking Management Fund,"Transfers, Debt Service, and Other Requirements",Contractual services,628836.0,524030.0,1,75.0,471627.0,104806.0,83.33333333333333,52403.0,8.333333333333329,698706.6666666666,69870.66666666663,Above pace
"Office of Arts, Culture, Music and Entertainment",General Fund,Support Services,Other operating costs,624755.0,-54123.66000000001,28,75.0,468566.25,678878.66,-8.663181567174334,-522689.91000000003,-83.66318156717433,-72164.88000000002,-696919.88,Below pace
Office of the City Clerk,Support Services Fund,Support Services,Other operating costs,621987.0,464609.74,30,75.0,466490.25,157377.26,74.6976608835876,-1880.5100000000093,-0.30233911641239786,619479.6533333333,-2507.346666666679,Near pace
Emergency Medical Services,General Fund,Community Relations and Injury Prevention,Personnel & benefits,612658.0,608554.66,11,75.0,459493.5,4103.339999999967,99.33023970959329,149061.16000000003,24.330239709593286,811406.2133333334,198748.21333333338,Above pace
Parks & Recreation,General Fund,"Transfers, Debt Service, and Other Requirements",Transfers & debt service,610449.0,508707.5,1,75.0,457836.75,101741.5,83.33333333333333,50870.75,8.333333333333329,678276.6666666666,67827.66666666663,Above pace
Police,Police Federal Department of Justice Asset Forfeiture Fund,Asset Forfeiture Funds,"Supplies, technology & equipment",608206.0,249927.15,4,75.0,456154.5,358278.85,41.09251635136779,-206227.35,-33.90748364863221,333236.2,-274969.8,Below pace
Neighborhood Housing & Community Development,General Fund,Support Services,Other operating costs,604219.0,778119.1700000002,126,75.0,453164.25,-173900.17000000016,128.78098338516335,324954.92000000016,53.78098338516335,1037492.2266666669,433273.2266666669,Above pace
"Office of Arts, Culture, Music and Entertainment",General Fund,Music and Entertainment,Personnel & benefits,603060.0,488963.01999999996,22,75.0,452295.0,114096.98000000004,81.0803269989719,36668.01999999996,6.080326998971898,651950.6933333332,48890.69333333324,Above pace
Building Services,City Hall Fund,"Transfers, Debt Service, and Other Requirements",Transfers & debt service,600000.0,450000.0,1,75.0,450000.0,150000.0,75.0,0.0,0.0,600000.0,0.0,Near pace
Building Services,Rutherford Lane Facility Fund,"Transfers, Debt Service, and Other Requirements",Transfers & debt service,597996.0,0.0,3,75.0,448497.0,597996.0,0.0,-448497.0,-75.0,0.0,-597996.0,Below pace
Public Works,Capital Projects Management Fund,Capital Project Delivery Services,Contractual services,597900.0,3965.25,13,75.0,448425.0,593934.75,0.6631961866532865,-444459.75,-74.33680381334672,5287.0,-592613.0,Below pace
Austin Resource Recovery,Austin Resource Recovery Fund,Operations Support,"Supplies, technology & equipment",597463.0,486134.91,60,75.0,448097.25,111328.09000000003,81.36652981021419,38037.659999999974,6.366529810214189,648179.88,50716.880000000005,Above pace
"Office of Arts, Culture, Music and Entertainment",Cultural Arts Fund,Cultural Arts,Other operating costs,592000.0,522216.94,2,75.0,444000.0,69783.06,88.21232094594595,78216.94,13.212320945945947,696289.2533333333,104289.2533333333,Above pace
Austin Public Health,General Fund,Community Services,Other operating costs,583427.0,470188.13,259,75.0,437570.25,113238.87,80.59073885850329,32617.880000000005,5.590738858503286,626917.5066666667,43490.50666666671,Above pace
Austin Resource Recovery,Austin Resource Recovery Fund,Litter Abatement,"Supplies, technology & equipment",582384.0,442679.44,50,75.0,436788.0,139704.56,76.01160746174345,5891.440000000002,1.011607461743452,590239.2533333333,7855.253333333298,Near pace
Planning & Zoning,General Fund,"Transfers, Debt Service, and Other Requirements",Contractual services,581607.0,484890.5,1,75.0,436205.25,96716.5,83.37081568825684,48685.25,8.37081568825684,646520.6666666666,64913.66666666663,Above pace
Law,Support Services Fund,Citywide Public Information Requests,Personnel & benefits,579807.0,600404.24,11,75.0,434855.25,-20597.23999999999,103.55243037769465,165548.99,28.552430377694648,800538.9866666667,220731.9866666667,Above pace
Financial Services,Seaholm Parking Garage Revenue Fund,"Transfers, Debt Service, and Other Requirements",Transfers & debt service,578295.0,578295.0,1,75.0,433721.25,0.0,100.0,144573.75,25.0,771060.0,192765.0,Above pace
Human Resources,Workers' Compensation Fund,Operations and Administration,Other operating costs,575351.0,236091.44,2,75.0,431513.25,339259.56,41.03433208597882,-195421.81,-33.96566791402118,314788.58666666667,-260562.41333333333,Below pace
Management Services,Support Services Fund,Communications and Engagement,Other operating costs,575182.0,419695.97,150,75.0,431386.5,155486.03000000003,72.9675076758313,-11690.530000000028,-2.0324923241687003,559594.6266666666,-15587.37333333341,Near pace
Public Works,Transportation Fund,Street Preventive Maintenance,"Supplies, technology & equipment",574000.0,589978.38,29,75.0,430500.0,-15978.380000000005,102.78368989547039,159478.38,27.78368989547039,786637.84,212637.83999999997,Above pace
Building Services,Support Services Fund,Custodial Services,Contractual services,565951.0,180385.62,2,75.0,424463.25,385565.38,31.873010207597478,-244077.63,-43.126989792402526,240514.16,-325436.83999999997,Below pace
Office of the City Clerk,Support Services Fund,"Transfers, Debt Service, and Other Requirements",Other operating costs,563921.0,472159.3,3,75.0,422940.75,91761.70000000001,83.72791578962301,49218.54999999999,8.727915789623012,629545.7333333333,65624.73333333328,Above pace
Austin Public Health,General Fund,Health Equity and Community Engagement,Other operating costs,556868.0,373576.95999999996,132,75.0,417651.0,183291.04000000004,67.0853703211533,-44074.04000000004,-7.914629678846694,498102.6133333333,-58765.386666666716,Below pace
Austin Public Health,General Fund,Community Services,Grants & contributions,555846.0,354141.79000000004,13,75.0,416884.5,201704.20999999996,63.71221345480583,-62742.70999999996,-11.287786545194173,472189.0533333334,-83656.9466666666,Below pace
Financial Services,Indian Hills Public Improvement District Fund,Public Improvement District,Contractual services,553621.0,52428.06,4,75.0,415215.75,501192.94,9.470027329165621,-362787.69,-65.52997267083438,69904.08,-483716.92,Below pace
Human Resources,Support Services Fund,Human Resources Management,Other operating costs,552392.0,550451.1,293,75.0,414294.0,1940.9000000000233,99.64863719966979,136157.09999999998,24.648637199669793,733934.7999999999,181542.79999999993,Above pace
Mayor & Council,Support Services Fund,"Transfers, Debt Service, and Other Requirements",Other operating costs,549051.0,471759.5,5,75.0,411788.25,77291.5,85.92271027645883,59971.25,10.92271027645883,629012.6666666666,79961.66666666663,Above pace
Austin Public Library,General Fund,Public Services,Contractual services,548897.0,552871.62,35,75.0,411672.75,-3974.6199999999953,100.72411035221545,141198.87,25.724110352215448,737162.16,188265.16000000003,Above pace
Management Services,Support Services Fund,Climate Action and Resilience,Contractual services,548154.0,145621.11,18,75.0,411115.5,402532.89,26.5657297036964,-265494.39,-48.434270296303595,194161.47999999998,-353992.52,Below pace
Municipal Court,General Fund,Support Services,"Supplies, technology & equipment",545512.0,296700.91,14,75.0,409134.0,248811.09000000003,54.389437812550405,-112433.09000000003,-20.610562187449595,395601.2133333333,-149910.78666666668,Below pace
Homeless Strategy Office,General Fund,Support Services,Personnel & benefits,538560.0,1058325.47,12,75.0,403920.0,-519765.47,196.51022541592394,654405.47,121.51022541592394,1411100.6266666667,872540.6266666667,Above pace
Austin Convention Center,Convention Center Repair and Replacement Fund,Support Services,Contractual services,538004.0,0.0,1,75.0,403503.0,538004.0,0.0,-403503.0,-75.0,0.0,-538004.0,Below pace
Austin Water,Austin Water Wastewater Utility Operating Fund,Other Utility Program Requirements,Transfers & debt service,536415.0,838405.97,1,75.0,402311.25,-301990.97,156.2980099363366,436094.72,81.2980099363366,1117874.6266666667,581459.6266666667,Above pace
Human Resources,Employee Benefits Fund,Retiree Optional Benefit Coverage,Contractual services,524165.0,444919.83999999997,2,75.0,393123.75,79245.16000000003,84.88163841538447,51796.08999999997,9.881638415384472,593226.4533333333,69061.45333333325,Above pace
Office of the City Auditor,Support Services Fund,Support Services,Personnel & benefits,522500.0,102526.3,11,75.0,391875.0,419973.7,19.622258373205742,-289348.7,-55.37774162679426,136701.73333333334,-385798.26666666666,Below pace
Fleet Services,Fleet Services Fund,Operational Services,Contractual services,522038.0,200797.79,13,75.0,391528.5,321240.20999999996,38.464209501990275,-190730.71,-36.535790498009725,267730.38666666666,-254307.61333333334,Below pace
Building Services,Support Services Fund,Custodial Services,"Supplies, technology & equipment",519500.0,322579.32,6,75.0,389625.0,196920.68,62.09419056785371,-67045.68,-12.905809432146292,430105.76,-89394.23999999999,Below pace
Development Services,Development Services Fund,Infrastructure & Environmental Inspections,Contractual services,512780.0,246913.94,5,75.0,384585.0,265866.06,48.15202230976247,-137671.06,-26.847977690237528,329218.58666666667,-183561.41333333333,Below pace
Austin Public Health,General Fund,Support Services,"Supplies, technology & equipment",512425.0,283463.05,54,75.0,384318.75,228961.95,55.31795872566717,-100855.70000000001,-19.682041274332832,377950.73333333334,-134474.26666666666,Below pace
"Office of Arts, Culture, Music and Entertainment",Economic Development Fund,Music and Entertainment,Grants & contributions,500000.0,0.0,1,75.0,375000.0,500000.0,0.0,-375000.0,-75.0,0.0,-500000.0,Below pace
Austin Public Health,1115 Medicaid Waiver,Disease Prevention & Health Promotion,Personnel & benefits,497994.35,154205.51,4,75.0,373495.76249999995,343788.83999999997,30.965313160681443,-219290.25249999994,-44.03468683931855,205607.34666666668,-292387.0033333333,Below pace
Management Services,Support Services Fund,Police Oversight,Contractual services,491713.0,9951.17,8,75.0,368784.75,481761.83,2.0237760644929055,-358833.58,-72.9762239355071,13268.226666666667,-478444.7733333333,Below pace
Fleet Services,Fleet Services Fund,Support Services,Other operating costs,491237.0,294416.97,74,75.0,368427.75,196820.03000000003,59.93379366782224,-74010.78000000003,-15.066206332177757,392555.95999999996,-98681.04000000004,Below pace
Austin Convention Center,Convention Center Palmer Events Center Operating Fund,"Transfers, Debt Service, and Other Requirements",Contractual services,488075.0,406729.2,1,75.0,366056.25,81345.79999999999,83.33334016288481,40672.95000000001,8.33334016288481,542305.6,54230.59999999998,Above pace
Public Works,Capital Projects Management Fund,Project Delivery Support,"Supplies, technology & equipment",487760.0,17580.87,40,75.0,365820.0,470179.13,3.604409955715926,-348239.13,-71.39559004428408,23441.16,-464318.84,Below pace
Public Works,Capital Projects Management Fund,Support Services,Other operating costs,487413.0,208397.74,130,75.0,365559.75,279015.26,42.75588463992548,-157162.01,-32.24411536007452,277863.6533333333,-209549.34666666668,Below pace
Police,ARIC Sustainability,Neighborhood-Based Policing,"Supplies, technology & equipment",486132.0,403239.06,3,75.0,364599.0,82892.94,82.94847078571252,38640.06,7.948470785712516,537652.08,51520.07999999996,Above pace
Austin Public Library,Special Library,Miscellaneous,Other operating costs,483500.0,79835.41,16,75.0,362625.0,403664.58999999997,16.511977249224405,-282789.58999999997,-58.4880227507756,106447.21333333333,-377052.7866666667,Below pace
"Office of Arts, Culture, Music and Entertainment",Historic Preservation Fund,Cultural Education and Heritage Preservation,Contractual services,479658.0,9525.37,2,75.0,359743.5,470132.63,1.9858670135805097,-350218.13,-73.0141329864195,12700.493333333334,-466957.50666666665,Below pace
Aviation,Airport Operating Fund,Airport Planning & Development,Contractual services,479350.0,241077.09,15,75.0,359512.5,238272.91,50.29249817461145,-118435.41,-24.707501825388547,321436.12,-157913.88,Below pace
Building Services,Support Services Fund,Support Services,Other operating costs,478942.0,346511.37,49,75.0,359206.5,132430.63,72.34933875082996,-12695.130000000005,-2.6506612491700423,462015.16,-16926.840000000026,Near pace
Public Works,Capital Projects Management Fund,Support Services,Contractual services,478588.99,18853.64,13,75.0,358941.7425,459735.35,3.939422008015688,-340088.1025,-71.06057799198432,25138.186666666665,-453450.80333333334,Below pace
Public Works,Transportation Fund,Bridge Maintenance,Contractual services,470500.0,143795.85,8,75.0,352875.0,326704.15,30.562348565356004,-209079.15,-44.437651434643996,191727.80000000002,-278772.19999999995,Below pace
Communications & Technology Management,Information and Technology Fund,Customer Engagement,Other operating costs,465316.0,493766.95,48,75.0,348987.0,-28450.95000000001,106.11432875723165,144779.95,31.114328757231647,658355.9333333333,193039.93333333335,Above pace
Human Resources,General Fund,Tuition Reimbursement,Other operating costs,465000.0,452529.99,1,75.0,348750.0,12470.01000000001,97.31827741935484,103779.98999999999,22.318277419354843,603373.32,138373.31999999995,Above pace
"Office of Arts, Culture, Music and Entertainment",Economic Development Fund,Music and Entertainment,Personnel & benefits,462164.0,385135.03,12,75.0,346623.0,77028.96999999997,83.33297920218797,38512.03000000003,8.332979202187971,513513.37333333335,51349.37333333335,Above pace
Fleet Services,Fleet Services Fund,Fleet Service Centers,Contractual services,460218.0,174772.42,57,75.0,345163.5,285445.57999999996,37.97600702275878,-170391.08,-37.02399297724122,233029.89333333334,-227188.10666666666,Below pace
Management Services,Support Services Fund,Emergency Management,"Supplies, technology & equipment",459249.0,47074.77,21,75.0,344436.75,412174.23,10.250380512532416,-297361.98,-64.74961948746758,62766.35999999999,-396482.64,Below pace
Austin Convention Center,Convention Center Operating Fund,Support Services,Other operating costs,458218.0,-324779.52999999997,126,75.0,343663.5,782997.53,-70.87882405317993,-668443.03,-145.87882405317993,-433039.3733333333,-891257.3733333333,Below pace
Austin Public Health,1115 Medicaid Waiver,Miscellaneous,Personnel & benefits,457988.59,0.0,2,75.0,343491.4425,457988.59,0.0,-343491.4425,-75.0,0.0,-457988.59,Below pace
Austin Water,Austin Water Wastewater Utility Operating Fund,"Environmental, Planning, and Development Services",Contractual services,454675.0,345926.84,13,75.0,341006.25,108748.15999999997,76.08222136691043,4920.590000000026,1.0822213669104315,461235.7866666667,6560.786666666681,Near pace
Financial Services,Austin Cable Access Fund,Austin Cable Access,Contractual services,452500.0,315107.18,2,75.0,339375.0,137392.82,69.63694585635359,-24267.820000000007,-5.3630541436464085,420142.9066666667,-32357.093333333323,Below pace
Financial Services,Support Services Fund,Financial Systems Information Technology,Other operating costs,451728.0,380135.42,20,75.0,338796.0,71592.58000000002,84.1513964155421,41339.419999999984,9.151396415542095,506847.2266666666,55119.226666666626,Above pace
Human Resources,Support Services Fund,Labor Relations Office,Contractual services,450000.0,269.85,3,75.0,337500.0,449730.15,0.059966666666666675,-337230.15,-74.94003333333333,359.8,-449640.2,Below pace
Municipal Court,General Fund,Community Court,Other operating costs,447759.0,314522.43,91,75.0,335819.25,133236.57,70.24368689406577,-21296.820000000007,-4.756313105934225,419363.24,-28395.76000000001,Near pace
Police,General Fund,Professional Standards,"Supplies, technology & equipment",434138.0,251019.4,46,75.0,325603.5,183118.6,57.82018620807209,-74584.1,-17.179813791927913,334692.5333333333,-99445.46666666667,Below pace
Communications & Technology Management,Wireless Communication Services Fund,"Transfers, Debt Service, and Other Requirements",Personnel & benefits,429488.0,354173.56,2,75.0,322116.0,75314.44,82.4641340386693,32057.559999999998,7.4641340386693,472231.41333333333,42743.41333333333,Above pace
Emergency Medical Services,General Fund,Support Services,Contractual services,418605.0,337452.3,17,75.0,313953.75,81152.70000000001,80.61353782205181,23498.54999999999,5.613537822051811,449936.39999999997,31331.399999999965,Above pace
Austin Public Health,General Fund,"Transfers, Debt Service, and Other Requirements",Transfers & debt service,412409.0,412409.0,1,75.0,309306.75,0.0,100.0,103102.25,25.0,549878.6666666666,137469.66666666663,Above pace
Homeless Strategy Office,General Fund,Homeless Strategy Office,Other operating costs,412254.0,211064.41,67,75.0,309190.5,201189.59,51.19766212092545,-98126.09,-23.80233787907455,281419.2133333333,-130834.78666666668,Below pace
Emergency Medical Services,General Fund,Billing Services,Other operating costs,411747.0,191612.56,20,75.0,308810.25,220134.44,46.536479925779666,-117197.69,-28.463520074220334,255483.41333333333,-156263.58666666667,Below pace
"Office of Arts, Culture, Music and Entertainment",Economic Development Fund,Support Services,Personnel & benefits,408541.0,265202.17,12,75.0,306405.75,143338.83000000002,64.91445656617084,-41203.580000000016,-10.085543433829159,353602.8933333333,-54938.10666666669,Below pace
Public Works,Child Safety Fund,Child Safety,Other operating costs,407277.0,336359.20999999996,64,75.0,305457.75,70917.79000000004,82.5873324543247,30901.459999999963,7.587332454324695,448478.9466666666,41201.9466666666,Above pace
Emergency Medical Services,General Fund,Employee Development and Wellness,Contractual services,406216.0,199564.6,13,75.0,304662.0,206651.4,49.127705457195184,-105097.4,-25.872294542804816,266086.13333333336,-140129.86666666664,Below pace
Police,General Fund,Professional Standards,Contractual services,406175.0,261144.24,25,75.0,304631.25,145030.76,64.29352865144334,-43487.01000000001,-10.706471348556661,348192.32,-57982.67999999999,Below pace
Office of the City Auditor,Support Services Fund,Corporate Risk Services,Other operating costs,400846.0,315206.94,37,75.0,300634.5,85639.06,78.63542108440647,14572.440000000002,3.635421084406474,420275.92,19429.919999999984,Near pace
Economic Development,Economic Development Fund,Strategic Planning,Personnel & benefits,400432.0,344239.68,7,75.0,300324.0,56192.32000000001,85.96707555839693,43915.67999999999,10.967075558396928,458986.24,58554.23999999999,Above pace
Police,Police Federal Department of Justice Asset Forfeiture Fund,Asset Forfeiture Funds,Other operating costs,400000.0,5570.89,3,75.0,300000.0,394429.11,1.3927225,-294429.11,-73.6072775,7427.8533333333335,-392572.14666666667,Below pace
Watershed Protection,Riparian Zone Mitigation Fund,"Transfers, Debt Service, and Other Requirements",Transfers & debt service,400000.0,300000.0,1,75.0,300000.0,100000.0,75.0,0.0,0.0,400000.0,0.0,Near pace
Watershed Protection,Drainage Utility Fund,"Planning, Monitoring, & Compliance","Supplies, technology & equipment",399850.0,229130.13,66,75.0,299887.5,170719.87,57.304021508065524,-70757.37,-17.695978491934476,305506.84,-94343.15999999997,Below pace
Economic Development,HUD Section 108 Family Business Loan Program Fund,"Transfers, Debt Service, and Other Requirements",Transfers & debt service,395350.0,329458.3,1,75.0,296512.5,65891.70000000001,83.33332490198558,32945.79999999999,8.333324901985577,439277.73333333334,43927.73333333334,Above pace
Forensic Science,General Fund,"Transfers, Debt Service, and Other Requirements",Other operating costs,394449.0,304715.8,8,75.0,295836.75,89733.20000000001,77.25100076308978,8879.049999999988,2.2510007630897775,406287.73333333334,11838.733333333337,Near pace
General Obligation Debt Service,HUD Section 108 Debt Service Fund,Transfers and Other Requirements,Transfers & debt service,387850.0,343428.56,2,75.0,290887.5,44421.44,88.5467474539126,52541.06,13.546747453912602,457904.74666666664,70054.74666666664,Above pace
Emergency Medical Services,General Fund,"Transfers, Debt Service, and Other Requirements",Transfers & debt service,376358.0,376358.0,1,75.0,282268.5,0.0,100.0,94089.5,25.0,501810.6666666667,125452.66666666669,Above pace
Austin Water,Austin Water Wastewater Utility Operating Fund,"Environmental, Planning, and Development Services",Other operating costs,373288.0,513738.43,129,75.0,279966.0,-140450.43,137.6252196695313,233772.43,62.625219669531305,684984.5733333334,311696.57333333336,Above pace
Austin Public Health,General Fund,Environmental Health Services,Other operating costs,372342.0,303944.93,144,75.0,279256.5,68397.07,81.63057887640932,24688.429999999993,6.6305788764093165,405259.9066666667,32917.90666666668,Above pace
Austin Public Library,General Fund,Public Services,"Supplies, technology & equipment",369462.0,153254.52,33,75.0,277096.5,216207.48,41.48045536482777,-123841.98000000001,-33.51954463517223,204339.36,-165122.64,Below pace
"Office of Arts, Culture, Music and Entertainment",General Fund,Cultural Education and Heritage Preservation,"Supplies, technology & equipment",369091.0,232830.06,109,75.0,276818.25,136260.94,63.08202042314768,-43988.19,-11.917979576852318,310440.08,-58650.919999999984,Below pace
Building Services,Support Services Fund,Support Services,"Supplies, technology & equipment",368434.0,284637.77,6,75.0,276325.5,83796.22999999998,77.2561082853374,8312.270000000019,2.2561082853374046,379517.0266666667,11083.026666666672,Near pace
Austin Public Health,General Fund,Epidemiology and Public Health Preparedness,Other operating costs,367212.0,238017.58000000002,116,75.0,275409.0,129194.41999999998,64.81748417807697,-37391.419999999984,-10.182515821923033,317356.7733333334,-49855.226666666626,Below pace
Parks & Recreation,Golf Fund,"Transfers, Debt Service, and Other Requirements",Contractual services,365946.0,304955.0,1,75.0,274459.5,60991.0,83.33333333333333,30495.5,8.333333333333329,406606.6666666667,40660.666666666686,Above pace
Austin Convention Center,Convention Center Palmer Events Center Operating Fund,"Transfers, Debt Service, and Other Requirements",Personnel & benefits,365938.0,301767.54,1,75.0,274453.5,64170.46000000002,82.46411687225704,27314.03999999998,7.464116872257037,402356.72,36418.71999999997,Above pace
Law,Liability Reserve Fund,Liability Reserve,Contractual services,363000.0,2515293.5300000003,35,75.0,272250.0,-2152293.5300000003,692.9183278236916,2243043.5300000003,617.9183278236916,3353724.706666667,2990724.706666667,Above pace
Management Services,Support Services Fund,Police Oversight,"Supplies, technology & equipment",361520.0,7099.780000000001,11,75.0,271140.0,354420.22,1.963869218853729,-264040.22,-73.03613078114627,9466.373333333335,-352053.62666666665,Below pace
Austin Resource Recovery,Austin Resource Recovery Fund,Remediation,Contractual services,359531.0,95852.47,12,75.0,269648.25,263678.53,26.660418712155558,-173795.78,-48.33958128784444,127803.29333333333,-231727.70666666667,Below pace
Homeless Strategy Office,General Fund,Homeless Strategy Office,Contractual services,356587.0,280760.94,14,75.0,267440.25,75826.06,78.73560729920048,13320.690000000002,3.735607299200481,374347.92,17760.919999999984,Near pace
Neighborhood Housing & Community Development,Neighborhood Housing-Housing Trust Fund,Public Services,Contractual services,350000.0,0.0,2,75.0,262500.0,350000.0,0.0,-262500.0,-75.0,0.0,-350000.0,Below pace
Public Works,Project Connect - Office Fund,Project Connect,Contractual services,343969.0,138341.02000000002,10,75.0,257976.75,205627.97999999998,40.21903718067617,-119635.72999999998,-34.78096281932383,184454.69333333336,-159514.30666666664,Below pace
Human Resources,Employee Benefits Fund,Employee Dental,Contractual services,343319.0,277842.7,1,75.0,257489.25,65476.29999999999,80.92843681823611,20353.45000000001,5.928436818236108,370456.93333333335,27137.93333333335,Above pace
Public Works,Transportation Fund,One Stop Shop,"Supplies, technology & equipment",341652.0,142904.76,33,75.0,256239.0,198747.24,41.82757893997401,-113334.23999999999,-33.17242106002599,190539.68000000002,-151112.31999999998,Below pace
Public Works,Capital Projects Management Fund,Capital Project Delivery Services,"Supplies, technology & equipment",337124.0,28169.32,42,75.0,252843.0,308954.68,8.3557741365195,-224673.68,-66.6442258634805,37559.09333333333,-299564.9066666667,Below pace
Austin Water,Austin Water Water Utility Operating Fund,Engineering and Technical Services,Contractual services,335630.0,38090.39,18,75.0,251722.5,297539.61,11.348922921073802,-213632.11,-63.6510770789262,50787.18666666667,-284842.81333333335,Below pace
Public Works,Parking Management Fund,Emerging Mobility,"Supplies, technology & equipment",332864.0,0.0,4,75.0,249648.0,332864.0,0.0,-249648.0,-75.0,0.0,-332864.0,Below pace
Development Services,Austin Code Fund,Involuntary Code Enforcement,Contractual services,332313.0,855473.3200000001,5,75.0,249234.75,-523160.32000000007,257.4299891969318,606238.5700000001,182.42998919693179,1140631.0933333335,808318.0933333335,Above pace
Emergency Medical Services,General Fund,Clinical Navigation,Contractual services,329784.0,209237.28,14,75.0,247338.0,120546.72,63.44676515537443,-38100.72,-11.553234844625571,278983.04,-50800.96000000002,Below pace
Public Works,Transportation Fund,Transportation Planning and Strategic Projects,Other operating costs,327289.0,235075.8,77,75.0,245466.75,92213.20000000001,71.82514536082789,-10390.950000000012,-3.1748546391721106,313434.39999999997,-13854.600000000035,Near pace
Office of the City Clerk,Support Services Fund,Austin Records and Information Management,Contractual services,327275.0,179850.89,2,75.0,245456.25,147424.11,54.954056985715376,-65605.35999999999,-20.045943014284624,239801.18666666668,-87473.81333333332,Below pace
"Office of Arts, Culture, Music and Entertainment",General Fund,Cultural Arts,Personnel & benefits,326105.0,187131.13999999998,13,75.0,244578.75,138973.86000000002,57.383707701507184,-57447.610000000015,-17.616292298492816,249508.18666666665,-76596.81333333335,Below pace
Economic Development,South Congress Public Improvement District Fund,Public Improvement District,Contractual services,323147.0,21562.1,3,75.0,242360.25,301584.9,6.672536028494772,-220798.15,-68.32746397150522,28749.466666666664,-294397.5333333333,Below pace
Small and Minority Business Resources,Support Services Fund,"Transfers, Debt Service, and Other Requirements",Personnel & benefits,322857.0,266241.52,1,75.0,242142.75,56615.47999999998,82.4642240992142,24098.77000000002,7.464224099214206,354988.69333333336,32131.693333333358,Above pace
Municipal Court,General Fund,Court Judiciary,Contractual services,317497.0,328974.37,4,75.0,238122.75,-11477.369999999995,103.61495384208355,90851.62,28.61495384208355,438632.49333333335,121135.49333333335,Above pace
Fire,General Fund,Emergency Prevention,"Supplies, technology & equipment",317155.0,188065.79,26,75.0,237866.25,129089.20999999999,59.29775346439438,-49800.45999999999,-15.702246535605617,250754.3866666667,-66400.61333333331,Below pace
Law,Support Services Fund,Legal Services,Contractual services,316048.0,500693.57,21,75.0,237036.0,-184645.57,158.42326798460994,263657.57,83.42326798460994,667591.4266666666,351543.42666666664,Above pace
Management Services,Support Services Fund,Government Relations,Other operating costs,315933.0,451608.35000000003,27,75.0,236949.75,-135675.35000000003,142.94434262960817,214658.60000000003,67.94434262960817,602144.4666666667,286211.4666666667,Above pace
Economic Development,Economic Development Fund,Business Incentives and Expansion,Contractual services,312085.0,201540.11,4,75.0,234063.75,110544.89000000001,64.5785955749235,-32523.640000000014,-10.421404425076503,268720.14666666667,-43364.85333333333,Below pace
Police,General Fund,Support Services,Grants & contributions,311353.0,172853.18,6,75.0,233514.75,138499.82,55.516786412849726,-60661.57000000001,-19.483213587150274,230470.90666666665,-80882.09333333335,Below pace
Planning & Zoning,Planning Technology Fund,Support Services,Transfers & debt service,309760.0,232320.0,1,75.0,232320.0,77440.0,75.0,0.0,0.0,309760.0,0.0,Near pace
Austin Water,Austin Water Water Utility Operating Fund,Customer Experience,"Supplies, technology & equipment",309502.0,324034.34,76,75.0,232126.5,-14532.340000000026,104.69539453703047,91907.84000000003,29.695394537030467,432045.7866666667,122543.78666666668,Above pace
Austin Water,Water Reclamation,Reclaim Cip Transfers To,Transfers & debt service,309231.0,309231.0,1,75.0,231923.25,0.0,100.0,77307.75,25.0,412308.0,103077.0,Above pace
Parks & Recreation,Golf Fund,"Transfers, Debt Service, and Other Requirements",Personnel & benefits,306823.0,253018.88,1,75.0,230117.25,53804.119999999995,82.46411774866942,22901.630000000005,7.464117748669423,337358.50666666665,30535.506666666653,Above pace
Fleet Services,Fleet Services Fund,Support Services,Contractual services,306680.0,44135.14,8,75.0,230010.0,262544.86,14.39126777096648,-185874.86,-60.60873222903352,58846.85333333333,-247833.14666666667,Below pace
Austin Resource Recovery,Austin Resource Recovery Fund,Remediation,Other operating costs,306591.0,232709.08,54,75.0,229943.25,73881.92000000001,75.90212367616792,2765.829999999987,0.9021236761679177,310278.7733333333,3687.7733333333163,Near pace
Austin Public Health,General Fund,Disease Prevention & Health Promotion,"Supplies, technology & equipment",304027.0,130755.51,47,75.0,228020.25,173271.49,43.00786114391156,-97264.74,-31.992138856088438,174340.68,-129686.32,Below pace
Austin Public Library,Library Facilities Maintenance and Improvements,Support Services,Personnel & benefits,303600.0,0.0,2,75.0,227700.0,303600.0,0.0,-227700.0,-75.0,0.0,-303600.0,Below pace
Human Resources,Support Services Fund,Labor Relations Office,Other operating costs,302540.0,73904.34,22,75.0,226905.0,228635.66,24.427956633833542,-153000.66,-50.572043366166454,98539.12,-204000.88,Below pace
Small and Minority Business Resources,Support Services Fund,Support Services,Other operating costs,302030.0,100366.06999999999,34,75.0,226522.5,201663.93,33.23049697049962,-126156.43000000001,-41.76950302950038,133821.42666666667,-168208.57333333333,Below pace
"Office of Arts, Culture, Music and Entertainment",Iconic Venue Fund,Music and Entertainment,Grants & contributions,300000.0,2900000.0,1,75.0,225000.0,-2600000.0,966.6666666666666,2675000.0,891.6666666666666,3866666.6666666665,3566666.6666666665,Above pace
Building Services,Long Center Capital Improvements Fund,"Transfers, Debt Service, and Other Requirements",Grants & contributions,300000.0,100516.37,1,75.0,225000.0,199483.63,33.50545666666667,-124483.63,-41.49454333333333,134021.82666666666,-165978.17333333334,Below pace
Austin Water,Austin Water Water Utility Operating Fund,"Environmental, Planning, and Development Services","Supplies, technology & equipment",299625.0,164107.94,53,75.0,224718.75,135517.06,54.77111055486024,-60610.81,-20.228889445139757,218810.58666666667,-80814.41333333333,Below pace
Office of the City Auditor,Support Services Fund,"Transfers, Debt Service, and Other Requirements",Personnel & benefits,299138.0,246682.04,1,75.0,224353.5,52455.95999999999,82.4642940716325,22328.540000000008,7.464294071632494,328909.38666666666,29771.386666666658,Above pace
Small and Minority Business Resources,Support Services Fund,"Transfers, Debt Service, and Other Requirements",Other operating costs,296240.0,249539.5,5,75.0,222180.0,46700.5,84.23558601134215,27359.5,9.23558601134215,332719.3333333333,36479.333333333314,Above pace
Parks & Recreation,Parks and Recreation Parking and Gate Entry Fund,"Park Planning, Development, and Operations",Other operating costs,296046.0,307502.6,7,75.0,222034.5,-11456.599999999977,103.86987157401214,85468.09999999998,28.869871574012137,410003.4666666666,113957.46666666662,Above pace
Enterprise Debt Service,Convention Center HOT Debt Service Fund-Subordinate Lien,"Transfers, Debt Service, and Other Requirements",Contractual services,295900.0,173441.9,1,75.0,221925.0,122458.1,58.61503886448124,-48483.100000000006,-16.384961135518758,231255.86666666667,-64644.13333333333,Below pace
Law,Support Services Fund,Support Services,Other operating costs,294826.0,157700.72,28,75.0,221119.5,137125.28,53.4894208787556,-63418.78,-21.510579121244398,210267.62666666668,-84558.37333333332,Below pace
Municipal Court,General Fund,Youth Case Management,Personnel & benefits,293080.0,211092.42,7,75.0,219810.0,81987.57999999999,72.02552886583868,-8717.579999999987,-2.9744711341613197,281456.56,-11623.440000000002,Near pace
Public Works,Parking Management Fund,Emerging Mobility,Contractual services,289444.0,231564.11,4,75.0,217083.0,57879.890000000014,80.00307831566728,14481.109999999986,5.003078315667281,308752.14666666667,19308.146666666667,Above pace
Austin Public Health,General Fund,Environmental Health Services,"Supplies, technology & equipment",288024.0,191484.05,13,75.0,216018.0,96539.95000000001,66.48197719634474,-24533.95000000001,-8.518022803655256,255312.06666666665,-32711.93333333335,Below pace
Austin Water,Austin Water Wildland Conservation Fund,"Environmental, Planning, and Development Services",Contractual services,285000.0,117152.53,2,75.0,213750.0,167847.47,41.10615087719298,-96597.47,-33.89384912280702,156203.37333333332,-128796.62666666668,Below pace
Building Services,Support Services Fund,Custodial Services,Other operating costs,284773.0,358229.02,41,75.0,213579.75,-73456.02000000002,125.79458726775361,144649.27000000002,50.79458726775361,477638.69333333336,192865.69333333336,Above pace
Financial Services,Mueller Development Fund,Mueller Development,Contractual services,280000.0,0.0,1,75.0,210000.0,280000.0,0.0,-210000.0,-75.0,0.0,-280000.0,Below pace
Public Works,Project Connect - Office Fund,Project Connect,Other operating costs,276273.0,148674.18,21,75.0,207204.75,127598.82,53.81422723175989,-58530.57000000001,-21.185772768240113,198232.24,-78040.76000000001,Below pace
Aviation,Airport Operating Fund,Business Services,"Supplies, technology & equipment",275500.0,64136.68,6,75.0,206625.0,211363.32,23.28010163339383,-142488.32,-51.719898366606174,85515.57333333333,-189984.42666666667,Below pace
Office of the City Auditor,Support Services Fund,Corporate Risk Services,Contractual services,274934.0,87496.19,4,75.0,206200.5,187437.81,31.824434227851047,-118704.31,-43.17556577214896,116661.58666666667,-158272.41333333333,Below pace
Animal Services,General Fund,Support Services,Contractual services,274008.0,119500.95,11,75.0,205506.0,154507.05,43.61221205220286,-86005.05,-31.387787947797143,159334.6,-114673.4,Below pace
Emergency Medical Services,General Fund,Support Services,"Supplies, technology & equipment",269869.0,183411.54,33,75.0,202401.75,86457.45999999999,67.96317472551497,-18990.209999999992,-7.036825274485025,244548.72,-25320.28,Below pace
Economic Development,Economic Development Fund,Support Services,Contractual services,268798.0,28250.25,11,75.0,201598.5,240547.75,10.509843823242733,-173348.25,-64.49015617675727,37667.0,-231131.0,Below pace
Planning & Zoning,General Fund,Long Range Planning,Other operating costs,264329.0,174087.03,41,75.0,198246.75,90241.97,65.85998131116904,-24159.72,-9.140018688830963,232116.04,-32212.959999999992,Below pace
Emergency Medical Services,General Fund,Billing Services,"Supplies, technology & equipment",264200.0,479345.63,6,75.0,198150.0,-215145.63,181.43286525359576,281195.63,106.43286525359576,639127.5066666667,374927.5066666667,Above pace
Office of the City Clerk,Support Services Fund,"Transfers, Debt Service, and Other Requirements",Personnel & benefits,263812.0,217550.26,1,75.0,197859.0,46261.73999999999,82.46412596849271,19691.26000000001,7.464125968492709,290067.01333333337,26255.013333333365,Above pace
Fleet Services,Fleet Services Fund,Vehicle Services and Emerging Technologies,Contractual services,263724.0,170660.83000000002,12,75.0,197793.0,93063.16999999998,64.71190714534893,-27132.169999999984,-10.288092854651069,227547.77333333335,-36176.226666666655,Below pace
Police,Police Federal Department of Justice Asset Forfeiture Fund,Asset Forfeiture Funds,Contractual services,263362.0,0.0,2,75.0,197521.5,263362.0,0.0,-197521.5,-75.0,0.0,-263362.0,Below pace
Building Services,Support Services Fund,Facility and Project Management,"Supplies, technology & equipment",261957.0,238854.87,26,75.0,196467.75,23102.130000000005,91.18094572773394,42387.119999999995,16.180945727733942,318473.16,56516.159999999974,Above pace
Watershed Protection,Barton Springs Conservation,Barton Springs Conservation,Contractual services,260000.0,56462.61,1,75.0,195000.0,203537.39,21.71638846153846,-138537.39,-53.28361153846154,75283.48,-184716.52000000002,Below pace
Austin Public Health,1115 Medicaid Waiver,Health Equity and Community Engagement,Personnel & benefits,255572.57,0.0,2,75.0,191679.4275,255572.57,0.0,-191679.4275,-75.0,0.0,-255572.57,Below pace
Police,Police State Contraband Asset Forfeiture Fund,Asset Forfeiture Funds,"Supplies, technology & equipment",252603.0,0.0,6,75.0,189452.25,252603.0,0.0,-189452.25,-75.0,0.0,-252603.0,Below pace
Building Services,Support Services Fund,Facility Maintenance,"Supplies, technology & equipment",252169.0,374001.89,35,75.0,189126.75,-121832.89000000001,148.31398387589275,184875.14,73.31398387589275,498669.1866666667,246500.1866666667,Above pace
Animal Services,Animal Services Fund,Miscellaneous,Personnel & benefits,250000.0,251680.85,9,75.0,187500.0,-1680.8500000000058,100.67234,64180.850000000006,25.672340000000005,335574.4666666667,85574.46666666667,Above pace
Office of the City Auditor,Support Services Fund,Support Services,Other operating costs,247445.0,11661.96,16,75.0,185583.75,235783.04,4.712950352603609,-173921.79,-70.28704964739639,15549.279999999999,-231895.72,Below pace
Planning & Zoning,General Fund,Support Services,Contractual services,247334.0,24684.96,16,75.0,185500.5,222649.04,9.980415147128983,-160815.54,-65.01958485287102,32913.28,-214420.72,Below pace
Public Works,Transportation Fund,Transportation Engineering,"Supplies, technology & equipment",245150.0,44168.88,26,75.0,183862.5,200981.12,18.017083418315316,-139693.62,-56.982916581684684,58891.84,-186258.16,Below pace
Public Works,Project Connect - Office Fund,"Transfers, Debt Service, and Other Requirements",Personnel & benefits,243763.0,201016.8,1,75.0,182822.25,42746.20000000001,82.46403268748743,18194.54999999999,7.464032687487432,268022.39999999997,24259.399999999965,Above pace
Parks & Recreation,General Fund,Support Services,"Supplies, technology & equipment",243348.0,79811.88,45,75.0,182511.0,163536.12,32.79742590857537,-102699.12,-42.20257409142463,106415.84000000001,-136932.15999999997,Below pace
Planning & Zoning,General Fund,Current Planning,Other operating costs,242798.0,138786.51,60,75.0,182098.5,104011.48999999999,57.16130693004061,-43311.98999999999,-17.83869306995939,185048.68000000002,-57749.31999999998,Below pace
Public Works,Transportation Fund,Community Services,Other operating costs,242406.0,133531.52,49,75.0,181804.5,108874.48000000001,55.08589721376533,-48272.98000000001,-19.914102786234672,178042.02666666664,-64363.97333333336,Below pace
Management Services,Support Services Fund,Communications and Engagement,"Supplies, technology & equipment",242011.0,131452.64,40,75.0,181508.25,110558.35999999999,54.3168037816463,-50055.609999999986,-20.6831962183537,175270.18666666668,-66740.81333333332,Below pace
Development Services,Austin Code Fund,Investigations and Compliance,"Supplies, technology & equipment",242006.0,70553.87,31,75.0,181504.5,171452.13,29.153768914820294,-110950.63,-45.84623108517971,94071.82666666666,-147934.17333333334,Below pace
Austin Public Library,General Fund,"Transfers, Debt Service, and Other Requirements",Transfers & debt service,241629.0,241629.0,1,75.0,181221.75,0.0,100.0,60407.25,25.0,322172.0,80543.0,Above pace
Office of the City Auditor,Support Services Fund,"Transfers, Debt Service, and Other Requirements",Other operating costs,237160.0,200355.8,3,75.0,177870.0,36804.20000000001,84.48127846179794,22485.79999999999,9.481278461797942,267141.06666666665,29981.06666666665,Above pace
Austin Public Health,General Fund,Disease Prevention & Health Promotion,Contractual services,232493.0,56864.96,42,75.0,174369.75,175628.04,24.45878370531586,-117504.79000000001,-50.54121629468414,75819.94666666667,-156673.05333333334,Below pace
Human Resources,Workers' Compensation Fund,Court and Legal Fees,Contractual services,231591.0,132549.21,1,75.0,173693.25,99041.79000000001,57.23418008471832,-41144.04000000001,-17.765819915281682,176732.28,-54858.72,Below pace
Building Services,Support Services Fund,Facility Security and Mail Services,Other operating costs,229737.0,510155.06,37,75.0,172302.75,-280418.06,222.06046914515292,337852.31,147.06046914515292,680206.7466666667,450469.7466666667,Above pace
Small and Minority Business Resources,Support Services Fund,Support Services,Contractual services,227702.0,31680.68,3,75.0,170776.5,196021.32,13.91321991023355,-139095.82,-61.08678008976645,42240.90666666667,-185461.09333333332,Below pace
Development Services,Austin Code Fund,Support Services,Contractual services,227337.0,52889.060000000005,37,75.0,170502.75,174447.94,23.264607169092585,-117613.69,-51.735392830907415,70518.74666666667,-156818.25333333333,Below pace
Austin Convention Center,Convention Center Palmer Events Center Operating Fund,"Transfers, Debt Service, and Other Requirements",Other operating costs,226916.0,226916.0,4,75.0,170187.0,0.0,100.0,56729.0,25.0,302554.6666666667,75638.66666666669,Above pace
Austin Convention Center,Convention Center Palmer Events Center Garage Fund,Event Operations,Contractual services,223578.0,59873.11,5,75.0,167683.5,163704.89,26.779517662739625,-107810.39,-48.22048233726038,79830.81333333334,-143747.18666666665,Below pace
Financial Services,Seaholm Tax Increment Financing Fund,"Transfers, Debt Service, and Other Requirements",Transfers & debt service,223198.0,225425.0,1,75.0,167398.5,-2227.0,100.99776879721145,58026.5,25.99776879721145,300566.6666666667,77368.66666666669,Above pace
Public Works,Transportation Fund,Bridge Maintenance,"Supplies, technology & equipment",222950.0,108509.01000000001,19,75.0,167212.5,114440.98999999999,48.669661359049115,-58703.48999999999,-26.330338640950885,144678.68000000002,-78271.31999999998,Below pace
Austin Public Health,General Fund,Social Service Grants,Contractual services,215000.0,78000.0,5,75.0,161250.0,137000.0,36.27906976744186,-83250.0,-38.72093023255814,104000.0,-111000.0,Below pace
Parks & Recreation,PARD Donations Fund,Support Services,Contractual services,214199.0,2043.0,2,75.0,160649.25,212156.0,0.9537859653873267,-158606.25,-74.04621403461267,2724.0,-211475.0,Below pace
Emergency Medical Services,General Fund,Safety and Performance Improvement,"Supplies, technology & equipment",212200.0,154013.5,8,75.0,159150.0,58186.5,72.57940622054666,-5136.5,-2.420593779453341,205351.33333333334,-6848.666666666657,Near pace
Fire,General Fund,Support Services,Contractual services,211385.0,1030272.5,22,75.0,158538.75,-818887.5,487.3914894623554,871733.75,412.3914894623554,1373696.6666666667,1162311.6666666667,Above pace
Austin Convention Center,Convention Center Marketing and Promotion Fund,Support Services,Other operating costs,208865.0,39750.47,1,75.0,156648.75,169114.53,19.031656811816244,-116898.28,-55.96834318818375,53000.62666666667,-155864.37333333332,Below pace
Fire,General Fund,Support Services,Grants & contributions,208598.0,173606.65999999997,3,75.0,156448.5,34991.340000000026,83.22546716651165,17158.159999999974,8.225467166511649,231475.54666666663,22877.546666666633,Above pace
Aviation,Airport Operating Fund,Business Services,Other operating costs,207755.0,109857.79999999999,34,75.0,155816.25,97897.20000000001,52.87853481263988,-45958.45000000001,-22.121465187360123,146477.06666666665,-61277.93333333335,Below pace
Municipal Court,General Fund,Municipal Court Operations,Contractual services,206019.0,182236.14,13,75.0,154514.25,23782.859999999986,88.45598706915382,27721.890000000014,13.45598706915382,242981.52000000002,36962.52000000002,Above pace
Police,Police Federal Department of Treasury Asset Forfeiture Fund,Asset Forfeiture Funds,"Supplies, technology & equipment",200000.0,0.0,3,75.0,150000.0,200000.0,0.0,-150000.0,-75.0,0.0,-200000.0,Below pace
Building Services,One Texas Center Fund,"Transfers, Debt Service, and Other Requirements",Transfers & debt service,199770.0,198926.07,2,75.0,149827.5,843.929999999993,99.5775491815588,49098.57000000001,24.577549181558794,265234.76,65464.76000000001,Above pace
Homeless Strategy Office,General Fund,"Transfers, Debt Service, and Other Requirements",Personnel & benefits,199299.0,164350.34,1,75.0,149474.25,34948.66,82.46420704569516,14876.089999999997,7.4642070456951615,219133.78666666665,19834.786666666652,Above pace
Austin Resource Recovery,Austin Resource Recovery Fund,Waste Diversion,"Supplies, technology & equipment",195545.0,109687.54,54,75.0,146658.75,85857.46,56.09324707867754,-36971.21000000001,-18.906752921322457,146250.05333333332,-49294.946666666685,Below pace
Austin Resource Recovery,Austin Resource Recovery Fund,Remediation,Personnel & benefits,193164.0,184667.4,21,75.0,144873.0,8496.600000000006,95.60135428961918,39794.399999999994,20.60135428961918,246223.19999999998,53059.19999999998,Above pace
Homeless Strategy Office,General Fund,"Transfers, Debt Service, and Other Requirements",Other operating costs,192753.0,151952.4,6,75.0,144564.75,40800.600000000006,78.83270299294952,7387.649999999994,3.832702992949521,202603.19999999998,9850.199999999983,Near pace
Office of the City Clerk,Support Services Fund,Support Services,"Supplies, technology & equipment",191189.0,154016.4,5,75.0,143391.75,37172.600000000006,80.55714502403382,10624.649999999994,5.557145024033815,205355.19999999998,14166.199999999983,Above pace
Human Resources,Support Services Fund,Human Resources Management,"Supplies, technology & equipment",190469.0,27868.83,35,75.0,142851.75,162600.16999999998,14.631688096225632,-114982.92,-60.36831190377437,37158.44,-153310.56,Below pace
Public Works,Transportation Fund,Bridge Maintenance,Other operating costs,188557.0,201016.27,44,75.0,141417.75,-12459.26999999999,106.60769422508844,59598.51999999999,31.607694225088437,268021.6933333333,79464.6933333333,Above pace
Building Services,Support Services Fund,Facility Security and Mail Services,"Supplies, technology & equipment",185500.0,165911.88999999998,12,75.0,139125.0,19588.110000000015,89.44037196765498,26786.889999999985,14.440371967654983,221215.8533333333,35715.8533333333,Above pace
Austin Public Health,General Fund,Community Services,"Supplies, technology & equipment",181876.0,74731.79,74,75.0,136407.0,107144.21,41.089418065055305,-61675.21000000001,-33.910581934944695,99642.38666666666,-82233.61333333334,Below pace
Emergency Medical Services,EMS Donations Fund,Operations,"Supplies, technology & equipment",179995.0,166522.52,1,75.0,134996.25,13472.48000000001,92.5150809744715,31526.26999999999,17.515080974471502,222030.02666666664,42035.02666666664,Above pace
Emergency Medical Services,General Fund,Chief Medical Officer,Other operating costs,178353.0,44226.520000000004,32,75.0,133764.75,134126.47999999998,24.797183114385515,-89538.23,-50.20281688561448,58968.693333333336,-119384.30666666667,Below pace
Office of the City Clerk,Support Services Fund,Support Services,Contractual services,175684.0,96362.95000000001,6,75.0,131763.0,79321.04999999999,54.85015710024818,-35400.04999999999,-20.149842899751818,128483.93333333335,-47200.06666666665,Below pace
Building Services,Public Safety HQ Fund,Facility and Project Management,"Supplies, technology & equipment",175000.0,35560.66,7,75.0,131250.0,139439.34,20.320377142857147,-95689.34,-54.67962285714285,47414.21333333334,-127585.78666666665,Below pace
Communications & Technology Management,Information and Technology Fund,"Transfers, Debt Service, and Other Requirements",Other operating costs,174725.0,174725.0,2,75.0,131043.75,0.0,100.0,43681.25,25.0,232966.66666666666,58241.66666666666,Above pace
Building Services,Permitting and Development Center Fund,"Transfers, Debt Service, and Other Requirements",Transfers & debt service,173368.0,297394.85,3,75.0,130026.0,-124026.84999999998,171.53964399427804,167368.84999999998,96.53964399427804,396526.4666666666,223158.46666666662,Above pace
Management Services,Support Services Fund,Equity and Inclusion,"Supplies, technology & equipment",172800.0,8426.51,14,75.0,129600.0,164373.49,4.876452546296297,-121173.49,-70.12354745370371,11235.346666666666,-161564.65333333332,Below pace
Economic Development,Economic Development Fund,Small Business Program,Other operating costs,172721.0,122775.06999999999,31,75.0,129540.75,49945.93000000001,71.08288511530155,-6765.680000000008,-3.9171148846984494,163700.09333333332,-9020.906666666677,Near pace
Homeless Strategy Office,General Fund,Support Services,Other operating costs,171559.0,99013.32,30,75.0,128669.25,72545.68,57.713859371994474,-29655.929999999993,-17.286140628005526,132017.76,-39541.23999999999,Below pace
Small and Minority Business Resources,Support Services Fund,Support Services,"Supplies, technology & equipment",170078.0,126521.37,6,75.0,127558.5,43556.630000000005,74.3902033184774,-1037.1300000000047,-0.6097966815225959,168695.16,-1382.8399999999965,Near pace
Public Works,Child Safety Fund,"Transfers, Debt Service, and Other Requirements",Other operating costs,169651.0,169651.0,3,75.0,127238.25,0.0,100.0,42412.75,25.0,226201.33333333334,56550.33333333334,Above pace
Austin Convention Center,Convention Center Palmer Events Center Garage Fund,Event Operations,"Supplies, technology & equipment",169548.0,47703.92,15,75.0,127161.0,121844.08,28.13593790548989,-79457.08,-46.86406209451011,63605.22666666666,-105942.77333333335,Below pace
Communications & Technology Management,Information and Technology Fund,Information Security,"Supplies, technology & equipment",166394.0,179396.69,7,75.0,124795.5,-13002.690000000002,107.81439835570994,54601.19,32.81439835570994,239195.58666666667,72801.58666666667,Above pace
Financial Services,East 6th Street Public Improvement District Fund,Public Improvement District,Contractual services,166311.0,81614.45999999999,2,75.0,124733.25,84696.54000000001,49.073398632682135,-43118.79000000001,-25.926601367317865,108819.27999999998,-57491.720000000016,Below pace
Austin Convention Center,Convention Center Palmer Events Center Garage Fund,"Transfers, Debt Service, and Other Requirements",Contractual services,161237.0,134364.2,1,75.0,120927.75,26872.79999999999,83.33335400683467,13436.450000000012,8.333354006834668,179152.2666666667,17915.266666666692,Above pace
Austin Public Health,1115 Medicaid Waiver,Miscellaneous,Other operating costs,160000.0,131765.77,3,75.0,120000.0,28234.23000000001,82.35360624999998,11765.76999999999,7.353606249999984,175687.69333333333,15687.693333333329,Above pace
Watershed Protection,Waller Creek Tunnel COs,Waller Creek-Block 21 proceeds,Transfers & debt service,159033.0,0.0,1,75.0,119274.75,159033.0,0.0,-119274.75,-75.0,0.0,-159033.0,Below pace
Public Works,Capital Projects Management Fund,Support Services,"Supplies, technology & equipment",158479.01,2535.06,28,75.0,118859.2575,155943.95,1.599618776013303,-116324.19750000001,-73.4003812239867,3380.08,-155098.93000000002,Below pace
Emergency Medical Services,General Fund,Safety and Performance Improvement,Other operating costs,157590.0,249002.56,43,75.0,118192.5,-91412.56,158.00657402119424,130810.06,83.00657402119424,332003.41333333333,174413.41333333333,Above pace
Municipal Court,General Fund,Court Judiciary,Other operating costs,151989.0,154475.69,34,75.0,113991.75,-2486.6900000000023,101.63609866503496,40483.94,26.636098665034964,205967.58666666667,53978.58666666667,Above pace
Development Services,Austin Code Fund,Involuntary Code Enforcement,Other operating costs,150277.0,136215.88999999998,21,75.0,112707.75,14061.110000000015,90.64320554708969,23508.139999999985,15.643205547089693,181621.18666666665,31344.186666666646,Above pace
Austin Water,Austin Water Wastewater Utility Operating Fund,Engineering and Technical Services,Grants & contributions,150000.0,11371.43,1,75.0,112500.0,138628.57,7.580953333333333,-101128.57,-67.41904666666667,15161.906666666668,-134838.09333333332,Below pace
Economic Development,Red River Cultural District,Red River Cultural District,Contractual services,150000.0,100000.0,1,75.0,112500.0,50000.0,66.66666666666667,-12500.0,-8.333333333333329,133333.33333333334,-16666.666666666657,Below pace
Financial Services,Austin Cable Access Fund,Austin Cable Access,Other operating costs,150000.0,0.0,1,75.0,112500.0,150000.0,0.0,-112500.0,-75.0,0.0,-150000.0,Below pace
Austin Public Health,Sustainability Fund,Social Service Grants,Contractual services,150000.0,0.0,1,75.0,112500.0,150000.0,0.0,-112500.0,-75.0,0.0,-150000.0,Below pace
Public Works,Parking Management Fund,Emerging Mobility,Personnel & benefits,150000.0,186774.49000000002,7,75.0,112500.0,-36774.49000000002,124.51632666666669,74274.49000000002,49.516326666666686,249032.65333333335,99032.65333333335,Above pace
Austin Convention Center,Convention Center Palmer Events Center Garage Fund,"Transfers, Debt Service, and Other Requirements",Other operating costs,147378.0,117325.0,6,75.0,110533.5,30053.0,79.60821832295187,6791.5,4.6082183229518705,156433.33333333334,9055.333333333343,Near pace
Law,Support Services Fund,Citywide Public Information Requests,"Supplies, technology & equipment",143645.0,0.0,4,75.0,107733.75,143645.0,0.0,-107733.75,-75.0,0.0,-143645.0,Below pace
Austin Public Health,General Fund,Community Services,Contractual services,142650.0,45289.64,23,75.0,106987.5,97360.36,31.748783736417806,-61697.86,-43.251216263582194,60386.18666666667,-82263.81333333332,Below pace
Financial Services,Downtown Public Improvement District Fund,Public Improvement District,Other operating costs,141530.0,970.4,2,75.0,106147.5,140559.6,0.6856496855790292,-105177.1,-74.31435031442098,1293.8666666666666,-140236.13333333333,Below pace
Financial Services,Support Services Fund,Financial Systems Information Technology,"Supplies, technology & equipment",141257.0,8435.02,8,75.0,105942.75,132821.98,5.9713996474511,-97507.73,-69.0286003525489,11246.693333333335,-130010.30666666667,Below pace
Financial Services,Support Services Fund,Central Procurement,"Supplies, technology & equipment",140951.0,16486.17,18,75.0,105713.25,124464.83,11.696383849706635,-89227.08,-63.303616150293365,21981.559999999998,-118969.44,Below pace
Austin Public Library,Special Library,Miscellaneous,"Supplies, technology & equipment",137500.0,5625.38,6,75.0,103125.0,131874.62,4.091185454545455,-97499.62,-70.90881454545455,7500.506666666667,-129999.49333333333,Below pace
Building Services,Support Services Fund,Support Services,Contractual services,136932.0,71744.39,5,75.0,102699.0,65187.61,52.394173750474685,-30954.61,-22.605826249525315,95659.18666666666,-41272.81333333334,Below pace
Parks & Recreation,Golf Fund,"Transfers, Debt Service, and Other Requirements",Other operating costs,136580.0,136580.0,4,75.0,102435.0,0.0,100.0,34145.0,25.0,182106.66666666666,45526.66666666666,Above pace
Austin Convention Center,Convention Center Palmer Events Center Garage Fund,Event Operations,Other operating costs,136546.0,-384158.88999999996,32,75.0,102409.5,520704.88999999996,-281.34027360742897,-486568.38999999996,-356.34027360742897,-512211.8533333333,-648757.8533333333,Below pace
Economic Development,Economic Development Fund,Support Services,"Supplies, technology & equipment",135151.0,22706.26,7,75.0,101363.25,112444.74,16.800660002515706,-78656.99,-58.199339997484294,30275.013333333332,-104875.98666666666,Below pace
Human Resources,Support Services Fund,Support Services,"Supplies, technology & equipment",127742.0,8490.35,10,75.0,95806.5,119251.65,6.64648275430164,-87316.15,-68.35351724569836,11320.466666666667,-116421.53333333333,Below pace
Municipal Court,General Fund,Municipal Court Operations,"Supplies, technology & equipment",126777.0,26654.99,13,75.0,95082.75,100122.01,21.02509918991615,-68427.76,-53.97490081008385,35539.98666666667,-91237.01333333334,Below pace
Austin Convention Center,Convention Center Palmer Events Center Operating Fund,Support Services,"Supplies, technology & equipment",126200.0,0.0,4,75.0,94650.0,126200.0,0.0,-94650.0,-75.0,0.0,-126200.0,Below pace
Law,Support Services Fund,Support Services,"Supplies, technology & equipment",126040.0,4077.15,10,75.0,94530.0,121962.85,3.2348064106632815,-90452.85,-71.76519358933672,5436.2,-120603.8,Below pace
Small and Minority Business Resources,Support Services Fund,Compliance,Other operating costs,125682.0,107703.84,14,75.0,94261.5,17978.160000000003,85.69551725784122,13442.339999999997,10.695517257841217,143605.12,17923.119999999995,Above pace
Police,Police Federal Department of Treasury Asset Forfeiture Fund,Asset Forfeiture Funds,Contractual services,123224.0,0.0,1,75.0,92418.0,123224.0,0.0,-92418.0,-75.0,0.0,-123224.0,Below pace
Financial Services,Support Services Fund,Central Procurement,Contractual services,121040.0,39732.700000000004,11,75.0,90780.0,81307.29999999999,32.82609054857899,-51047.299999999996,-42.17390945142101,52976.93333333334,-68063.06666666665,Below pace
Public Works,Parking Management Fund,Air Quality,Contractual services,120000.0,109295.0,1,75.0,90000.0,10705.0,91.07916666666667,19295.0,16.079166666666666,145726.66666666666,25726.666666666657,Above pace
Nondepartmental,General Fund,"Transfers, Debt Service, and Other Requirements",Personnel & benefits,119878.0,0.0,1,75.0,89908.5,119878.0,0.0,-89908.5,-75.0,0.0,-119878.0,Below pace
Emergency Medical Services,General Fund,Employee Development and Wellness,"Supplies, technology & equipment",119017.0,60746.83,27,75.0,89262.75,58270.17,51.0404648075485,-28515.92,-23.959535192451497,80995.77333333333,-38021.22666666667,Below pace
Austin Water,Austin Water Wastewater Utility Operating Fund,Customer Experience,Contractual services,116632.0,9114.42,16,75.0,87474.0,107517.58,7.814682076960011,-78359.58,-67.18531792303999,12152.56,-104479.44,Below pace
Public Works,Parking Management Fund,Air Quality,Personnel & benefits,115420.0,99395.35,8,75.0,86565.0,16024.649999999994,86.11622769017501,12830.350000000006,11.116227690175009,132527.13333333333,17107.13333333333,Above pace
Parks & Recreation,PARD Donations Fund,Community Services,Contractual services,114580.0,142.42,16,75.0,85935.0,114437.58,0.124297434107174,-85792.58,-74.87570256589282,189.89333333333332,-114390.10666666667,Below pace
Building Services,City Hall Fund,Facility and Project Management,"Supplies, technology & equipment",113500.0,149533.69,13,75.0,85125.0,-36033.69,131.74774449339208,64408.69,56.74774449339208,199378.25333333333,85878.25333333333,Above pace
Austin Convention Center,Convention Center Operating Fund,Support Services,Transfers & debt service,112000.0,0.0,1,75.0,84000.0,112000.0,0.0,-84000.0,-75.0,0.0,-112000.0,Below pace
Financial Services,Support Services Fund,Treasury and Development Financing,Contractual services,109476.0,4264.08,8,75.0,82107.0,105211.92,3.8949906828894005,-77842.92,-71.1050093171106,5685.44,-103790.56,Below pace
Austin Water,Austin Water Reclaimed Water Utility Operating Fund,Reclaimed Water Services,"Supplies, technology & equipment",107928.0,60388.17,18,75.0,80946.0,47539.83,55.95227373804759,-20557.83,-19.047726261952413,80517.56,-27410.440000000002,Below pace
Development Services,Development Services Fund,Land Development Review,Contractual services,107552.0,2103.53,11,75.0,80664.0,105448.47,1.955826019041952,-78560.47,-73.04417398095805,2804.706666666667,-104747.29333333333,Below pace
Financial Services,Second Street Tax Increment Financing Fund,Tax Increment Financing District,Other operating costs,105000.0,27151.0,3,75.0,78750.0,77849.0,25.85809523809524,-51599.0,-49.14190476190476,36201.333333333336,-68798.66666666666,Below pace
Austin Convention Center,Convention Center Palmer Events Center Operating Fund,Support Services,Personnel & benefits,102245.0,85143.99,9,75.0,76683.75,17101.009999999995,83.27447796958286,8460.240000000005,8.274477969582861,113525.32,11280.320000000007,Above pace
Financial Services,Support Services Fund,Treasury and Development Financing,"Supplies, technology & equipment",102000.0,92166.49,11,75.0,76500.0,9833.509999999995,90.35930392156862,15666.490000000005,15.359303921568625,122888.65333333334,20888.653333333335,Above pace
Economic Development,Economic Development Fund,Business Incentives and Expansion,Other operating costs,101295.0,61617.92,23,75.0,75971.25,39677.08,60.83016930746829,-14353.330000000002,-14.169830692531711,82157.22666666667,-19137.77333333333,Below pace
"Office of Arts, Culture, Music and Entertainment",Live Music Fund,Music and Entertainment,Other operating costs,100000.0,13616.08,1,75.0,75000.0,86383.92,13.61608,-61383.92,-61.38392,18154.773333333334,-81845.22666666667,Below pace
Austin Public Health,Opioid Settlement Fund,Opioid Settlement Funds,Other operating costs,99784.0,521.39,10,75.0,74838.0,99262.61,0.522518640262968,-74316.61,-74.47748135973703,695.1866666666666,-99088.81333333334,Below pace
Communications & Technology Management,"Combined Transportation, Emergency & Communications Ctr Fund","Transfers, Debt Service, and Other Requirements",Other operating costs,96376.0,96376.0,3,75.0,72282.0,0.0,100.0,24094.0,25.0,128501.33333333333,32125.33333333333,Above pace
Public Works,Child Safety Fund,"Transfers, Debt Service, and Other Requirements",Personnel & benefits,94440.0,77878.56,1,75.0,70830.0,16561.440000000002,82.46353240152477,7048.559999999998,7.463532401524773,103838.08,9398.080000000002,Above pace
Public Works,I-35 Parking Program Fund,"Transfers, Debt Service, and Other Requirements",Transfers & debt service,92420.0,92420.0,1,75.0,69315.0,0.0,100.0,23105.0,25.0,123226.66666666667,30806.66666666667,Above pace
Human Resources,Employee Benefits Fund,Retiree Medical,Grants & contributions,92116.0,77396.55,2,75.0,69087.0,14719.449999999997,84.0207455816579,8309.550000000003,9.020745581657906,103195.40000000001,11079.400000000009,Above pace
Austin Water,Austin Water Water Utility Operating Fund,Other Utility Program Requirements,"Supplies, technology & equipment",91500.0,124696.2,5,75.0,68625.0,-33196.2,136.28,56071.2,61.28,166261.6,74761.6,Above pace
Public Works,GCP-Tpsd General Improvements,Cip Transfers - Tpsd - 607,Transfers & debt service,91332.0,91331.41,1,75.0,68499.0,0.5899999999965075,99.99935400516796,22832.410000000003,24.99935400516796,121775.21333333333,30443.213333333333,Above pace
"Office of Arts, Culture, Music and Entertainment",Economic Development Fund,Music and Entertainment,Contractual services,91247.0,71321.87,1,75.0,68435.25,19925.130000000005,78.16352318432386,2886.6199999999953,3.1635231843238643,95095.82666666666,3848.8266666666605,Near pace
Management Services,Support Services Fund,Budget and Organizational Excellence,Grants & contributions,88803.0,0.0,1,75.0,66602.25,88803.0,0.0,-66602.25,-75.0,0.0,-88803.0,Below pace
Mayor & Council,Support Services Fund,Mayor and City Council Offices,Contractual services,88754.0,14327.18,39,75.0,66565.5,74426.82,16.142573855826218,-52238.32,-58.857426144173786,19102.906666666666,-69651.09333333334,Below pace
Management Services,Support Services Fund,City Manager's Office,Contractual services,87995.0,2257.58,18,75.0,65996.25,85737.42,2.5655775896357746,-63738.67,-72.43442241036422,3010.1066666666666,-84984.89333333334,Below pace
Municipal Court,Special Court Fund,Local Consolidated Services,Contractual services,87726.0,87646.38,4,75.0,65794.5,79.61999999999534,99.90924013405376,21851.880000000005,24.90924013405376,116861.84000000001,29135.84000000001,Above pace
Fleet Services,Fleet Services Fund,Support Services,"Supplies, technology & equipment",87623.0,162037.43000000002,13,75.0,65717.25,-74414.43000000002,184.9256816132751,96320.18000000002,109.92568161327509,216049.9066666667,128426.9066666667,Above pace
Municipal Court,General Fund,Community Court,"Supplies, technology & equipment",86355.0,123999.59,15,75.0,64766.25,-37644.59,143.59283191477041,59233.34,68.59283191477041,165332.78666666665,78977.78666666665,Above pace
"Office of Arts, Culture, Music and Entertainment",Economic Development Fund,Music and Entertainment,Other operating costs,86350.0,51838.17,23,75.0,64762.5,34511.83,60.03262304574407,-12924.330000000002,-14.967376954255933,69117.56,-17232.440000000002,Below pace
Austin Public Health,Opioid Settlement Fund,Opioid Settlement Funds,Personnel & benefits,84938.0,3933.16,7,75.0,63703.5,81004.84,4.630624690951047,-59770.34,-70.36937530904895,5244.213333333333,-79693.78666666667,Below pace
Austin Public Health,1115 Medicaid Waiver,Community Services,Other operating costs,82273.5,37115.2,16,75.0,61705.125,45158.3,45.111974086431225,-24589.925000000003,-29.888025913568775,49486.93333333333,-32786.56666666667,Below pace
Small and Minority Business Resources,Support Services Fund,Certification,Other operating costs,82061.0,69494.43,13,75.0,61545.75,12566.570000000007,84.68630652807057,7948.679999999993,9.686306528070574,92659.23999999999,10598.23999999999,Above pace
Office of the City Clerk,Support Services Fund,Austin Records and Information Management,Other operating costs,81177.0,71230.33,12,75.0,60882.75,9946.669999999998,87.74693570839031,10347.580000000002,12.74693570839031,94973.77333333333,13796.77333333333,Above pace
Austin Water,Austin Water Wastewater Utility Operating Fund,Customer Experience,"Supplies, technology & equipment",79919.0,31716.15,52,75.0,59939.25,48202.85,39.68536893604775,-28223.1,-35.31463106395225,42288.200000000004,-37630.799999999996,Below pace
Management Services,Support Services Fund,Support Services,"Supplies, technology & equipment",79346.0,43985.3,8,75.0,59509.5,35360.7,55.434804527008296,-15524.199999999997,-19.565195472991704,58647.06666666667,-20698.933333333327,Below pace
Austin Water,Austin Water Reclaimed Water Utility Operating Fund,"Transfers, Debt Service, and Other Requirements",Contractual services,78314.0,65261.7,1,75.0,58735.5,13052.300000000003,83.33337589702991,6526.199999999997,8.33337589702991,87015.59999999999,8701.599999999991,Above pace
Emergency Medical Services,General Fund,Emergency Communications,"Supplies, technology & equipment",76621.0,116283.01999999999,9,75.0,57465.75,-39662.01999999999,151.7639028464781,58817.26999999999,76.76390284647809,155044.02666666664,78423.02666666664,Above pace
Financial Services,Support Services Fund,Support Services,"Supplies, technology & equipment",76155.0,22630.1,28,75.0,57116.25,53524.9,29.715842689252185,-34486.15,-45.284157310747815,30173.466666666664,-45981.53333333334,Below pace
Office of the City Auditor,Support Services Fund,Corporate Risk Services,"Supplies, technology & equipment",75819.0,0.0,5,75.0,56864.25,75819.0,0.0,-56864.25,-75.0,0.0,-75819.0,Below pace
Human Resources,Support Services Fund,Support Services,Contractual services,75198.0,15814.359999999999,7,75.0,56398.5,59383.64,21.030293358865926,-40584.14,-53.969706641134074,21085.81333333333,-54112.18666666667,Below pace
Mayor & Council,Support Services Fund,Mayor and City Council Offices,"Supplies, technology & equipment",72671.0,41707.15,40,75.0,54503.25,30963.85,57.39173810736057,-12796.099999999999,-17.608261892639433,55609.53333333333,-17061.466666666667,Below pace
Watershed Protection,Drainage Utility Fund,Project Design and Delivery,"Supplies, technology & equipment",72625.0,9632.77,38,75.0,54468.75,62992.229999999996,13.263710843373493,-44835.979999999996,-61.736289156626505,12843.693333333335,-59781.306666666664,Below pace
Police,ARIC Sustainability,Neighborhood-Based Policing,Other operating costs,71759.0,14868.369999999999,8,75.0,53819.25,56890.630000000005,20.719867891135607,-38950.880000000005,-54.28013210886439,19824.493333333332,-51934.50666666667,Below pace
Austin Public Library,Special Library,Miscellaneous,Contractual services,71488.0,6471.44,4,75.0,53616.0,65016.56,9.052484333034915,-47144.56,-65.94751566696509,8628.586666666666,-62859.41333333333,Below pace
Animal Services,General Fund,Support Services,"Supplies, technology & equipment",71250.0,20781.67,8,75.0,53437.5,50468.33,29.167256140350872,-32655.83,-45.83274385964913,27708.89333333333,-43541.106666666674,Below pace
Austin Resource Recovery,Austin Resource Recovery Fund,Remediation,"Supplies, technology & equipment",70575.0,54810.340000000004,15,75.0,52931.25,15764.659999999996,77.66254339355295,1879.0900000000038,2.6625433935529514,73080.45333333334,2505.4533333333384,Near pace
Austin Public Health,General Fund,Health Equity and Community Engagement,Grants & contributions,69000.0,30066.270000000004,5,75.0,51750.0,38933.729999999996,43.57430434782609,-21683.729999999996,-31.425695652173907,40088.36000000001,-28911.639999999992,Below pace
Austin Public Health,General Fund,Epidemiology and Public Health Preparedness,"Supplies, technology & equipment",68991.0,34449.869999999995,27,75.0,51743.25,34541.130000000005,49.93386093838326,-17293.380000000005,-25.066139061616738,45933.159999999996,-23057.840000000004,Below pace
Austin Public Health,General Fund,Health Equity and Community Engagement,Contractual services,68492.0,25236.34,17,75.0,51369.0,43255.66,36.845675407346846,-26132.66,-38.154324592653154,33648.45333333333,-34843.54666666667,Below pace
Financial Services,Support Services Fund,Financial Systems Information Technology,Contractual services,67738.0,26902.44,4,75.0,50803.5,40835.56,39.71543299182143,-23901.06,-35.28456700817857,35869.92,-31868.08,Below pace
Neighborhood Housing & Community Development,General Fund,Support Services,"Supplies, technology & equipment",67599.0,32655.190000000002,8,75.0,50699.25,34943.81,48.30720868651903,-18044.059999999998,-26.692791313480967,43540.253333333334,-24058.746666666666,Below pace
Austin Public Health,General Fund,Health Equity and Community Engagement,"Supplies, technology & equipment",67545.0,30449.35,22,75.0,50658.75,37095.65,45.08009475164705,-20209.4,-29.919905248352947,40599.13333333333,-26945.86666666667,Below pace
Communications & Technology Management,Wireless Communication Services Fund,"Transfers, Debt Service, and Other Requirements",Other operating costs,67366.0,67366.0,7,75.0,50524.5,0.0,100.0,16841.5,25.0,89821.33333333333,22455.33333333333,Above pace
Watershed Protection,Drainage Utility Fund,Project Design and Delivery,Contractual services,64881.0,20201.62,13,75.0,48660.75,44679.380000000005,31.136418982444784,-28459.13,-43.86358101755522,26935.493333333332,-37945.50666666667,Below pace
Public Works,Parking Management Fund,Asset and Facility Management,"Supplies, technology & equipment",64789.0,58457.82,3,75.0,48591.75,6331.18,90.22800166694964,9866.07,15.228001666949638,77943.76,13154.759999999995,Above pace
Office of the City Clerk,Support Services Fund,Austin Records and Information Management,"Supplies, technology & equipment",62968.0,39834.06,2,75.0,47226.0,23133.940000000002,63.26079913606912,-7391.940000000002,-11.739200863930883,53112.079999999994,-9855.920000000006,Below pace
Financial Services,Support Services Fund,Real Estate and Facilities Governance,"Supplies, technology & equipment",62893.0,1911.3700000000001,14,75.0,47169.75,60981.63,3.039082250806926,-45258.38,-71.96091774919307,2548.4933333333333,-60344.50666666667,Below pace
Communications & Technology Management,Information and Technology Fund,Customer Engagement,"Supplies, technology & equipment",61500.0,47077.21,3,75.0,46125.0,14422.79,76.54830894308942,952.2099999999991,1.548308943089424,62769.613333333335,1269.6133333333346,Near pace
Austin Water,Austin Water Wastewater Utility Operating Fund,Other Utility Program Requirements,"Supplies, technology & equipment",61500.0,124696.2,4,75.0,46125.0,-63196.2,202.7580487804878,78571.2,127.7580487804878,166261.6,104761.6,Above pace
"Office of Arts, Culture, Music and Entertainment",General Fund,Cultural Arts,Contractual services,60000.0,5471.97,1,75.0,45000.0,54528.03,9.11995,-39528.03,-65.88005,7295.96,-52704.04,Below pace
Austin Water,Austin Water Reclaimed Water Utility Operating Fund,"Transfers, Debt Service, and Other Requirements",Personnel & benefits,59922.0,49413.92,1,75.0,44941.5,10508.080000000002,82.46373619038083,4472.419999999998,7.463736190380828,65885.22666666667,5963.226666666669,Above pace
Public Works,Child Safety Fund,Child Safety,"Supplies, technology & equipment",59780.0,10551.62,18,75.0,44835.0,49228.38,17.65075276012044,-34283.38,-57.34924723987956,14068.826666666668,-45711.17333333333,Below pace
Development Services,Development Services Fund,Land Development Review,"Supplies, technology & equipment",57549.0,30431.329999999998,40,75.0,43161.75,27117.670000000002,52.87899007802047,-12730.420000000002,-22.121009921979528,40575.10666666667,-16973.893333333333,Below pace
Municipal Court,Special Court Fund,Local Consolidated Services,"Supplies, technology & equipment",57500.0,17680.67,4,75.0,43125.0,39819.33,30.748991304347822,-25444.33,-44.251008695652175,23574.226666666666,-33925.77333333333,Below pace
Emergency Medical Services,General Fund,Community Relations and Injury Prevention,Other operating costs,57023.0,46235.56,27,75.0,42767.25,10787.440000000002,81.08230012451116,3468.3099999999977,6.082300124511164,61647.41333333333,4624.41333333333,Above pace
Austin Public Library,General Fund,Materials Management Services,"Supplies, technology & equipment",56283.0,8640.21,4,75.0,42212.25,47642.79,15.351367197910557,-33572.04,-59.648632802089445,11520.279999999999,-44762.72,Below pace
Parks & Recreation,General Fund,Community Services,Grants & contributions,55200.0,-249633.25,5,75.0,41400.0,304833.25,-452.2341485507246,-291033.25,-527.2341485507246,-332844.3333333333,-388044.3333333333,Below pace
Austin Water,Austin Water Reclaimed Water Utility Operating Fund,Reclaimed Water Services,Contractual services,54747.0,48489.08,5,75.0,41060.25,6257.919999999998,88.5693827972309,7428.830000000002,13.569382797230901,64652.10666666667,9905.106666666667,Above pace
Small and Minority Business Resources,Support Services Fund,Strategic and Resource Services,Other operating costs,54148.0,57114.03,25,75.0,40611.0,-2966.029999999999,105.47763536972741,16503.03,30.47763536972741,76152.04,22004.039999999994,Above pace
Austin Water,Austin Water Reclaimed Water Utility Operating Fund,Other Utility Program Requirements,Other operating costs,52405.0,38326.42,3,75.0,39303.75,14078.580000000002,73.13504436599561,-977.3300000000017,-1.8649556340043887,51101.89333333333,-1303.1066666666666,Near pace
"Office of Arts, Culture, Music and Entertainment",Economic Development Fund,Cultural Arts,Contractual services,50200.0,303.4,2,75.0,37650.0,49896.6,0.6043824701195218,-37346.6,-74.39561752988048,404.5333333333333,-49795.46666666667,Below pace
Austin Energy,Better Bldgs Loan Loss Reserve,Customer Energy Solutions,Contractual services,50000.0,11183.6,1,75.0,37500.0,38816.4,22.3672,-26316.4,-52.6328,14911.466666666667,-35088.53333333333,Below pace
Emergency Medical Services,General Fund,Chief Medical Officer,Contractual services,50000.0,49149.25,5,75.0,37500.0,850.75,98.2985,11649.25,23.298500000000004,65532.333333333336,15532.333333333336,Above pace
Austin Water,Austin Water Wastewater Utility Operating Fund,Other Utility Program Requirements,Grants & contributions,50000.0,8428.22,1,75.0,37500.0,41571.78,16.85644,-29071.78,-58.14356,11237.626666666665,-38762.37333333334,Below pace
Economic Development,Economic Development Fund,Business Incentives and Expansion,Grants & contributions,50000.0,0.0,1,75.0,37500.0,50000.0,0.0,-37500.0,-75.0,0.0,-50000.0,Below pace
Austin Convention Center,Convention Center Palmer Events Center Garage Fund,"Transfers, Debt Service, and Other Requirements",Personnel & benefits,49643.0,40937.82,1,75.0,37232.25,8705.18,82.46443607356525,3705.5699999999997,7.464436073565253,54583.76,4940.760000000002,Above pace
Austin Water,Austin Water Wastewater Utility Operating Fund,"Environmental, Planning, and Development Services","Supplies, technology & equipment",46373.0,30164.0,32,75.0,34779.75,16209.0,65.04647100683587,-4615.75,-9.953528993164127,40218.666666666664,-6154.333333333336,Below pace
Economic Development,Economic Development Fund,Strategic Planning,Other operating costs,42509.0,-15121.130000000001,18,75.0,31881.75,57630.130000000005,-35.571596603072294,-47002.880000000005,-110.5715966030723,-20161.506666666668,-62670.50666666667,Below pace
Law,Support Services Fund,Citywide Public Information Requests,Other operating costs,40835.0,56621.52,12,75.0,30626.25,-15786.519999999997,138.65928737602547,25995.269999999997,63.659287376025475,75495.36,34660.36,Above pace
Management Services,Support Services Fund,Budget and Organizational Excellence,"Supplies, technology & equipment",40719.0,8348.09,14,75.0,30539.25,32370.91,20.50170681991208,-22191.16,-54.49829318008792,11130.786666666667,-29588.213333333333,Below pace
Emergency Medical Services,General Fund,Chief Medical Officer,"Supplies, technology & equipment",40668.0,37741.18,9,75.0,30501.0,2926.8199999999997,92.80313760204584,7240.18,17.803137602045837,50321.573333333334,9653.573333333334,Above pace
"Office of Arts, Culture, Music and Entertainment",General Fund,Music and Entertainment,Other operating costs,40356.0,35632.81,32,75.0,30267.0,4723.190000000002,88.29618891862424,5365.809999999998,13.296188918624239,47510.41333333333,7154.41333333333,Above pace
Law,Support Services Fund,Legal Services,"Supplies, technology & equipment",40000.0,7893.7,12,75.0,30000.0,32106.3,19.73425,-22106.3,-55.26575,10524.933333333332,-29475.066666666666,Below pace
Animal Services,Animal Services Fund,Animal Services,Contractual services,40000.0,216.0,3,75.0,30000.0,39784.0,0.54,-29784.0,-74.46,288.0,-39712.0,Below pace
Austin Public Health,General Fund,Epidemiology and Public Health Preparedness,Contractual services,39368.0,18794.13,15,75.0,29526.0,20573.87,47.73961085145296,-10731.869999999999,-27.26038914854704,25058.84,-14309.16,Below pace
Development Services,Development Services Fund,Building Plan Review & Inspections,Contractual services,37645.0,15025.51,7,75.0,28233.75,22619.489999999998,39.91369371762518,-13208.24,-35.08630628237482,20034.013333333332,-17610.986666666668,Below pace
Police,Auto Theft Interdiction Seizur,Miscellaneous,Personnel & benefits,37161.0,0.0,1,75.0,27870.75,37161.0,0.0,-27870.75,-75.0,0.0,-37161.0,Below pace
Animal Services,Animal Services Fund,Miscellaneous,"Supplies, technology & equipment",37000.0,7444.139999999999,5,75.0,27750.0,29555.86,20.119297297297297,-20305.86,-54.880702702702706,9925.519999999999,-27074.480000000003,Below pace
Neighborhood Housing & Community Development,General Fund,Public Services,Contractual services,34900.0,3646.81,3,75.0,26175.0,31253.19,10.449312320916906,-22528.19,-64.5506876790831,4862.413333333333,-30037.586666666666,Below pace
Police,Police State Gambling Asset Forfeiture Fund,Asset Forfeiture Funds,"Supplies, technology & equipment",33425.0,0.0,3,75.0,25068.75,33425.0,0.0,-25068.75,-75.0,0.0,-33425.0,Below pace
Development Services,Development Services Fund,Infrastructure & Environmental Inspections,"Supplies, technology & equipment",33093.0,10080.72,16,75.0,24819.75,23012.28,30.461789502311664,-14739.03,-44.53821049768834,13440.96,-19652.04,Below pace
Homeless Strategy Office,General Fund,Homeless Strategy Office,"Supplies, technology & equipment",33039.0,35468.69,10,75.0,24779.25,-2429.6900000000023,107.35400587184841,10689.440000000002,32.354005871848415,47291.58666666667,14252.58666666667,Above pace
Economic Development,Economic Development Fund,Small Business Program,Contractual services,32553.0,15000.0,3,75.0,24414.75,17553.0,46.07870242373975,-9414.75,-28.92129757626025,20000.0,-12553.0,Below pace
Development Services,Development Services Fund,"Transfers, Debt Service, and Other Requirements",Transfers & debt service,32217.0,29213.0,2,75.0,24162.75,3004.0,90.67573020455039,5050.25,15.67573020455039,38950.666666666664,6733.666666666664,Above pace
Management Services,Support Services Fund,City Manager's Office,"Supplies, technology & equipment",31365.0,1830.9699999999998,37,75.0,23523.75,29534.03,5.837621552686114,-21692.78,-69.16237844731388,2441.293333333333,-28923.706666666665,Below pace
Austin Energy,Austin Energy Fund,Customer Energy Solutions,"Supplies, technology & equipment",31078.0,10009.03,40,75.0,23308.5,21068.97,32.20615869747088,-13299.47,-42.79384130252912,13345.373333333335,-17732.626666666663,Below pace
Austin Public Health,General Fund,Environmental Health Services,Contractual services,30083.0,8445.43,15,75.0,22562.25,21637.57,28.073762590167203,-14116.82,-46.926237409832794,11260.573333333334,-18822.426666666666,Below pace
General Obligation Debt Service,General Obligation Debt Service Fund,Transfers and Other Requirements,Contractual services,30000.0,23200.0,1,75.0,22500.0,6800.0,77.33333333333333,700.0,2.3333333333333286,30933.333333333332,933.3333333333321,Near pace
Austin Water,Austin Water Water Utility Operating Fund,"Environmental, Planning, and Development Services",Grants & contributions,30000.0,15000.0,2,75.0,22500.0,15000.0,50.0,-7500.0,-25.0,20000.0,-10000.0,Below pace
Development Services,Planting For The Future Fund,Miscellaneous,Other operating costs,30000.0,0.0,1,75.0,22500.0,30000.0,0.0,-22500.0,-75.0,0.0,-30000.0,Below pace
Austin Resource Recovery,Austin Resource Recovery Fund,Support Services,Transfers & debt service,30000.0,0.0,1,75.0,22500.0,30000.0,0.0,-22500.0,-75.0,0.0,-30000.0,Below pace
Management Services,Support Services Fund,Climate Action and Resilience,"Supplies, technology & equipment",26300.0,16137.689999999999,17,75.0,19725.0,10162.310000000001,61.36003802281368,-3587.3100000000013,-13.639961977186317,21516.92,-4783.080000000002,Below pace
Police,Police State Contraband Asset Forfeiture Fund,Asset Forfeiture Funds,Other operating costs,25000.0,0.0,3,75.0,18750.0,25000.0,0.0,-18750.0,-75.0,0.0,-25000.0,Below pace
Police,Police State Contraband Asset Forfeiture Fund,Asset Forfeiture Funds,Contractual services,25000.0,0.0,1,75.0,18750.0,25000.0,0.0,-18750.0,-75.0,0.0,-25000.0,Below pace
Police,Police Benefit Fund,Neighborhood-Based Policing,"Supplies, technology & equipment",25000.0,25611.1,1,75.0,18750.0,-611.0999999999985,102.4444,6861.0999999999985,27.4444,34148.13333333333,9148.133333333331,Above pace
Public Works,Transportation Fund,General Maintenance,Contractual services,23527.0,64079.81,25,75.0,17645.25,-40552.81,272.3671101287882,46434.56,197.36711012878823,85439.74666666666,61912.74666666666,Above pace
Municipal Court,General Fund,Youth Case Management,Other operating costs,23074.0,20199.52,13,75.0,17305.5,2874.4799999999996,87.54234202999046,2894.0200000000004,12.542342029990465,26932.693333333333,3858.6933333333327,Above pace
Planning & Zoning,General Fund,Support Services,"Supplies, technology & equipment",22226.0,4736.38,18,75.0,16669.5,17489.62,21.310087285161522,-11933.119999999999,-53.68991271483848,6315.173333333333,-15910.826666666668,Below pace
Austin Public Health,1115 Medicaid Waiver,Disease Prevention & Health Promotion,Other operating costs,21762.8,13436.09,8,75.0,16322.099999999999,8326.71,61.73879280239675,-2886.0099999999984,-13.261207197603248,17914.786666666667,-3848.0133333333324,Below pace
Public Works,Parking Management Fund,Air Quality,Other operating costs,21392.0,31817.54,13,75.0,16044.0,-10425.54,148.73569558713538,15773.54,73.73569558713538,42423.386666666665,21031.386666666665,Above pace
Office of the City Auditor,Support Services Fund,Support Services,"Supplies, technology & equipment",20023.0,3353.88,3,75.0,15017.25,16669.12,16.750137342056636,-11663.369999999999,-58.24986265794337,4471.84,-15551.16,Below pace
Small and Minority Business Resources,Support Services Fund,Compliance,Contractual services,20008.0,0.0,1,75.0,15006.0,20008.0,0.0,-15006.0,-75.0,0.0,-20008.0,Below pace
Management Services,Support Services Fund,Climate Action and Resilience,Grants & contributions,20000.0,-197832.1,4,75.0,15000.0,217832.1,-989.1605,-212832.1,-1064.1605,-263776.13333333336,-283776.13333333336,Below pace
Public Works,Transportation Fund,Sidewalk Infrastructure,"Supplies, technology & equipment",18500.0,1996.35,10,75.0,13875.0,16503.65,10.791081081081082,-11878.65,-64.20891891891893,2661.7999999999997,-15838.2,Below pace
Austin Public Health,1115 Medicaid Waiver,Community Services,"Supplies, technology & equipment",18000.0,25384.949999999997,9,75.0,13500.0,-7384.949999999997,141.02749999999997,11884.949999999997,66.02749999999997,33846.6,15846.599999999999,Above pace
Public Works,Transportation Fund,Community Services,"Supplies, technology & equipment",17527.0,13976.45,10,75.0,13145.25,3550.5499999999993,79.74239744394363,831.2000000000007,4.742397443943631,18635.266666666666,1108.2666666666664,Near pace
Emergency Medical Services,General Fund,Community Relations and Injury Prevention,"Supplies, technology & equipment",17020.0,5435.09,6,75.0,12765.0,11584.91,31.93354876615746,-7329.91,-43.06645123384254,7246.786666666667,-9773.213333333333,Below pace
Financial Services,Support Services Fund,"Transfers, Debt Service, and Other Requirements",Transfers & debt service,15782.0,13151.7,1,75.0,11836.5,2630.2999999999993,83.33354454441769,1315.2000000000007,8.333544544417691,17535.600000000002,1753.6000000000022,Above pace
Austin Transportation,ATD  Transportation CIP,Interfund Transfers-Other,Transfers & debt service,15700.0,15700.0,1,75.0,11775.0,0.0,100.0,3925.0,25.0,20933.333333333332,5233.333333333332,Above pace
Aviation,Airport Operating Fund,Airport Planning & Development,"Supplies, technology & equipment",15650.0,2792.1299999999997,17,75.0,11737.5,12857.87,17.841086261980827,-8945.37,-57.15891373801917,3722.8399999999997,-11927.16,Below pace
Economic Development,Economic Development Fund,Workforce Development and Childcare,"Supplies, technology & equipment",15386.0,5155.78,11,75.0,11539.5,10230.220000000001,33.50955414012739,-6383.72,-41.49044585987261,6874.373333333333,-8511.626666666667,Below pace
Public Works,Transportation Fund,Transportation Planning and Strategic Projects,"Supplies, technology & equipment",15250.0,13069.37,12,75.0,11437.5,2180.629999999999,85.7007868852459,1631.8700000000008,10.700786885245904,17425.826666666668,2175.8266666666677,Above pace
Economic Development,Public Art Fund,"Transfers, Debt Service, and Other Requirements",Transfers & debt service,15163.0,15163.0,1,75.0,11372.25,0.0,100.0,3790.75,25.0,20217.333333333332,5054.333333333332,Above pace
"Office of Arts, Culture, Music and Entertainment",Economic Development Fund,Cultural Arts,"Supplies, technology & equipment",15100.0,510.66,6,75.0,11325.0,14589.34,3.3818543046357616,-10814.34,-71.61814569536423,680.88,-14419.12,Below pace
Austin Water,Austin Water Wastewater Utility Operating Fund,"Environmental, Planning, and Development Services",Grants & contributions,15000.0,0.0,1,75.0,11250.0,15000.0,0.0,-11250.0,-75.0,0.0,-15000.0,Below pace
Austin Public Library,Austin History Center,Miscellaneous,Other operating costs,14410.0,0.0,4,75.0,10807.5,14410.0,0.0,-10807.5,-75.0,0.0,-14410.0,Below pace
Police,ARIC Sustainability,Neighborhood-Based Policing,Contractual services,13682.0,1420.2,3,75.0,10261.5,12261.8,10.380061394532962,-8841.3,-64.61993860546704,1893.6000000000001,-11788.4,Below pace
Planning & Zoning,General Fund,Current Planning,Contractual services,13000.0,3559.82,13,75.0,9750.0,9440.18,27.38323076923077,-6190.18,-47.61676923076923,4746.426666666667,-8253.573333333334,Below pace
Economic Development,Economic Development Fund,Business Incentives and Expansion,"Supplies, technology & equipment",12900.0,0.0,3,75.0,9675.0,12900.0,0.0,-9675.0,-75.0,0.0,-12900.0,Below pace
Financial Services,Support Services Fund,Redevelopment,"Supplies, technology & equipment",12425.0,4311.22,6,75.0,9318.75,8113.78,34.6979476861167,-5007.53,-40.3020523138833,5748.293333333334,-6676.706666666666,Below pace
Homeless Strategy Office,General Fund,Support Services,"Supplies, technology & equipment",12076.0,6762.93,4,75.0,9057.0,5313.07,56.00306392845313,-2294.0699999999997,-18.99693607154687,9017.24,-3058.76,Below pace
Austin Resource Recovery,Austin Resource Recovery Fund,Waste Diversion,Grants & contributions,12000.0,12000.0,1,75.0,9000.0,0.0,100.0,3000.0,25.0,16000.0,4000.0,Above pace
Public Works,Parking Management Fund,Emerging Mobility,Other operating costs,11990.0,13898.279999999999,5,75.0,8992.5,-1908.2799999999988,115.91559633027524,4905.779999999999,40.915596330275235,18531.039999999997,6541.039999999997,Above pace
Animal Services,Animal Services Fund,Miscellaneous,Other operating costs,11000.0,16448.2,9,75.0,8250.0,-5448.200000000001,149.5290909090909,8198.2,74.52909090909091,21930.933333333334,10930.933333333334,Above pace
Municipal Court,Special Court Fund,Youth Case Management,Contractual services,10500.0,6136.77,2,75.0,7875.0,4363.23,58.44542857142857,-1738.2299999999996,-16.55457142857143,8182.360000000001,-2317.6399999999994,Below pace
Public Works,Project Connect - Office Fund,"Transfers, Debt Service, and Other Requirements",Other operating costs,10215.0,10215.0,1,75.0,7661.25,0.0,100.0,2553.75,25.0,13620.0,3405.0,Above pace
Emergency Medical Services,General Fund,Community Relations and Injury Prevention,Grants & contributions,10000.0,0.0,1,75.0,7500.0,10000.0,0.0,-7500.0,-75.0,0.0,-10000.0,Below pace
Aviation,Airport Operating Fund,Support Services,Transfers & debt service,10000.0,0.0,1,75.0,7500.0,10000.0,0.0,-7500.0,-75.0,0.0,-10000.0,Below pace
Planning & Zoning,General Fund,Current Planning,"Supplies, technology & equipment",10000.0,6531.18,12,75.0,7500.0,3468.8199999999997,65.3118,-968.8199999999997,-9.688199999999995,8708.24,-1291.7600000000002,Below pace
Austin Public Library,Austin History Center,Miscellaneous,Personnel & benefits,10000.0,0.0,1,75.0,7500.0,10000.0,0.0,-7500.0,-75.0,0.0,-10000.0,Below pace
Economic Development,Economic Development Fund,Small Business Program,"Supplies, technology & equipment",9641.0,925.39,3,75.0,7230.75,8715.61,9.598485634270304,-6305.36,-65.4015143657297,1233.8533333333332,-8407.146666666667,Below pace
Austin Water,Austin Water Reclaimed Water Utility Operating Fund,"Transfers, Debt Service, and Other Requirements",Other operating costs,9626.0,9626.0,2,75.0,7219.5,0.0,100.0,2406.5,25.0,12834.666666666666,3208.666666666666,Above pace
Communications & Technology Management,Information and Technology Fund,"Transfers, Debt Service, and Other Requirements",Transfers & debt service,9609.0,8007.5,1,75.0,7206.75,1601.5,83.33333333333333,800.75,8.333333333333329,10676.666666666666,1067.666666666666,Above pace
Emergency Medical Services,EMS Donations Fund,Operations,Other operating costs,9382.0,8700.19,2,75.0,7036.5,681.8099999999995,92.73278618631421,1663.6900000000005,17.732786186314215,11600.253333333334,2218.253333333334,Above pace
Municipal Court,Special Court Fund,Youth Case Management,Other operating costs,9309.0,3876.31,4,75.0,6981.75,5432.6900000000005,41.64045547319798,-3105.44,-33.35954452680202,5168.413333333333,-4140.586666666667,Below pace
Communications & Technology Management,Information and Technology Fund,Support Services,"Supplies, technology & equipment",8600.0,3769.93,10,75.0,6450.0,4830.07,43.83639534883721,-2680.07,-31.163604651162792,5026.573333333333,-3573.426666666667,Below pace
Development Services,Austin Code Fund,Involuntary Code Enforcement,"Supplies, technology & equipment",8528.0,1993.15,4,75.0,6396.0,6534.85,23.371833958724203,-4402.85,-51.6281660412758,2657.5333333333333,-5870.466666666667,Below pace
Small and Minority Business Resources,Support Services Fund,Certification,Contractual services,8493.0,0.0,1,75.0,6369.75,8493.0,0.0,-6369.75,-75.0,0.0,-8493.0,Below pace
Parks & Recreation,PARD Donations Fund,"Park Planning, Development, and Operations",Contractual services,8352.0,0.0,3,75.0,6264.0,8352.0,0.0,-6264.0,-75.0,0.0,-8352.0,Below pace
Municipal Court,General Fund,Court Judiciary,"Supplies, technology & equipment",8059.0,1325.99,5,75.0,6044.25,6733.01,16.45353021466683,-4718.26,-58.54646978533317,1767.9866666666667,-6291.013333333333,Below pace
Financial Services,East 6th Street Public Improvement District Fund,Public Improvement District,Other operating costs,8058.0,1780.4,2,75.0,6043.5,6277.6,22.094812608587738,-4263.1,-52.90518739141226,2373.866666666667,-5684.133333333333,Below pace
Financial Services,Whisper Valley Public Improvement District Fund,Public Improvement District,Other operating costs,7595.0,7573.83,1,75.0,5696.25,21.170000000000073,99.72126398946675,1877.58,24.72126398946675,10098.44,2503.4400000000005,Above pace
General Obligation Debt Service,HUD Section 108 Debt Service Fund,Transfers and Other Requirements,Contractual services,7500.0,6150.0,1,75.0,5625.0,1350.0,82.0,525.0,7.0,8200.0,700.0,Above pace
"Office of Arts, Culture, Music and Entertainment",General Fund,Support Services,"Supplies, technology & equipment",7500.0,327.34,4,75.0,5625.0,7172.66,4.364533333333333,-5297.66,-70.63546666666667,436.4533333333333,-7063.546666666667,Below pace
Planning & Zoning,General Fund,Long Range Planning,"Supplies, technology & equipment",7500.0,2202.08,3,75.0,5625.0,5297.92,29.361066666666666,-3422.92,-45.638933333333334,2936.1066666666666,-4563.893333333333,Below pace
Austin Public Health,Opioid Settlement Fund,"Transfers, Debt Service, and Other Requirements",Personnel & benefits,6760.0,5014.12,1,75.0,5070.0,1745.88,74.17337278106508,-55.88000000000011,-0.8266272189349166,6685.493333333333,-74.50666666666712,Near pace
Neighborhood Housing & Community Development,General Fund,Public Services,Other operating costs,6700.0,2488.46,6,75.0,5025.0,4211.54,37.141194029850745,-2536.54,-37.858805970149255,3317.9466666666667,-3382.0533333333333,Below pace
Financial Services,Estancia Hill Country Public Improvement District Fund,Public Improvement District,Other operating costs,6306.0,4484.34,1,75.0,4729.5,1821.6599999999999,71.11227402473834,-245.15999999999985,-3.8877259752616595,5979.12,-326.8800000000001,Near pace
Austin Public Health,1115 Medicaid Waiver,Miscellaneous,"Supplies, technology & equipment",5348.0,25179.989999999998,4,75.0,4011.0,-19831.989999999998,470.8300299177263,21168.989999999998,395.8300299177263,33573.32,28225.32,Above pace
Economic Development,Economic Development Fund,Strategic Planning,"Supplies, technology & equipment",5300.0,0.0,2,75.0,3975.0,5300.0,0.0,-3975.0,-75.0,0.0,-5300.0,Below pace
Public Works,I-35 Parking Program Fund,I-35 Parking Program,Contractual services,5000.0,5223.1,1,75.0,3750.0,-223.10000000000036,104.46200000000002,1473.1000000000004,29.462000000000018,6964.133333333334,1964.1333333333341,Above pace
Financial Services,Second Street Tax Increment Financing Fund,Tax Increment Financing District,Contractual services,5000.0,3742.7,1,75.0,3750.0,1257.3000000000002,74.854,-7.300000000000182,-0.1460000000000008,4990.266666666666,-9.733333333333576,Near pace
Fire,Fire Miscellaneous,Miscellaneous,"Supplies, technology & equipment",5000.0,0.0,1,75.0,3750.0,5000.0,0.0,-3750.0,-75.0,0.0,-5000.0,Below pace
Austin Public Library,Austin History Center,Miscellaneous,Contractual services,5000.0,1720.25,1,75.0,3750.0,3279.75,34.405,-2029.75,-40.595,2293.6666666666665,-2706.3333333333335,Below pace
Financial Services,Mueller Local Government Corp,Mueller Development,Contractual services,5000.0,5075.0,1,75.0,3750.0,-75.0,101.5,1325.0,26.5,6766.666666666667,1766.666666666667,Above pace
Management Services,Support Services Fund,Government Relations,"Supplies, technology & equipment",4760.0,7083.259999999999,3,75.0,3570.0,-2323.2599999999993,148.8079831932773,3513.2599999999993,73.8079831932773,9444.346666666666,4684.346666666666,Above pace
Office of the City Auditor,Support Services Fund,Support Services,Contractual services,4600.0,-8.01,3,75.0,3450.0,4608.01,-0.1741304347826087,-3458.01,-75.17413043478261,-10.68,-4610.68,Below pace
Human Resources,Support Services Fund,Labor Relations Office,"Supplies, technology & equipment",4000.0,-11.86,4,75.0,3000.0,4011.86,-0.2965,-3011.86,-75.2965,-15.813333333333333,-4015.8133333333335,Below pace
Public Works,Child Safety Fund,Child Safety,Contractual services,4000.0,12505.92,2,75.0,3000.0,-8505.92,312.648,9505.92,237.64800000000002,16674.56,12674.560000000001,Above pace
Parks & Recreation,PARD Donations Fund,Miscellaneous,Other operating costs,4000.0,-45499.0,2,75.0,3000.0,49499.0,-1137.475,-48499.0,-1212.475,-60665.333333333336,-64665.333333333336,Below pace
Economic Development,South Congress Public Improvement District Fund,Public Improvement District,Other operating costs,3853.0,970.4,2,75.0,2889.75,2882.6,25.185569685958992,-1919.35,-49.814430314041005,1293.8666666666666,-2559.133333333333,Below pace
Homeless Strategy Office,General Fund,Support Services,Contractual services,3823.0,105847.4,5,75.0,2867.25,-102024.4,2768.699973842532,102980.15,2693.699973842532,141129.86666666667,137306.86666666667,Above pace
Financial Services,Indian Hills Public Improvement District Fund,Public Improvement District,Other operating costs,3510.0,2683.34,1,75.0,2632.5,826.6599999999999,76.44843304843305,50.840000000000146,1.4484330484330457,3577.786666666667,67.78666666666686,Near pace
Emergency Medical Services,General Fund,Safety and Performance Improvement,Contractual services,3500.0,26317.65,4,75.0,2625.0,-22817.65,751.9328571428572,23692.65,676.9328571428572,35090.200000000004,31590.200000000004,Above pace
Emergency Medical Services,General Fund,Community Relations and Injury Prevention,Contractual services,2500.0,750.0,1,75.0,1875.0,1750.0,30.0,-1125.0,-45.0,1000.0,-1500.0,Below pace
Neighborhood Housing & Community Development,General Fund,Public Services,Personnel & benefits,2400.0,2365.72,1,75.0,1800.0,34.2800000000002,98.57166666666666,565.7199999999998,23.57166666666666,3154.293333333333,754.2933333333331,Above pace
Emergency Medical Services,General Fund,Operations,Contractual services,2300.0,6769.3,3,75.0,1725.0,-4469.3,294.31739130434784,5044.3,219.31739130434784,9025.733333333334,6725.733333333334,Above pace
Law,Support Services Fund,Support Services,Contractual services,2000.0,23243.86,3,75.0,1500.0,-21243.86,1162.193,21743.86,1087.193,30991.813333333335,28991.813333333335,Above pace
Fire,Fire Miscellaneous,Fire / Emergency Response,"Supplies, technology & equipment",2000.0,0.0,1,75.0,1500.0,2000.0,0.0,-1500.0,-75.0,0.0,-2000.0,Below pace
Police,General Fund,"Transfers, Debt Service, and Other Requirements",Transfers & debt service,1110.0,1110.0,1,75.0,832.5,0.0,100.0,277.5,25.0,1480.0,370.0,Above pace
Austin Public Library,Austin History Center,Miscellaneous,"Supplies, technology & equipment",1025.0,2488.86,1,75.0,768.75,-1463.8600000000001,242.81560975609756,1720.1100000000001,167.81560975609756,3318.48,2293.48,Above pace
Animal Services,General Fund,Support Services,Grants & contributions,1000.0,0.0,1,75.0,750.0,1000.0,0.0,-750.0,-75.0,0.0,-1000.0,Below pace
Municipal Court,Special Court Fund,Youth Case Management,"Supplies, technology & equipment",1000.0,449.52,1,75.0,750.0,550.48,44.952,-300.48,-30.048000000000002,599.36,-400.64,Below pace
Management Services,Urban Forest Replenishment Fund,Community Tree Preservation,"Supplies, technology & equipment",1000.0,0.0,1,75.0,750.0,1000.0,0.0,-750.0,-75.0,0.0,-1000.0,Below pace
Austin Public Health,1115 Medicaid Waiver,Disease Prevention & Health Promotion,Contractual services,770.0,0.0,2,75.0,577.5,770.0,0.0,-577.5,-75.0,0.0,-770.0,Below pace
Austin Public Health,1115 Medicaid Waiver,Disease Prevention & Health Promotion,"Supplies, technology & equipment",720.0,1190.44,2,75.0,540.0,-470.44000000000005,165.3388888888889,650.44,90.3388888888889,1587.2533333333333,867.2533333333333,Above pace
Public Works,Parking Management Fund,Asset and Facility Management,Other operating costs,675.0,81601.29,3,75.0,506.25,-80926.29,12089.079999999998,81095.04,12014.079999999998,108801.71999999999,108126.71999999999,Above pace
Public Works,Project Connect - Office Fund,Project Connect,"Supplies, technology & equipment",401.0,251.98,3,75.0,300.75,149.02,62.83790523690773,-48.77000000000001,-12.16209476309227,335.9733333333333,-65.0266666666667,Below pace
Austin Public Health,Opioid Settlement Fund,"Transfers, Debt Service, and Other Requirements",Other operating costs,313.0,313.0,1,75.0,234.75,0.0,100.0,78.25,25.0,417.3333333333333,104.33333333333331,Above pace
"Office of Arts, Culture, Music and Entertainment",Economic Development Fund,Music and Entertainment,"Supplies, technology & equipment",300.0,0.0,1,75.0,225.0,300.0,0.0,-225.0,-75.0,0.0,-300.0,Below pace
Enterprise Debt Service,Convention Center Waller Creek Venue Debt Service Fund,"Transfers, Debt Service, and Other Requirements",Contractual services,300.0,300.0,1,75.0,225.0,0.0,100.0,75.0,25.0,400.0,100.0,Above pace
Public Works,Parking Management Fund,Air Quality,"Supplies, technology & equipment",200.0,0.0,1,75.0,150.0,200.0,0.0,-150.0,-75.0,0.0,-200.0,Below pace
Austin Public Health,1115 Medicaid Waiver,Miscellaneous,Contractual services,200.0,0.0,1,75.0,150.0,200.0,0.0,-150.0,-75.0,0.0,-200.0,Below pace
Information Security Office,Information and Technology Fund,"Transfers, Debt Service, and Other Requirements",Personnel & benefits,0.0,0.0,1,75.0,0.0,0.0,,0.0,,0.0,0.0,Review: non-positive budget
Information Security Office,Information and Technology Fund,"Transfers, Debt Service, and Other Requirements",Other operating costs,0.0,0.0,2,75.0,0.0,0.0,,0.0,,0.0,0.0,Review: non-positive budget
Information Security Office,Information and Technology Fund,Information Security Office,Transfers & debt service,0.0,0.0,1,75.0,0.0,0.0,,0.0,,0.0,0.0,Review: non-positive budget
Information Security Office,Information and Technology Fund,Information Security Office,"Supplies, technology & equipment",0.0,0.0,6,75.0,0.0,0.0,,0.0,,0.0,0.0,Review: non-positive budget
Austin Public Health,General Fund Budget Stabilization Reserve Fund,Miscellaneous,Contractual services,0.0,0.0,1,75.0,0.0,0.0,,0.0,,0.0,0.0,Review: non-positive budget
Communications & Public Information,Support Services Fund,Strategic Communications,"Supplies, technology & equipment",0.0,0.0,2,75.0,0.0,0.0,,0.0,,0.0,0.0,Review: non-positive budget
Economic Development,Live Music Fund,Music and Entertainment Division,Contractual services,0.0,0.0,1,75.0,0.0,0.0,,0.0,,0.0,0.0,Review: non-positive budget
Communications & Public Information,Support Services Fund,Support Services,Contractual services,0.0,0.0,4,75.0,0.0,0.0,,0.0,,0.0,0.0,Review: non-positive budget
Communications & Public Information,Support Services Fund,Support Services,Other operating costs,0.0,0.0,23,75.0,0.0,0.0,,0.0,,0.0,0.0,Review: non-positive budget
Economic Development,Iconic Venue Fund,Music and Entertainment Division,Other operating costs,0.0,0.0,1,75.0,0.0,0.0,,0.0,,0.0,0.0,Review: non-positive budget
Fire,General Fund Budget Stabilization Reserve Fund,Miscellaneous,Other operating costs,0.0,0.0,1,75.0,0.0,0.0,,0.0,,0.0,0.0,Review: non-positive budget
Building Services,Support Services Fund,Building Services,"Supplies, technology & equipment",0.0,0.0,2,75.0,0.0,0.0,,0.0,,0.0,0.0,Review: non-positive budget
Austin Public Health,General Fund,Homeless Strategy Division,Other operating costs,0.0,0.0,1,75.0,0.0,0.0,,0.0,,0.0,0.0,Review: non-positive budget
Austin Public Health,General Fund,Homeless Strategy Division,Contractual services,0.0,0.0,1,75.0,0.0,0.0,,0.0,,0.0,0.0,Review: non-positive budget
Police,Police State Gambling Asset Forfeiture Fund,Asset Forfeiture Funds,Other operating costs,0.0,25413.87,2,75.0,0.0,-25413.87,,25413.87,,33885.159999999996,33885.159999999996,Review: spend without budget
Police,Police State Gambling Asset Forfeiture Fund,Asset Forfeiture Funds,Contractual services,0.0,7000.0,1,75.0,0.0,-7000.0,,7000.0,,9333.333333333334,9333.333333333334,Review: spend without budget
Police,General Fund Budget Stabilization Reserve Fund,Miscellaneous,"Supplies, technology & equipment",0.0,0.0,1,75.0,0.0,0.0,,0.0,,0.0,0.0,Review: non-positive budget
Austin Transportation,Transportation Inventory Fund,Miscellaneous,Other operating costs,0.0,-1554735.03,1,75.0,0.0,1554735.03,,-1554735.03,,-2072980.04,-2072980.04,Review: non-positive budget
Information Security Office,Information and Technology Fund,Information Security Office,Personnel & benefits,0.0,0.0,35,75.0,0.0,0.0,,0.0,,0.0,0.0,Review: non-positive budget
Information Security Office,Information and Technology Fund,Information Security Office,Other operating costs,0.0,-8364.949999999999,63,75.0,0.0,8364.949999999999,,-8364.949999999999,,-11153.266666666665,-11153.266666666665,Review: non-positive budget
Information Security Office,Information and Technology Fund,Information Security Office,Contractual services,0.0,-133874.0,19,75.0,0.0,133874.0,,-133874.0,,-178498.66666666666,-178498.66666666666,Review: non-positive budget
Communications & Public Information,Support Services Fund,Support Services,Personnel & benefits,0.0,0.0,12,75.0,0.0,0.0,,0.0,,0.0,0.0,Review: non-positive budget
Economic Development,Iconic Venue Fund,Music and Entertainment Division,Grants & contributions,0.0,0.0,1,75.0,0.0,0.0,,0.0,,0.0,0.0,Review: non-positive budget
Management Services,Support Services Fund,"Learning, Engagement, and Development","Supplies, technology & equipment",0.0,0.0,1,75.0,0.0,0.0,,0.0,,0.0,0.0,Review: non-positive budget
Management Services,Support Services Fund,"Learning, Engagement, and Development",Personnel & benefits,0.0,0.0,10,75.0,0.0,0.0,,0.0,,0.0,0.0,Review: non-positive budget
Fire,General Fund Budget Stabilization Reserve Fund,Miscellaneous,Personnel & benefits,0.0,0.0,1,75.0,0.0,0.0,,0.0,,0.0,0.0,Review: non-positive budget
Police,General Fund Budget Stabilization Reserve Fund,Miscellaneous,Other operating costs,0.0,0.0,1,75.0,0.0,0.0,,0.0,,0.0,0.0,Review: non-positive budget
Communications & Public Information,Support Services Fund,Community Engagement,Contractual services,0.0,0.0,9,75.0,0.0,0.0,,0.0,,0.0,0.0,Review: non-positive budget
Communications & Public Information,Support Services Fund,Strategic Communications,Personnel & benefits,0.0,0.0,10,75.0,0.0,0.0,,0.0,,0.0,0.0,Review: non-positive budget
Management Services,Support Services Fund,Innovation Office,Contractual services,0.0,0.0,2,75.0,0.0,0.0,,0.0,,0.0,0.0,Review: non-positive budget
Management Services,Project Connect - Office Fund,Project Connect Office,Contractual services,0.0,0.0,6,75.0,0.0,0.0,,0.0,,0.0,0.0,Review: non-positive budget
Management Services,Planting For The Future Fund,Miscellaneous,Other operating costs,0.0,0.0,1,75.0,0.0,0.0,,0.0,,0.0,0.0,Review: non-positive budget
Management Services,General Fund Budget Stabilization Reserve Fund,Miscellaneous,Contractual services,0.0,-6725.65,1,75.0,0.0,6725.65,,-6725.65,,-8967.533333333333,-8967.533333333333,Review: non-positive budget
Communications & Public Information,Support Services Fund,Public Safety Communications,Personnel & benefits,0.0,0.0,10,75.0,0.0,0.0,,0.0,,0.0,0.0,Review: non-positive budget
Communications & Public Information,Support Services Fund,Public Safety Communications,Other operating costs,0.0,0.0,21,75.0,0.0,0.0,,0.0,,0.0,0.0,Review: non-positive budget
Austin Public Health,General Fund,Homeless Strategy Division,"Supplies, technology & equipment",0.0,0.0,2,75.0,0.0,0.0,,0.0,,0.0,0.0,Review: non-positive budget
Management Services,Project Connect - Office Fund,"Transfers, Debt Service, and Other Requirements",Personnel & benefits,0.0,0.0,1,75.0,0.0,0.0,,0.0,,0.0,0.0,Review: non-positive budget
Communications & Public Information,Support Services Fund,Web Services and Graphic Design,"Supplies, technology & equipment",0.0,0.0,5,75.0,0.0,0.0,,0.0,,0.0,0.0,Review: non-positive budget
Communications & Public Information,Support Services Fund,Media Relations,"Supplies, technology & equipment",0.0,0.0,4,75.0,0.0,0.0,,0.0,,0.0,0.0,Review: non-positive budget
Communications & Public Information,Support Services Fund,Media Relations,Personnel & benefits,0.0,0.0,10,75.0,0.0,0.0,,0.0,,0.0,0.0,Review: non-positive budget
Communications & Public Information,Support Services Fund,Media Relations,Other operating costs,0.0,0.0,24,75.0,0.0,0.0,,0.0,,0.0,0.0,Review: non-positive budget
Communications & Public Information,Support Services Fund,Media Relations,Contractual services,0.0,0.0,3,75.0,0.0,0.0,,0.0,,0.0,0.0,Review: non-positive budget
Communications & Public Information,Support Services Fund,Community Engagement,"Supplies, technology & equipment",0.0,0.0,6,75.0,0.0,0.0,,0.0,,0.0,0.0,Review: non-positive budget
Communications & Public Information,General Fund Budget Stabilization Reserve Fund,Miscellaneous,Personnel & benefits,0.0,0.0,1,75.0,0.0,0.0,,0.0,,0.0,0.0,Review: non-positive budget
Communications & Public Information,Support Services Fund,Public Safety Communications,Contractual services,0.0,0.0,3,75.0,0.0,0.0,,0.0,,0.0,0.0,Review: non-positive budget
Economic Development,HUD Section 108 Family Business Loan Program Fund,Small Business Program,Grants & contributions,0.0,0.0,1,75.0,0.0,0.0,,0.0,,0.0,0.0,Review: non-positive budget
Economic Development,General Fund Budget Stabilization Reserve Fund,Miscellaneous,Contractual services,0.0,0.0,1,75.0,0.0,0.0,,0.0,,0.0,0.0,Review: non-positive budget
Management Services,Support Services Fund,Innovation Office,Grants & contributions,0.0,0.0,1,75.0,0.0,0.0,,0.0,,0.0,0.0,Review: non-positive budget
Economic Development,GCP-General Govt Proj,Business Partnering,Other operating costs,0.0,0.0,1,75.0,0.0,0.0,,0.0,,0.0,0.0,Review: non-positive budget
Communications & Public Information,Support Services Fund,Strategic Communications,Other operating costs,0.0,0.0,25,75.0,0.0,0.0,,0.0,,0.0,0.0,Review: non-positive budget
Communications & Public Information,Support Services Fund,Strategic Communications,Contractual services,0.0,0.0,4,75.0,0.0,0.0,,0.0,,0.0,0.0,Review: non-positive budget
Communications & Public Information,Support Services Fund,Public Safety Communications,"Supplies, technology & equipment",0.0,0.0,5,75.0,0.0,0.0,,0.0,,0.0,0.0,Review: non-positive budget
Financial Services,Unclaimed Property,Miscellaneous,Other operating costs,0.0,855.77,2,75.0,0.0,-855.77,,855.77,,1141.0266666666666,1141.0266666666666,Review: spend without budget
Communications & Public Information,Support Services Fund,Community Engagement,Other operating costs,0.0,0.0,22,75.0,0.0,0.0,,0.0,,0.0,0.0,Review: non-positive budget
Economic Development,Live Music Fund,Music and Entertainment Division,Grants & contributions,0.0,0.0,1,75.0,0.0,0.0,,0.0,,0.0,0.0,Review: non-positive budget
Communications & Public Information,Support Services Fund,"Transfers, Debt Service, and Other Requirements",Personnel & benefits,0.0,0.0,1,75.0,0.0,0.0,,0.0,,0.0,0.0,Review: non-positive budget
Emergency Medical Services,General Fund,Emergency Communications,Contractual services,0.0,17414.08,2,75.0,0.0,-17414.08,,17414.08,,23218.773333333334,23218.773333333334,Review: spend without budget
Management Services,Project Connect - Office Fund,"Transfers, Debt Service, and Other Requirements",Other operating costs,0.0,0.0,1,75.0,0.0,0.0,,0.0,,0.0,0.0,Review: non-positive budget
Management Services,Project Connect - Office Fund,Project Connect Office,"Supplies, technology & equipment",0.0,0.0,3,75.0,0.0,0.0,,0.0,,0.0,0.0,Review: non-positive budget
Management Services,Project Connect - Office Fund,Project Connect Office,Personnel & benefits,0.0,0.0,10,75.0,0.0,0.0,,0.0,,0.0,0.0,Review: non-positive budget
Management Services,Project Connect - Office Fund,Project Connect Office,Other operating costs,0.0,0.0,22,75.0,0.0,0.0,,0.0,,0.0,0.0,Review: non-positive budget
Communications & Public Information,Support Services Fund,Community Engagement,Personnel & benefits,0.0,0.0,11,75.0,0.0,0.0,,0.0,,0.0,0.0,Review: non-positive budget
Economic Development,Live Music Fund,Music and Entertainment Division,Other operating costs,0.0,0.0,1,75.0,0.0,0.0,,0.0,,0.0,0.0,Review: non-positive budget
Austin Energy,Austin Energy Fund,Customer Care,Grants & contributions,0.0,211033.98,1,75.0,0.0,-211033.98,,211033.98,,281378.64,281378.64,Review: spend without budget
Austin Convention Center,Tourism Public Improvement District,Public Improvement District,Other operating costs,0.0,970.4,2,75.0,0.0,-970.4,,970.4,,1293.8666666666666,1293.8666666666666,Review: spend without budget
Austin Convention Center,Tourism Public Improvement District,Public Improvement District,Grants & contributions,0.0,13917855.89,1,75.0,0.0,-13917855.89,,13917855.89,,18557141.186666667,18557141.186666667,Review: spend without budget
Austin Convention Center,Convention Center Repair and Replacement Fund,Support Services,"Supplies, technology & equipment",0.0,61744.21,3,75.0,0.0,-61744.21,,61744.21,,82325.61333333333,82325.61333333333,Review: spend without budget
Development Services,Development Services Fund,Technology Surcharge,"Supplies, technology & equipment",0.0,0.0,2,75.0,0.0,0.0,,0.0,,0.0,0.0,Review: non-positive budget
Austin Energy,Austin Energy Fund,Power Supply,"Supplies, technology & equipment",0.0,13265401.07,1,75.0,0.0,-13265401.07,,13265401.07,,17687201.426666666,17687201.426666666,Review: spend without budget
Development Services,Development Services Fund,Investigations and Compliance,Contractual services,0.0,0.0,2,75.0,0.0,0.0,,0.0,,0.0,0.0,Review: non-positive budget
Austin Public Health,General Fund Budget Stabilization Reserve Fund,Miscellaneous,Other operating costs,0.0,0.0,1,75.0,0.0,0.0,,0.0,,0.0,0.0,Review: non-positive budget
Homeless Strategy Office,General Fund,Support Services,Grants & contributions,0.0,-598884.05,1,75.0,0.0,598884.05,,-598884.05,,-798512.0666666668,-798512.0666666668,Review: non-positive budget
Economic Development,Cultural Arts Fund,Cultural Arts and Contracts,Other operating costs,0.0,0.0,5,75.0,0.0,0.0,,0.0,,0.0,0.0,Review: non-positive budget
Economic Development,Cultural Arts Fund,Cultural Arts and Contracts,Grants & contributions,0.0,0.0,6,75.0,0.0,0.0,,0.0,,0.0,0.0,Review: non-positive budget
Forensic Science,General Fund Budget Stabilization Reserve Fund,Miscellaneous,"Supplies, technology & equipment",0.0,0.0,1,75.0,0.0,0.0,,0.0,,0.0,0.0,Review: non-positive budget
Animal Services,General Fund Budget Stabilization Reserve Fund,Miscellaneous,Contractual services,0.0,0.0,1,75.0,0.0,0.0,,0.0,,0.0,0.0,Review: non-positive budget
Austin Energy,Austin Energy Fund,Support Services,Transfers & debt service,0.0,14776.46,1,75.0,0.0,-14776.46,,14776.46,,19701.946666666667,19701.946666666667,Review: spend without budget
Economic Development,Economic Development Fund,Redevelopment,Contractual services,0.0,0.0,2,75.0,0.0,0.0,,0.0,,0.0,0.0,Review: non-positive budget
Economic Development,Economic Development Fund,Music and Entertainment Division,"Supplies, technology & equipment",0.0,0.0,1,75.0,0.0,0.0,,0.0,,0.0,0.0,Review: non-positive budget
Watershed Protection,Barton Springs Conservation,Barton Springs Conservation,Other operating costs,0.0,0.0,1,75.0,0.0,0.0,,0.0,,0.0,0.0,Review: non-positive budget
Austin Water,Water Inventory Fund,Miscellaneous,Other operating costs,0.0,-230208.0,2,75.0,0.0,230208.0,,-230208.0,,-306944.0,-306944.0,Review: non-positive budget
Fleet Services,General Svc Inventories,Fleet Service Centers,Other operating costs,0.0,118966.56,8,75.0,0.0,-118966.56,,118966.56,,158622.08,158622.08,Review: spend without budget
Building Services,City Hall Fund,"Transfers, Debt Service, and Other Requirements",Other operating costs,0.0,0.0,1,75.0,0.0,0.0,,0.0,,0.0,0.0,Review: non-positive budget
Aviation,Mueller Airport Disposition Fd,"Transfers, Debt Service, and Other Requirements",Transfers & debt service,0.0,6460.16,1,75.0,0.0,-6460.16,,6460.16,,8613.546666666667,8613.546666666667,Review: spend without budget
Aviation,Airport Subordinate Obligation Fund,"Transfers, Debt Service, and Other Requirements",Contractual services,0.0,158666.67,1,75.0,0.0,-158666.67,,158666.67,,211555.56000000003,211555.56000000003,Review: spend without budget
Human Resources,General Fund Budget Stabilization Reserve Fund,Miscellaneous,Contractual services,0.0,0.0,1,75.0,0.0,0.0,,0.0,,0.0,0.0,Review: non-positive budget
Building Services,Support Services Fund,Building Services,Other operating costs,0.0,0.0,4,75.0,0.0,0.0,,0.0,,0.0,0.0,Review: non-positive budget
Homeless Strategy Office,House Our People Endowment Fund,Homeless Strategy Office,Other operating costs,0.0,28021.25,1,75.0,0.0,-28021.25,,28021.25,,37361.666666666664,37361.666666666664,Review: spend without budget
Austin Energy,Science Fest,Miscellaneous,Grants & contributions,0.0,0.0,1,75.0,0.0,0.0,,0.0,,0.0,0.0,Review: non-positive budget
Austin Energy,Science Fest,Miscellaneous,Contractual services,0.0,0.0,3,75.0,0.0,0.0,,0.0,,0.0,0.0,Review: non-positive budget
Public Works,Parking Management Fund,Community Services,Contractual services,0.0,0.0,8,75.0,0.0,0.0,,0.0,,0.0,0.0,Review: non-positive budget
Human Resources,Support Services Fund,"Transfers, Debt Service, and Other Requirements",Contractual services,0.0,500000.0,1,75.0,0.0,-500000.0,,500000.0,,666666.6666666666,666666.6666666666,Review: spend without budget
Human Resources,Employee Benefits Fund,City-Funded Benefits,Contractual services,0.0,22175.0,1,75.0,0.0,-22175.0,,22175.0,,29566.666666666668,29566.666666666668,Review: spend without budget
Homeless Strategy Office,Neighborhood Housing-Housing Trust Fund,Homeless Diversion Services,Other operating costs,0.0,4279899.1,2,75.0,0.0,-4279899.1,,4279899.1,,5706532.133333333,5706532.133333333,Review: spend without budget
Public Works,Transportation Fund,Sidewalk Infrastructure,Transfers & debt service,0.0,0.0,1,75.0,0.0,0.0,,0.0,,0.0,0.0,Review: non-positive budget
Homeless Strategy Office,Neighborhood Housing-Housing Trust Fund,Homeless Diversion Services,Contractual services,0.0,42.26,1,75.0,0.0,-42.26,,42.26,,56.346666666666664,56.346666666666664,Review: spend without budget
Austin Energy,Science Fest,Miscellaneous,Other operating costs,0.0,0.0,2,75.0,0.0,0.0,,0.0,,0.0,0.0,Review: non-positive budget
Public Works,Parking Management Fund,Community Services,Personnel & benefits,0.0,-3984.1000000000004,12,75.0,0.0,3984.1000000000004,,-3984.1000000000004,,-5312.133333333334,-5312.133333333334,Review: non-positive budget
Public Works,Parking Management Fund,Community Services,Other operating costs,0.0,3984.1000000000004,20,75.0,0.0,-3984.1000000000004,,3984.1000000000004,,5312.133333333334,5312.133333333334,Review: spend without budget
Animal Services,General Fund,Miscellaneous,Other operating costs,0.0,0.0,2,75.0,0.0,0.0,,0.0,,0.0,0.0,Review: non-positive budget
Building Services,Facilities Management Fund,"Transfers, Debt Service, and Other Requirements",Other operating costs,0.0,0.0,1,75.0,0.0,0.0,,0.0,,0.0,0.0,Review: non-positive budget
Building Services,Facilities Management Fund,Revolving Energy Efficiency Program,Personnel & benefits,0.0,0.0,1,75.0,0.0,0.0,,0.0,,0.0,0.0,Review: non-positive budget
Austin Water,Austin Water Water Utility Operating Fund,Other Utility Program Requirements,Grants & contributions,0.0,7884.89,1,75.0,0.0,-7884.89,,7884.89,,10513.186666666666,10513.186666666666,Review: spend without budget
Austin Water,Austin Water Water Utility Operating Fund,"Environmental, Planning, and Development Services",Transfers & debt service,0.0,24.34,1,75.0,0.0,-24.34,,24.34,,32.45333333333333,32.45333333333333,Review: spend without budget
Public Works,General Fund Budget Stabilization Reserve Fund,Miscellaneous,Other operating costs,0.0,125476.9,3,75.0,0.0,-125476.9,,125476.9,,167302.53333333333,167302.53333333333,Review: spend without budget
Animal Services,General Fund,Miscellaneous,Personnel & benefits,0.0,0.0,1,75.0,0.0,0.0,,0.0,,0.0,0.0,Review: non-positive budget
Police,General Fund Budget Stabilization Reserve Fund,Miscellaneous,Contractual services,0.0,0.0,1,75.0,0.0,0.0,,0.0,,0.0,0.0,Review: non-positive budget
Austin Public Health,Opioid Settlement Fund,Opioid Settlement Funds,Contractual services,0.0,0.0,2,75.0,0.0,0.0,,0.0,,0.0,0.0,Review: non-positive budget
Communications & Public Information,General Fund Budget Stabilization Reserve Fund,Miscellaneous,Other operating costs,0.0,0.0,3,75.0,0.0,0.0,,0.0,,0.0,0.0,Review: non-positive budget
Police,Police Benefit Fund,Neighborhood-Based Policing,Other operating costs,0.0,1003.0,1,75.0,0.0,-1003.0,,1003.0,,1337.3333333333333,1337.3333333333333,Review: spend without budget
Management Services,Support Services Fund,Innovation Office,"Supplies, technology & equipment",0.0,1723.31,3,75.0,0.0,-1723.31,,1723.31,,2297.7466666666664,2297.7466666666664,Review: spend without budget
Management Services,Support Services Fund,Innovation Office,Personnel & benefits,0.0,42857.85,10,75.0,0.0,-42857.85,,42857.85,,57143.799999999996,57143.799999999996,Review: spend without budget
Management Services,Support Services Fund,Innovation Office,Other operating costs,0.0,3266.9100000000003,18,75.0,0.0,-3266.9100000000003,,3266.9100000000003,,4355.88,4355.88,Review: spend without budget
Animal Services,Animal Services Fund,Animal Services,"Supplies, technology & equipment",0.0,973.92,1,75.0,0.0,-973.92,,973.92,,1298.56,1298.56,Review: spend without budget
Public Works,GCP-Transportation PB/2020,2020 Bond Urban Trails Parent,Contractual services,0.0,0.0,1,75.0,0.0,0.0,,0.0,,0.0,0.0,Review: non-positive budget
Communications & Public Information,Support Services Fund,"Transfers, Debt Service, and Other Requirements",Other operating costs,0.0,0.0,3,75.0,0.0,0.0,,0.0,,0.0,0.0,Review: non-positive budget
Communications & Public Information,Support Services Fund,Support Services,"Supplies, technology & equipment",0.0,0.0,2,75.0,0.0,0.0,,0.0,,0.0,0.0,Review: non-positive budget
Building Services,Support Services Fund,Building Services,Personnel & benefits,0.0,0.0,1,75.0,0.0,0.0,,0.0,,0.0,0.0,Review: non-positive budget
Economic Development,Economic Development Fund,Music and Entertainment Division,Personnel & benefits,0.0,0.0,9,75.0,0.0,0.0,,0.0,,0.0,0.0,Review: non-positive budget
Economic Development,Economic Development Fund,Music and Entertainment Division,Other operating costs,0.0,0.0,18,75.0,0.0,0.0,,0.0,,0.0,0.0,Review: non-positive budget
Economic Development,Economic Development Fund,Music and Entertainment Division,Grants & contributions,0.0,0.0,1,75.0,0.0,0.0,,0.0,,0.0,0.0,Review: non-positive budget
Public Works,Parking Management Fund,Community Services,"Supplies, technology & equipment",0.0,0.0,6,75.0,0.0,0.0,,0.0,,0.0,0.0,Review: non-positive budget
Communications & Technology Management,Wireless Communication Services Fund,Mobile Radio Communications,"Supplies, technology & equipment",0.0,0.0,10,75.0,0.0,0.0,,0.0,,0.0,0.0,Review: non-positive budget
Communications & Technology Management,Wireless Communication Services Fund,Mobile Radio Communications,Personnel & benefits,0.0,0.0,9,75.0,0.0,0.0,,0.0,,0.0,0.0,Review: non-positive budget
Communications & Technology Management,Wireless Communication Services Fund,Mobile Radio Communications,Other operating costs,0.0,0.0,26,75.0,0.0,0.0,,0.0,,0.0,0.0,Review: non-positive budget
Communications & Technology Management,Wireless Communication Services Fund,Mobile Radio Communications,Contractual services,0.0,0.0,8,75.0,0.0,0.0,,0.0,,0.0,0.0,Review: non-positive budget
Police,Auto Theft Interdiction Seizur,Miscellaneous,"Supplies, technology & equipment",0.0,0.0,1,75.0,0.0,0.0,,0.0,,0.0,0.0,Review: non-positive budget
Police,Auto Theft Interdiction Seizur,Miscellaneous,Contractual services,0.0,0.0,1,75.0,0.0,0.0,,0.0,,0.0,0.0,Review: non-positive budget
Communications & Technology Management,Radio Inventory,Wireless Communication Services,Other operating costs,0.0,15071.8,1,75.0,0.0,-15071.8,,15071.8,,20095.733333333334,20095.733333333334,Review: spend without budget
Communications & Technology Management,Information and Technology Fund,Technology Services,Personnel & benefits,0.0,0.0,2,75.0,0.0,0.0,,0.0,,0.0,0.0,Review: non-positive budget
Economic Development,Economic Development Fund,Music and Entertainment Division,Contractual services,0.0,0.0,1,75.0,0.0,0.0,,0.0,,0.0,0.0,Review: non-positive budget
Nondepartmental,Pay for Success Reserve Fund,Division Placeholder,Grants & contributions,0.0,0.0,1,75.0,0.0,0.0,,0.0,,0.0,0.0,Review: non-positive budget
Nondepartmental,Support Services Fund,"Transfers, Debt Service, and Other Requirements",Other operating costs,0.0,0.0,1,75.0,0.0,0.0,,0.0,,0.0,0.0,Review: non-positive budget
"Office of Arts, Culture, Music and Entertainment",General Fund,Support Services,Contractual services,0.0,4696.889999999999,2,75.0,0.0,-4696.889999999999,,4696.889999999999,,6262.5199999999995,6262.5199999999995,Review: spend without budget
Development Services,Development Services Fund,Investigations and Compliance,Personnel & benefits,0.0,0.0,12,75.0,0.0,0.0,,0.0,,0.0,0.0,Review: non-positive budget
Development Services,Development Services Fund,Investigations and Compliance,"Supplies, technology & equipment",0.0,0.0,2,75.0,0.0,0.0,,0.0,,0.0,0.0,Review: non-positive budget
Austin Public Health,1115 Medicaid Waiver,Support Services,Contractual services,0.0,0.0,1,75.0,0.0,0.0,,0.0,,0.0,0.0,Review: non-positive budget
Austin Public Health,1115 Medicaid Waiver,Support Services,Other operating costs,0.0,-12148.66,9,75.0,0.0,12148.66,,-12148.66,,-16198.213333333333,-16198.213333333333,Review: non-positive budget
Austin Public Health,1115 Medicaid Waiver,Support Services,"Supplies, technology & equipment",0.0,0.0,4,75.0,0.0,0.0,,0.0,,0.0,0.0,Review: non-positive budget
Development Services,Urban Forest Replenishment Fund,Community Tree Preservation,Contractual services,0.0,0.0,2,75.0,0.0,0.0,,0.0,,0.0,0.0,Review: non-positive budget
Development Services,Urban Forest Replenishment Fund,Community Tree Preservation,Other operating costs,0.0,-4596.62,6,75.0,0.0,4596.62,,-4596.62,,-6128.826666666667,-6128.826666666667,Review: non-positive budget
Watershed Protection,Drainage Utility Fund,"Planning, Monitoring, & Compliance",Grants & contributions,0.0,0.0,1,75.0,0.0,0.0,,0.0,,0.0,0.0,Review: non-positive budget
Fleet Services,General Svc Inventories,Vehicle Services and Emerging Technologies,Other operating costs,0.0,5548.99,1,75.0,0.0,-5548.99,,5548.99,,7398.653333333333,7398.653333333333,Review: spend without budget
Forensic Science,General Fund,Forensic Integrity and Laboratory Services,Grants & contributions,0.0,0.0,5,75.0,0.0,0.0,,0.0,,0.0,0.0,Review: non-positive budget
Development Services,Austin Code Fund,Land Development Review,Other operating costs,0.0,327.11,18,75.0,0.0,-327.11,,327.11,,436.1466666666667,436.1466666666667,Review: spend without budget
Development Services,Austin Code Fund,Land Development Review,Personnel & benefits,0.0,-327.11,11,75.0,0.0,327.11,,-327.11,,-436.1466666666667,-436.1466666666667,Review: non-positive budget
Emergency Medical Services,General Fund,Clinical Navigation,Grants & contributions,0.0,0.0,1,75.0,0.0,0.0,,0.0,,0.0,0.0,Review: non-positive budget
Parks & Recreation,GGCIP - Parks and Recreation,PARD Winter Storm Uri Insurance Proceeds,Other operating costs,0.0,0.0,1,75.0,0.0,0.0,,0.0,,0.0,0.0,Review: non-positive budget
Neighborhood Housing & Community Development,Neighborhood Housing-Housing Trust Fund,Public Services,Grants & contributions,0.0,0.0,1,75.0,0.0,0.0,,0.0,,0.0,0.0,Review: non-positive budget
Neighborhood Housing & Community Development,Neighborhood Housing-Housing Trust Fund,Housing,Transfers & debt service,0.0,2628767.6,2,75.0,0.0,-2628767.6,,2628767.6,,3505023.466666667,3505023.466666667,Review: spend without budget
Enterprise Debt Service,Convention Center Expansion Junior Lien Debt Service Fund,"Transfers, Debt Service, and Other Requirements",Transfers & debt service,0.0,0.0,2,75.0,0.0,0.0,,0.0,,0.0,0.0,Review: non-positive budget
Enterprise Debt Service,Convention Center Capitalized Interest Fund,"Transfers, Debt Service, and Other Requirements",Transfers & debt service,0.0,0.0,1,75.0,0.0,0.0,,0.0,,0.0,0.0,Review: non-positive budget
Emergency Medical Services,General Fund Budget Stabilization Reserve Fund,Miscellaneous,"Supplies, technology & equipment",0.0,0.0,9,75.0,0.0,0.0,,0.0,,0.0,0.0,Review: non-positive budget
Emergency Medical Services,General Fund Budget Stabilization Reserve Fund,Miscellaneous,Personnel & benefits,0.0,0.0,1,75.0,0.0,0.0,,0.0,,0.0,0.0,Review: non-positive budget
Development Services,Austin Code Fund,Land Development Review,"Supplies, technology & equipment",0.0,0.0,3,75.0,0.0,0.0,,0.0,,0.0,0.0,Review: non-positive budget
Parks & Recreation,PARD Donations Fund,Community Services,Other operating costs,0.0,6249.21,11,75.0,0.0,-6249.21,,6249.21,,8332.28,8332.28,Review: spend without budget
Neighborhood Housing & Community Development,Neighborhood Housing-Housing Trust Fund,Displacement Prevention,Contractual services,0.0,0.0,4,75.0,0.0,0.0,,0.0,,0.0,0.0,Review: non-positive budget
Neighborhood Housing & Community Development,House Our People Endowment Fund,Displacement Prevention,Grants & contributions,0.0,0.0,1,75.0,0.0,0.0,,0.0,,0.0,0.0,Review: non-positive budget
Financial Services,Support Services Fund,Police Financial Services,Other operating costs,0.0,-283.73,2,75.0,0.0,283.73,,-283.73,,-378.3066666666667,-378.3066666666667,Review: non-positive budget
Parks & Recreation,GGCIP - Parks and Recreation,Parkland Shade Structures,"Supplies, technology & equipment",0.0,0.0,1,75.0,0.0,0.0,,0.0,,0.0,0.0,Review: non-positive budget
Parks & Recreation,GGCIP - Parks and Recreation,Parkland Shade Structures,Other operating costs,0.0,0.0,5,75.0,0.0,0.0,,0.0,,0.0,0.0,Review: non-positive budget
Parks & Recreation,GGCIP - Parks and Recreation,Parkland Shade Structures,Contractual services,0.0,0.0,9,75.0,0.0,0.0,,0.0,,0.0,0.0,Review: non-positive budget
Austin Energy,Austin Energy Fund,Electric System,Transfers & debt service,0.0,3360.08,1,75.0,0.0,-3360.08,,3360.08,,4480.106666666667,4480.106666666667,Review: spend without budget
Emergency Medical Services,General Fund Budget Stabilization Reserve Fund,Miscellaneous,Contractual services,0.0,0.0,1,75.0,0.0,0.0,,0.0,,0.0,0.0,Review: non-positive budget
Development Services,Urban Forest Replenishment Fund,Community Tree Preservation,"Supplies, technology & equipment",0.0,0.0,1,75.0,0.0,0.0,,0.0,,0.0,0.0,Review: non-positive budget
Development Services,Urban Forest Replenishment Fund,Community Tree Preservation,Personnel & benefits,0.0,0.0,1,75.0,0.0,0.0,,0.0,,0.0,0.0,Review: non-positive budget
Development Services,Development Services Fund,Technology Surcharge,Other operating costs,0.0,0.0,1,75.0,0.0,0.0,,0.0,,0.0,0.0,Review: non-positive budget
Development Services,Development Services Fund,Technology Surcharge,Contractual services,0.0,0.0,2,75.0,0.0,0.0,,0.0,,0.0,0.0,Review: non-positive budget
Development Services,Development Services Fund,Investigations and Compliance,Other operating costs,0.0,0.0,19,75.0,0.0,0.0,,0.0,,0.0,0.0,Review: non-positive budget
Austin Public Health,1115 Medicaid Waiver,Homeless Strategy Division,Contractual services,0.0,0.0,1,75.0,0.0,0.0,,0.0,,0.0,0.0,Review: non-positive budget
Building Services,Support Services Fund,Building Services,Contractual services,0.0,0.0,9,75.0,0.0,0.0,,0.0,,0.0,0.0,Review: non-positive budget
Nondepartmental,General Fund Emergency Reserve Fund,"Transfers, Debt Service, and Other Requirements",Transfers & debt service,0.0,0.0,1,75.0,0.0,0.0,,0.0,,0.0,0.0,Review: non-positive budget
Financial Services,Support Services Fund,Budget and Performance,Contractual services,0.0,0.0,5,75.0,0.0,0.0,,0.0,,0.0,0.0,Review: non-positive budget
Fleet Services,General Svc Inventories,Operational Services,Other operating costs,0.0,2487365.72,1,75.0,0.0,-2487365.72,,2487365.72,,3316487.626666667,3316487.626666667,Review: spend without budget
Austin Public Health,1115 Medicaid Waiver,Homeless Strategy Division,Other operating costs,0.0,0.0,2,75.0,0.0,0.0,,0.0,,0.0,0.0,Review: non-positive budget
Homeless Strategy Office,House Our People Endowment Fund,Homeless Strategy Office,Contractual services,0.0,5694.13,9,75.0,0.0,-5694.13,,5694.13,,7592.173333333333,7592.173333333333,Review: spend without budget
Homeless Strategy Office,General Fund Budget Stabilization Reserve Fund,Miscellaneous,Contractual services,0.0,0.0,1,75.0,0.0,0.0,,0.0,,0.0,0.0,Review: non-positive budget
Economic Development,Economic Development Fund,Cultural Arts and Contracts,"Supplies, technology & equipment",0.0,0.0,6,75.0,0.0,0.0,,0.0,,0.0,0.0,Review: non-positive budget
Economic Development,Economic Development Fund,Cultural Arts and Contracts,Personnel & benefits,0.0,0.0,9,75.0,0.0,0.0,,0.0,,0.0,0.0,Review: non-positive budget
Economic Development,Economic Development Fund,Cultural Arts and Contracts,Other operating costs,0.0,-195.94,25,75.0,0.0,195.94,,-195.94,,-261.25333333333333,-261.25333333333333,Review: non-positive budget
Aviation,ABIA Improvements,Capital Equipment-Parent,"Supplies, technology & equipment",0.0,0.0,1,75.0,0.0,0.0,,0.0,,0.0,0.0,Review: non-positive budget
Nondepartmental,General Fund Budget Stabilization Reserve Fund,Division Placeholder,Other operating costs,0.0,0.0,1,75.0,0.0,0.0,,0.0,,0.0,0.0,Review: non-positive budget
"Office of Arts, Culture, Music and Entertainment",Economic Development Fund,Transfers and Other Requirements,Other operating costs,0.0,0.0,1,75.0,0.0,0.0,,0.0,,0.0,0.0,Review: non-positive budget
"Office of Arts, Culture, Music and Entertainment",Economic Development Fund,Transfers and Other Requirements,Contractual services,0.0,0.0,1,75.0,0.0,0.0,,0.0,,0.0,0.0,Review: non-positive budget
Austin Energy,Austin Energy Fund,"Transfers, Debt Service, and Other Requirements","Supplies, technology & equipment",0.0,0.0,1,75.0,0.0,0.0,,0.0,,0.0,0.0,Review: non-positive budget
Financial Services,Rainey Street Historic District Fund,Rainey Street Historic District Fund,Contractual services,0.0,0.0,1,75.0,0.0,0.0,,0.0,,0.0,0.0,Review: non-positive budget
Financial Services,Long Center Capital Improvements Fund,"Transfers, Debt Service, and Other Requirements",Grants & contributions,0.0,0.0,1,75.0,0.0,0.0,,0.0,,0.0,0.0,Review: non-positive budget
Financial Services,Austin Cable Access Fund,"Transfers, Debt Service, and Other Requirements",Transfers & debt service,0.0,0.0,1,75.0,0.0,0.0,,0.0,,0.0,0.0,Review: non-positive budget
Development Services,Urban Forest Replenishment Fund,"Transfers, Debt Service, and Other Requirements",Transfers & debt service,0.0,0.0,2,75.0,0.0,0.0,,0.0,,0.0,0.0,Review: non-positive budget
Austin Resource Recovery,ARR-Austin Resource Recovery Cip,Solid Waste Support Facilites,Other operating costs,0.0,0.0,3,75.0,0.0,0.0,,0.0,,0.0,0.0,Review: non-positive budget
Austin Resource Recovery,ARR-Austin Resource Recovery Cip,Solid Waste Support Facilites,Contractual services,0.0,0.0,6,75.0,0.0,0.0,,0.0,,0.0,0.0,Review: non-positive budget
Neighborhood Housing & Community Development,Homestead Preservation Reinvestment Tax Increment Fund,Housing,Transfers & debt service,0.0,600000.0,4,75.0,0.0,-600000.0,,600000.0,,800000.0,800000.0,Review: spend without budget
Animal Services,Animal Services Fund,Animal Services,Other operating costs,0.0,1250.0,2,75.0,0.0,-1250.0,,1250.0,,1666.6666666666667,1666.6666666666667,Review: spend without budget
Austin Public Health,General Fund,Environmental Health Services,Grants & contributions,0.0,0.0,3,75.0,0.0,0.0,,0.0,,0.0,0.0,Review: non-positive budget
Austin Energy,Better Bldgs Loan Loss Reserve,Customer Energy Solutions,Other operating costs,0.0,13854.12,1,75.0,0.0,-13854.12,,13854.12,,18472.16,18472.16,Review: spend without budget
Economic Development,Cultural Arts Fund,Cultural Arts and Contracts,Contractual services,0.0,0.0,2,75.0,0.0,0.0,,0.0,,0.0,0.0,Review: non-positive budget
Economic Development,Childcare Assistance Reserve Fund,Business Incentives and Expansion,Grants & contributions,0.0,0.0,1,75.0,0.0,0.0,,0.0,,0.0,0.0,Review: non-positive budget
Austin Resource Recovery,ARR-Austin Resource Recovery Cip,Solid Waste Support Facilites,"Supplies, technology & equipment",0.0,0.0,2,75.0,0.0,0.0,,0.0,,0.0,0.0,Review: non-positive budget
Austin Public Health,General Fund Budget Stabilization Reserve Fund,Miscellaneous,Grants & contributions,0.0,0.0,1,75.0,0.0,0.0,,0.0,,0.0,0.0,Review: non-positive budget
Economic Development,Economic Development Fund,Strategic Planning,Contractual services,0.0,0.0,3,75.0,0.0,0.0,,0.0,,0.0,0.0,Review: non-positive budget
Development Services,Austin Code Fund,Land Development Review,Contractual services,0.0,0.0,2,75.0,0.0,0.0,,0.0,,0.0,0.0,Review: non-positive budget
Austin Public Health,General Fund,Social Service Grants,"Supplies, technology & equipment",0.0,0.0,1,75.0,0.0,0.0,,0.0,,0.0,0.0,Review: non-positive budget
Austin Public Health,Opioid Settlement Fund,Opioid Settlement Funds,"Supplies, technology & equipment",0.0,0.0,1,75.0,0.0,0.0,,0.0,,0.0,0.0,Review: non-positive budget
Parks & Recreation,General Fund Budget Stabilization Reserve Fund,Support Services,Other operating costs,0.0,0.0,1,75.0,0.0,0.0,,0.0,,0.0,0.0,Review: non-positive budget
Parks & Recreation,Historic Preservation Fund,Heritage Tourism,Grants & contributions,0.0,0.0,1,75.0,0.0,0.0,,0.0,,0.0,0.0,Review: non-positive budget
Municipal Court,General Fund,Community Court,Grants & contributions,0.0,-37848.240000000005,6,75.0,0.0,37848.240000000005,,-37848.240000000005,,-50464.32000000001,-50464.32000000001,Review: non-positive budget
Parks & Recreation,General Fund Budget Stabilization Reserve Fund,Support Services,"Supplies, technology & equipment",0.0,0.0,2,75.0,0.0,0.0,,0.0,,0.0,0.0,Review: non-positive budget
Planning & Zoning,GCP-NPZ General,Planning,"Supplies, technology & equipment",0.0,0.0,1,75.0,0.0,0.0,,0.0,,0.0,0.0,Review: non-positive budget
Austin Public Library,General Fund Budget Stabilization Reserve Fund,Miscellaneous,Other operating costs,0.0,0.0,1,75.0,0.0,0.0,,0.0,,0.0,0.0,Review: non-positive budget
Austin Public Library,General Fund Budget Stabilization Reserve Fund,Miscellaneous,Contractual services,0.0,0.0,1,75.0,0.0,0.0,,0.0,,0.0,0.0,Review: non-positive budget
Austin Public Library,Friends of APL,Miscellaneous,"Supplies, technology & equipment",0.0,0.0,2,75.0,0.0,0.0,,0.0,,0.0,0.0,Review: non-positive budget
Austin Public Library,Friends of APL,Miscellaneous,Other operating costs,0.0,0.0,2,75.0,0.0,0.0,,0.0,,0.0,0.0,Review: non-positive budget
Parks & Recreation,PARD Donations Fund,Support Services,"Supplies, technology & equipment",0.0,0.0,1,75.0,0.0,0.0,,0.0,,0.0,0.0,Review: non-positive budget
Parks & Recreation,PARD Donations Fund,"Park Planning, Development, and Operations","Supplies, technology & equipment",0.0,0.0,1,75.0,0.0,0.0,,0.0,,0.0,0.0,Review: non-positive budget
Parks & Recreation,Historic Preservation Fund,Heritage Tourism,Contractual services,0.0,0.0,3,75.0,0.0,0.0,,0.0,,0.0,0.0,Review: non-positive budget
Communications & Public Information,Support Services Fund,Video Production Services,"Supplies, technology & equipment",0.0,0.0,9,75.0,0.0,0.0,,0.0,,0.0,0.0,Review: non-positive budget
Communications & Public Information,Support Services Fund,Video Production Services,Personnel & benefits,0.0,0.0,10,75.0,0.0,0.0,,0.0,,0.0,0.0,Review: non-positive budget
Communications & Public Information,Support Services Fund,Video Production Services,Other operating costs,0.0,0.0,27,75.0,0.0,0.0,,0.0,,0.0,0.0,Review: non-positive budget
Communications & Public Information,Support Services Fund,Video Production Services,Contractual services,0.0,0.0,3,75.0,0.0,0.0,,0.0,,0.0,0.0,Review: non-positive budget
Planning & Zoning,Planning Technology Fund,Support Services,"Supplies, technology & equipment",0.0,0.0,4,75.0,0.0,0.0,,0.0,,0.0,0.0,Review: non-positive budget
Economic Development,Economic Development Fund,Cultural Arts and Contracts,Contractual services,0.0,0.0,2,75.0,0.0,0.0,,0.0,,0.0,0.0,Review: non-positive budget
Communications & Public Information,Support Services Fund,Web Services and Graphic Design,Personnel & benefits,0.0,0.0,11,75.0,0.0,0.0,,0.0,,0.0,0.0,Review: non-positive budget
Economic Development,Economic Incentives Reserve Fund,Business Incentives and Expansion,Contractual services,0.0,0.0,1,75.0,0.0,0.0,,0.0,,0.0,0.0,Review: non-positive budget
Parks & Recreation,General Fund Budget Stabilization Reserve Fund,Support Services,Contractual services,0.0,0.0,1,75.0,0.0,0.0,,0.0,,0.0,0.0,Review: non-positive budget
Planning & Zoning,Planning Technology Fund,Support Services,Contractual services,0.0,3989.22,2,75.0,0.0,-3989.22,,3989.22,,5318.96,5318.96,Review: spend without budget
Planning & Zoning,General Fund Budget Stabilization Reserve Fund,Miscellaneous,"Supplies, technology & equipment",0.0,0.0,1,75.0,0.0,0.0,,0.0,,0.0,0.0,Review: non-positive budget
Planning & Zoning,General Fund Budget Stabilization Reserve Fund,Miscellaneous,Other operating costs,0.0,0.0,1,75.0,0.0,0.0,,0.0,,0.0,0.0,Review: non-positive budget
Planning & Zoning,General Fund Budget Stabilization Reserve Fund,Miscellaneous,Contractual services,0.0,0.0,2,75.0,0.0,0.0,,0.0,,0.0,0.0,Review: non-positive budget
Planning & Zoning,General Fund,"Transfers, Debt Service, and Other Requirements",Transfers & debt service,0.0,0.0,1,75.0,0.0,0.0,,0.0,,0.0,0.0,Review: non-positive budget
Communications & Public Information,Support Services Fund,Web Services and Graphic Design,Other operating costs,0.0,0.0,24,75.0,0.0,0.0,,0.0,,0.0,0.0,Review: non-positive budget
Communications & Public Information,Support Services Fund,Web Services and Graphic Design,Contractual services,0.0,0.0,3,75.0,0.0,0.0,,0.0,,0.0,0.0,Review: non-positive budget
Communications & Technology Management,"Combined Transportation, Emergency & Communications Ctr Fund","Transfers, Debt Service, and Other Requirements",Transfers & debt service,0.0,0.0,1,75.0,0.0,0.0,,0.0,,0.0,0.0,Review: non-positive budget
Neighborhood Housing & Community Development,Austin Housing Finance Corporation-Operating Fund,Support Services,Contractual services,0.0,0.0,1,75.0,0.0,0.0,,0.0,,0.0,0.0,Review: non-positive budget
Neighborhood Housing & Community Development,Austin Housing Finance Corporation-Operating Fund,Housing,Other operating costs,0.0,0.0,1,75.0,0.0,0.0,,0.0,,0.0,0.0,Review: non-positive budget
Neighborhood Housing & Community Development,Austin Housing Finance Corporation-Operating Fund,Housing,Contractual services,0.0,0.0,1,75.0,0.0,0.0,,0.0,,0.0,0.0,Review: non-positive budget
Neighborhood Housing & Community Development,AHFC-Project Connect- Anti Displacement,Housing,Other operating costs,0.0,0.0,6,75.0,0.0,0.0,,0.0,,0.0,0.0,Review: non-positive budget
Austin Water,Austin Water Wastewater Utility Operating Fund,Engineering and Technical Services,Transfers & debt service,0.0,0.0,1,75.0,0.0,0.0,,0.0,,0.0,0.0,Review: non-positive budget
Municipal Court,General Fund,Youth Case Management,Contractual services,0.0,6400.0,1,75.0,0.0,-6400.0,,6400.0,,8533.333333333334,8533.333333333334,Review: spend without budget
Financial Services,Support Services Fund,Financial Systems Information Technology,Transfers & debt service,0.0,0.0,1,75.0,0.0,0.0,,0.0,,0.0,0.0,Review: non-positive budget
Parks & Recreation,PARD Donations Fund,"Park Planning, Development, and Operations",Other operating costs,0.0,2950.0,1,75.0,0.0,-2950.0,,2950.0,,3933.3333333333335,3933.3333333333335,Review: spend without budget
Financial Services,Support Services Fund,Budget and Performance,Personnel & benefits,0.0,0.0,10,75.0,0.0,0.0,,0.0,,0.0,0.0,Review: non-positive budget
Financial Services,Support Services Fund,Budget and Performance,Other operating costs,0.0,824.14,29,75.0,0.0,-824.14,,824.14,,1098.8533333333332,1098.8533333333332,Review: spend without budget
Parks & Recreation,General Fund,Miscellaneous,Personnel & benefits,0.0,20168.0,1,75.0,0.0,-20168.0,,20168.0,,26890.666666666668,26890.666666666668,Review: spend without budget
Parks & Recreation,General Fund,Miscellaneous,Other operating costs,0.0,-20168.0,3,75.0,0.0,20168.0,,-20168.0,,-26890.666666666668,-26890.666666666668,Review: non-positive budget
Communications & Technology Management,Information and Technology Fund,Enterprise Operations & Technology,Transfers & debt service,0.0,0.0,2,75.0,0.0,0.0,,0.0,,0.0,0.0,Review: non-positive budget
Parks & Recreation,GGCIP - Parks and Recreation,Emma Long Docks - Insurance Proceeds,"Supplies, technology & equipment",0.0,0.0,1,75.0,0.0,0.0,,0.0,,0.0,0.0,Review: non-positive budget
Enterprise Debt Service,Utility Debt Service Fund-Subordinate Lien,"Transfers, Debt Service, and Other Requirements",Transfers & debt service,0.0,0.0,2,75.0,0.0,0.0,,0.0,,0.0,0.0,Review: non-positive budget
Financial Services,General Fund Budget Stabilization Reserve Fund,Miscellaneous,"Supplies, technology & equipment",0.0,0.0,1,75.0,0.0,0.0,,0.0,,0.0,0.0,Review: non-positive budget
Financial Services,Support Services Fund,Budget and Performance,"Supplies, technology & equipment",0.0,0.0,6,75.0,0.0,0.0,,0.0,,0.0,0.0,Review: non-positive budget
Parks & Recreation,PARD Donations Fund,Community Services,"Supplies, technology & equipment",0.0,641.68,6,75.0,0.0,-641.68,,641.68,,855.5733333333333,855.5733333333333,Review: spend without budget
Communications & Technology Management,Information and Technology Fund,Critical Infrastructure & Public Safety,Personnel & benefits,0.0,0.0,5,75.0,0.0,0.0,,0.0,,0.0,0.0,Review: non-positive budget
Communications & Technology Management,Information and Technology Fund,CTECC and Public Safety IT Support,Personnel & benefits,0.0,0.0,1,75.0,0.0,0.0,,0.0,,0.0,0.0,Review: non-positive budget
Parks & Recreation,Historic Preservation Fund,"Transfers, Debt Service, and Other Requirements",Transfers & debt service,0.0,0.0,4,75.0,0.0,0.0,,0.0,,0.0,0.0,Review: non-positive budget
Parks & Recreation,Historic Preservation Fund,Heritage Tourism,Other operating costs,0.0,0.0,3,75.0,0.0,0.0,,0.0,,0.0,0.0,Review: non-positive budget
Financial Services,Support Services Fund,Police Financial Services,Personnel & benefits,0.0,-4022.98,4,75.0,0.0,4022.98,,-4022.98,,-5363.973333333333,-5363.973333333333,Review: non-positive budget
Municipal Court,General Fund Budget Stabilization Reserve Fund,Miscellaneous,Grants & contributions,0.0,0.0,1,75.0,0.0,0.0,,0.0,,0.0,0.0,Review: non-positive budget
Neighborhood Housing & Community Development,Austin Housing Finance Corporation-Operating Fund,Support Services,Personnel & benefits,0.0,0.0,1,75.0,0.0,0.0,,0.0,,0.0,0.0,Review: non-positive budget
Neighborhood Housing & Community Development,General Fund,Housing,Grants & contributions,0.0,0.0,1,75.0,0.0,0.0,,0.0,,0.0,0.0,Review: non-positive budget
Management Services,Support Services Fund,"Learning, Engagement, and Development",Other operating costs,0.0,0.0,22,75.0,0.0,0.0,,0.0,,0.0,0.0,Review: non-positive budget
Management Services,Support Services Fund,"Learning, Engagement, and Development",Contractual services,0.0,0.0,4,75.0,0.0,0.0,,0.0,,0.0,0.0,Review: non-positive budget
Office of the City Clerk,Support Services Fund,Elections,"Supplies, technology & equipment",0.0,0.0,1,75.0,0.0,0.0,,0.0,,0.0,0.0,Review: non-positive budget
Office of the City Clerk,Support Services Fund,Elections,Other operating costs,0.0,0.0,1,75.0,0.0,0.0,,0.0,,0.0,0.0,Review: non-positive budget
Communications & Public Information,General Fund Budget Stabilization Reserve Fund,Miscellaneous,Contractual services,0.0,0.0,2,75.0,0.0,0.0,,0.0,,0.0,0.0,Review: non-positive budget
Building Services,Support Services Fund,"Transfers, Debt Service, and Other Requirements","Supplies, technology & equipment",0.0,0.0,1,75.0,0.0,0.0,,0.0,,0.0,0.0,Review: non-positive budget
Building Services,Support Services Fund,"Transfers, Debt Service, and Other Requirements",Contractual services,0.0,0.0,1,75.0,0.0,0.0,,0.0,,0.0,0.0,Review: non-positive budget
Municipal Court,General Fund Budget Stabilization Reserve Fund,Miscellaneous,Contractual services,0.0,0.0,2,75.0,0.0,0.0,,0.0,,0.0,0.0,Review: non-positive budget
Austin Water,Austin Water Reclaimed Water Utility Operating Fund,Reclaimed Water Services,Other operating costs,-5509.0,-1539.5100000000011,42,75.0,-4131.75,-3969.489999999999,27.94536213468871,2592.239999999999,-47.05463786531129,-2052.6800000000017,3456.3199999999983,Review: non-positive budget
Homeless Strategy Office,General Fund,"Transfers, Debt Service, and Other Requirements",Grants & contributions,-6457.0,0.0,1,75.0,-4842.75,-6457.0,-0.0,4842.75,-75.0,0.0,6457.0,Review: non-positive budget
Austin Public Health,General Fund,Epidemiology and Public Health Preparedness,Grants & contributions,-19603.0,43934.0,6,75.0,-14702.25,-63537.0,-224.11875733306127,58636.25,-299.11875733306124,58578.666666666664,78181.66666666666,Review: non-positive budget
Management Services,Support Services Fund,Emergency Management,Grants & contributions,-29270.0,-30913.17,2,75.0,-21952.5,1643.1699999999983,105.61383669285958,-8960.669999999998,30.61383669285958,-41217.56,-11947.559999999998,Review: non-positive budget
Police,General Fund,"Transfers, Debt Service, and Other Requirements",Grants & contributions,-48557.0,0.0,1,75.0,-36417.75,-48557.0,-0.0,36417.75,-75.0,0.0,48557.0,Review: non-positive budget
Management Services,Support Services Fund,"Transfers, Debt Service, and Other Requirements",Grants & contributions,-49556.0,-11435.94,1,75.0,-37167.0,-38120.06,23.076802001775768,25731.059999999998,-51.92319799822423,-15247.92,34308.08,Review: non-positive budget
"Office of Arts, Culture, Music and Entertainment",Economic Development Fund,Support Services,Other operating costs,-49870.0,18765.56,16,75.0,-37402.5,-68635.56,-37.628955283737724,56168.06,-112.62895528373772,25020.74666666667,74890.74666666667,Review: non-positive budget
Management Services,Support Services Fund,Support Services,Personnel & benefits,-56271.0,363841.22,17,75.0,-42203.25,-420112.22,-646.5874429102024,406044.47,-721.5874429102024,485121.62666666665,541392.6266666667,Review: non-positive budget
Municipal Court,General Fund,"Transfers, Debt Service, and Other Requirements",Grants & contributions,-57785.0,0.0,1,75.0,-43338.75,-57785.0,-0.0,43338.75,-75.0,0.0,57785.0,Review: non-positive budget
"Office of Arts, Culture, Music and Entertainment",General Fund,Cultural Arts,Other operating costs,-314710.0,-130662.43000000002,18,75.0,-236032.5,-184047.56999999998,41.51835975977885,105370.06999999998,-33.48164024022115,-174216.57333333336,140493.42666666664,Review: non-positive budget
Austin Public Health,General Fund,Social Service Grants,Other operating costs,-460000.0,-460000.0,3,75.0,-345000.0,0.0,100.0,-115000.0,25.0,-613333.3333333334,-153333.33333333337,Review: non-positive budget
Economic Development,General Fund,Social Services Grants- EDD,Other operating costs,-498822.0,-448878.1,2,75.0,-374116.5,-49943.90000000002,89.98763085830215,-74761.59999999998,14.987630858302154,-598504.1333333333,-99682.1333333333,Review: non-positive budget
"Office of Arts, Culture, Music and Entertainment",General Fund,Cultural Education and Heritage Preservation,Other operating costs,-514273.0,-612355.2100000001,382,75.0,-385704.75,98082.21000000008,119.07201233586053,-226650.46000000008,44.072012335860535,-816473.6133333334,-302200.6133333334,Review: non-positive budget
"Office of Arts, Culture, Music and Entertainment",Economic Development Fund,Cultural Arts,Other operating costs,-521605.0,-551264.62,46,75.0,-391203.75,29659.619999999995,105.68622233299143,-160060.87,30.686222332991434,-735019.4933333333,-213414.4933333333,Review: non-positive budget
Homeless Strategy Office,General Fund,Social Service Grants - HSO,Other operating costs,-787494.0,0.0,1,75.0,-590620.5,-787494.0,-0.0,590620.5,-75.0,0.0,787494.0,Review: non-positive budget
Communications & Technology Management,Information and Technology Fund,Customer Delivery,Other operating costs,-1023607.0,242370.69,131,75.0,-767705.25,-1265977.69,-23.678100091148263,1010075.94,-98.67810009114827,323160.92,1346767.92,Review: non-positive budget
Financial Services,Support Services Fund,Real Estate and Facilities Governance,Other operating costs,-1039972.0,-440243.93999999994,99,75.0,-779979.0,-599728.06,42.33228779236364,339735.06000000006,-32.66771220763636,-586991.9199999999,452980.0800000001,Review: non-positive budget
Building Services,Support Services Fund,Facility and Project Management,Other operating costs,-1083848.0,-892945.5700000001,89,75.0,-812886.0,-190902.42999999993,82.38660494829533,-80059.57000000007,7.386604948295329,-1190594.0933333335,-106746.0933333335,Review: non-positive budget
Management Services,Support Services Fund,Climate Action and Resilience,Other operating costs,-1362251.0,-255893.07,76,75.0,-1021688.25,-1106357.93,18.784575676582364,765795.1799999999,-56.215424323417636,-341190.76,1021060.24,Review: non-positive budget
Development Services,Development Services Fund,Infrastructure & Environmental Inspections,Other operating costs,-1616189.0,-1388233.6800000002,68,75.0,-1212141.75,-227955.31999999983,85.8955035580616,-176091.93000000017,10.895503558061606,-1850978.2400000002,-234789.24000000022,Review: non-positive budget
Economic Development,Economic Development Fund,Workforce Development and Childcare,Other operating costs,-1881232.0,356597.51,114,75.0,-1410924.0,-2237829.51,-18.955530737304066,1767521.51,-93.95553073730406,475463.3466666667,2356695.3466666667,Review: non-positive budget
Financial Services,Support Services Fund,Treasury and Development Financing,Other operating costs,-1933309.0,-1432767.87,66,75.0,-1449981.75,-500541.1299999999,74.10961568999058,17213.87999999989,-0.8903843100094235,-1910357.1600000001,22951.83999999985,Review: non-positive budget
Financial Services,Support Services Fund,Central Procurement,Other operating costs,-2143897.0,-2320843.4299999997,109,75.0,-1607922.75,176946.4299999997,108.25349492069813,-712920.6799999997,33.25349492069813,-3094457.9066666663,-950560.9066666663,Review: non-positive budget
Austin Public Health,General Fund,"Transfers, Debt Service, and Other Requirements",Grants & contributions,-2211886.0,0.0,1,75.0,-1658914.5,-2211886.0,-0.0,1658914.5,-75.0,0.0,2211886.0,Review: non-positive budget
Neighborhood Housing & Community Development,General Fund,Support Services,Grants & contributions,-3424092.0,-2546115.06,5,75.0,-2568069.0,-877976.94,74.3588390732492,21953.939999999944,-0.6411609267507998,-3394820.08,29271.919999999925,Review: non-positive budget
Human Resources,Workers' Compensation Fund,Expense Refunds,Other operating costs,-6382244.0,-3736787.4899999998,2,75.0,-4786683.0,-2645456.5100000002,58.54974347580569,1049895.5100000002,-16.45025652419431,-4982383.319999999,1399860.6800000006,Review: non-positive budget
Austin Energy,Austin Energy Fund,Electric System,Other operating costs,-11707297.0,-8460768.290000003,1349,75.0,-8780472.75,-3246528.709999997,72.26918638862585,319704.45999999717,-2.7308136113741455,-11281024.38666667,426272.61333332956,Review: non-positive budget
Austin Energy,Austin Energy Fund,Customer Care,Other operating costs,-35186811.0,-29289306.36,631,75.0,-26390108.25,-5897504.640000001,83.23944548427535,-2899198.1099999994,8.23944548427535,-39052408.48,-3865597.4799999967,Review: non-positive budget
