customer_id,country,first_purchase_date,last_purchase_date,recency_days,frequency,monetary_value,average_order_value,units_purchased,active_months,tenure_days,return_value,return_invoices,return_rate_pct,is_repeat_customer,r_score,f_score,m_score,rfm_score,rfm_segment,cluster_id,cluster_name
14646,Netherlands,2010-12-20 10:09:00,2011-12-08 12:12:00,2,73,280206.02,3838.4386301369864,196915,13,355,717.0,3.0,0.25523006266983744,True,5,5,5,15,Champions,2,High-Value Loyal
18102,United Kingdom,2010-12-07 16:42:00,2011-12-09 11:50:00,1,60,259657.3,4327.621666666667,64124,12,368,3218.81,2.0,1.2244589285804632,True,5,5,5,15,Champions,2,High-Value Loyal
17450,United Kingdom,2010-12-07 09:23:00,2011-12-01 13:29:00,9,46,194550.79,4229.365,69993,12,368,7068.62,9.0,3.505922371263759,True,5,5,5,15,Champions,2,High-Value Loyal
16446,United Kingdom,2011-05-18 09:52:00,2011-12-09 09:15:00,1,2,168472.5,84236.25,80997,2,206,168469.6,1.0,49.99956965900076,True,5,3,5,13,Potential Loyalists,3,Core Regulars
14911,EIRE,2010-12-01 14:05:00,2011-12-08 15:54:00,2,201,143825.06,715.5475621890547,80265,13,374,11252.44,47.0,7.256010704325257,True,5,5,5,15,Champions,2,High-Value Loyal
12415,Australia,2011-01-06 11:12:00,2011-11-15 14:22:00,25,21,124914.53,5948.310952380953,77374,11,338,1189.08,5.0,0.942938905555519,True,4,5,5,14,Champions,2,High-Value Loyal
14156,EIRE,2010-12-03 11:48:00,2011-11-30 10:54:00,10,55,117379.63,2134.175090909091,57885,12,372,3995.4900000000002,11.0,3.2918525641828404,True,5,5,5,15,Champions,2,High-Value Loyal
17511,United Kingdom,2010-12-01 10:19:00,2011-12-07 10:12:00,3,31,91062.38,2937.496129032258,64549,13,374,2937.0,15.0,3.1244886934360627,True,5,5,5,15,Champions,2,High-Value Loyal
16029,United Kingdom,2010-12-01 09:57:00,2011-11-01 10:27:00,39,63,81024.84,1286.1085714285714,40208,12,374,30032.23,13.0,27.04215949511364,True,3,5,5,13,Loyal,2,High-Value Loyal
12346,United Kingdom,2011-01-18 10:01:00,2011-01-18 10:01:00,326,1,77183.6,77183.6,74215,1,326,77183.6,1.0,50.0,False,1,1,5,7,At Risk,1,Growth Potential
16684,United Kingdom,2010-12-16 17:34:00,2011-12-05 14:06:00,5,28,66653.56,2380.4842857142858,50255,9,359,761.48,3.0,1.1295402331586544,True,5,5,5,15,Champions,2,High-Value Loyal
14096,United Kingdom,2011-08-30 10:49:00,2011-12-05 17:17:00,5,17,65164.79,3833.2229411764706,16352,5,102,8043.88,17.0,10.987605702985725,True,5,5,5,15,Champions,2,High-Value Loyal
13694,United Kingdom,2010-12-01 12:12:00,2011-12-06 09:32:00,4,50,65039.62,1300.7924,63312,13,374,2386.52,10.0,3.5394581389354336,True,5,5,5,15,Champions,2,High-Value Loyal
15311,United Kingdom,2010-12-01 09:41:00,2011-12-09 12:00:00,1,91,60767.9,667.7791208791209,38194,13,374,1348.56,27.0,2.171018760566845,True,5,5,5,15,Champions,2,High-Value Loyal
13089,United Kingdom,2010-12-05 10:27:00,2011-12-07 09:02:00,3,97,58825.83,606.4518556701031,31070,13,370,1439.95,21.0,2.3893327191650053,True,5,5,5,15,Champions,2,High-Value Loyal
17949,United Kingdom,2010-12-03 13:12:00,2011-12-08 18:46:00,2,45,58510.48,1300.232888888889,30546,13,372,5759.64,7.0,8.961613888382345,True,5,5,5,15,Champions,2,High-Value Loyal
15769,United Kingdom,2010-12-03 15:16:00,2011-12-02 13:52:00,8,26,56252.72,2163.566153846154,29672,13,372,4429.0,3.0,7.298738400955016,True,5,5,5,15,Champions,2,High-Value Loyal
15061,United Kingdom,2010-12-02 15:19:00,2011-12-06 12:06:00,4,48,54534.14,1136.1279166666666,28920,13,373,305.4,7.0,0.5568974502703705,True,5,5,5,15,Champions,2,High-Value Loyal
14298,United Kingdom,2010-12-14 12:59:00,2011-12-01 13:12:00,9,44,51527.3,1171.075,58343,13,361,664.86,1.0,1.2738694853786467,True,5,5,5,15,Champions,2,High-Value Loyal
14088,United Kingdom,2011-01-21 13:07:00,2011-11-29 16:16:00,11,13,50491.81,3883.9853846153846,12665,6,323,76.32000000000001,1.0,0.15092509847605598,True,5,5,5,15,Champions,2,High-Value Loyal
15749,United Kingdom,2011-01-11 12:55:00,2011-04-18 13:20:00,236,3,44534.3,14844.766666666668,18028,2,333,22998.4,1.0,34.05520584842601,True,1,3,5,9,At Risk,1,Growth Potential
12931,United Kingdom,2010-12-17 09:45:00,2011-11-18 12:39:00,22,15,42055.96,2803.730666666667,28004,8,358,8593.15,5.0,16.966043430970455,True,4,5,5,14,Champions,2,High-Value Loyal
17841,United Kingdom,2010-12-01 14:41:00,2011-12-08 12:07:00,2,124,40991.57,330.5771774193548,23071,13,374,650.79,45.0,1.562807679487906,True,5,5,5,15,Champions,2,High-Value Loyal
15098,United Kingdom,2011-06-10 15:22:00,2011-06-10 15:33:00,183,3,39916.5,13305.5,121,1,183,39267.0,2.0,49.58987667885355,True,1,3,5,9,At Risk,1,Growth Potential
13798,United Kingdom,2010-12-02 17:24:00,2011-12-08 15:51:00,2,57,37153.85,651.8219298245614,23948,13,373,802.43,6.0,2.114090211158733,True,5,5,5,15,Champions,2,High-Value Loyal
16013,United Kingdom,2010-12-03 13:09:00,2011-12-06 10:36:00,4,47,37130.6,790.0127659574467,15536,13,372,3764.35,7.0,9.204926280628783,True,5,5,5,15,Champions,2,High-Value Loyal
16422,United Kingdom,2010-12-05 15:35:00,2011-11-22 14:00:00,18,51,34684.4,680.086274509804,33704,12,370,878.71,24.0,2.4708468972483004,True,4,5,5,14,Champions,2,High-Value Loyal
12748,United Kingdom,2010-12-01 12:48:00,2011-12-09 12:20:00,1,209,33719.73,161.3384210526316,25747,13,374,4647.63,14.0,12.113499599659711,True,5,5,5,15,Champions,2,High-Value Loyal
15838,United Kingdom,2010-12-07 11:26:00,2011-11-28 14:00:00,12,19,33643.08,1770.6884210526316,18368,10,368,292.32,2.0,0.8614013684824696,True,5,5,5,15,Champions,2,High-Value Loyal
17404,Sweden,2010-12-14 13:28:00,2011-12-05 16:26:00,5,15,31906.82,2127.1213333333335,32748,10,361,1606.0,3.0,4.792195941732149,True,5,5,5,15,Champions,2,High-Value Loyal
17389,United Kingdom,2011-01-12 15:48:00,2011-12-09 09:38:00,1,34,31833.68,936.2847058823529,7612,11,332,533.6,9.0,1.6485784409440645,True,5,5,5,15,Champions,2,High-Value Loyal
13098,United Kingdom,2011-01-26 13:46:00,2011-12-08 14:14:00,2,28,28882.44,1031.5157142857142,15968,12,318,223.56,13.0,0.7680890538033395,True,5,5,5,15,Champions,2,High-Value Loyal
14680,United Kingdom,2010-12-03 12:05:00,2011-11-14 16:59:00,26,16,28754.11,1797.131875,13476,11,372,1821.77,7.0,5.958193190187821,True,4,5,5,14,Champions,2,High-Value Loyal
13081,United Kingdom,2010-12-03 17:20:00,2011-11-28 10:54:00,12,11,28337.38,2576.1254545454544,19068,7,372,372.9,10.0,1.2988379075369518,True,5,5,5,15,Champions,2,High-Value Loyal
13408,United Kingdom,2010-12-01 10:39:00,2011-12-08 09:05:00,2,62,28117.04,453.5006451612903,16232,13,374,629.63,19.0,2.1902710818331306,True,5,5,5,15,Champions,2,High-Value Loyal
17857,United Kingdom,2010-12-09 11:35:00,2011-12-05 13:13:00,5,23,26879.04,1168.6539130434783,19256,11,366,115.69999999999999,2.0,0.4286020165410001,True,5,5,5,15,Champions,2,High-Value Loyal
16333,United Kingdom,2011-02-03 10:50:00,2011-12-02 12:19:00,8,22,26626.8,1210.3090909090909,32184,9,310,0.0,0.0,0.0,True,5,5,5,15,Champions,2,High-Value Loyal
13777,United Kingdom,2010-12-01 16:01:00,2011-12-09 12:25:00,1,33,25977.16,787.1866666666666,12897,13,374,228.81,8.0,0.8731216589197042,True,5,5,5,15,Champions,2,High-Value Loyal
12753,Japan,2010-12-12 11:44:00,2011-11-17 10:52:00,23,6,21429.39,3571.565,11421,6,363,405.38,5.0,1.8565801242696853,True,4,5,5,14,Champions,2,High-Value Loyal
12744,Singapore,2011-01-25 13:26:00,2011-10-19 11:18:00,52,7,21279.29,3039.8985714285714,5241,4,319,12158.9,3.0,36.36231506549846,True,3,5,5,13,Loyal,2,High-Value Loyal
16210,United Kingdom,2010-12-01 12:27:00,2011-12-08 12:36:00,2,18,21086.3,1171.461111111111,7559,9,374,0.0,0.0,0.0,True,5,5,5,15,Champions,2,High-Value Loyal
17675,United Kingdom,2010-12-07 13:22:00,2011-12-08 18:03:00,2,31,20374.28,657.2348387096774,8360,13,368,276.18,10.0,1.3374036220016408,True,5,5,5,15,Champions,2,High-Value Loyal
17381,United Kingdom,2010-12-02 12:58:00,2011-12-01 11:59:00,9,29,20275.61,699.1589655172414,25649,13,373,3.18,1.0,0.015681408999254885,True,5,5,5,15,Champions,2,High-Value Loyal
15039,United Kingdom,2010-12-06 11:26:00,2011-11-30 11:31:00,10,47,19914.44,423.7114893617021,9209,12,369,128.0,5.0,0.6386447957434325,True,5,5,5,15,Champions,2,High-Value Loyal
12471,Germany,2010-12-10 09:35:00,2011-12-07 15:43:00,3,30,19824.05,660.8016666666666,8212,12,365,1083.1299999999999,19.0,5.180660423835256,True,5,5,5,15,Champions,2,High-Value Loyal
12731,France,2010-12-10 10:56:00,2011-11-16 11:59:00,24,12,18895.91,1574.6591666666666,8437,10,365,102.5,2.0,0.539518833418165,True,4,5,5,14,Champions,2,High-Value Loyal
15159,United Kingdom,2010-12-13 15:44:00,2011-12-08 12:05:00,2,30,18641.010000000002,621.3670000000001,11441,12,362,67.33,4.0,0.3598929675214369,True,5,5,5,15,Champions,2,High-Value Loyal
12901,United Kingdom,2011-03-14 10:41:00,2011-12-01 10:07:00,9,28,17654.54,630.5192857142857,23075,10,271,1361.44,8.0,7.159452208090248,True,5,5,5,15,Champions,2,High-Value Loyal
12678,France,2010-12-21 11:00:00,2011-10-28 13:04:00,43,12,17628.46,1469.0383333333332,10923,9,354,40.2,1.0,0.22752149851771444,True,3,5,5,13,Loyal,2,High-Value Loyal
14031,United Kingdom,2010-12-02 16:34:00,2011-12-02 17:13:00,8,19,17286.86,909.8347368421053,5788,11,373,2652.22,4.0,13.301616724542956,True,5,5,5,15,Champions,2,High-Value Loyal
17428,United Kingdom,2010-12-06 09:37:00,2011-12-09 09:45:00,1,28,17256.85,616.3160714285714,9474,13,369,178.4,5.0,1.0232144649488824,True,5,5,5,15,Champions,2,High-Value Loyal
13767,United Kingdom,2010-12-01 10:47:00,2011-12-07 15:00:00,3,37,17220.36,465.41513513513513,7322,12,374,274.65000000000003,15.0,1.5698762104165702,True,5,5,5,15,Champions,2,High-Value Loyal
13881,United Kingdom,2011-02-01 10:14:00,2011-12-06 12:50:00,4,20,17159.52,857.976,10118,11,312,170.0,2.0,0.9809850474796763,True,5,5,5,15,Champions,2,High-Value Loyal
16839,United Kingdom,2010-12-05 11:15:00,2011-12-01 09:03:00,9,34,16594.35,488.06911764705876,8975,12,370,1236.57,5.0,6.934975873370528,True,5,5,5,15,Champions,2,High-Value Loyal
12921,United Kingdom,2010-12-01 15:06:00,2011-11-30 16:22:00,10,37,16587.09,448.29972972972973,9526,11,374,197.35,13.0,1.1757913877376904,True,5,5,5,15,Champions,2,High-Value Loyal
14607,United Kingdom,2011-03-23 15:22:00,2011-11-24 10:35:00,16,14,16569.5,1183.5357142857142,11766,3,262,5228.4,3.0,23.98579679693915,True,4,5,5,14,Champions,2,High-Value Loyal
15856,United Kingdom,2010-12-09 13:34:00,2011-12-05 17:09:00,5,27,16387.57,606.947037037037,11005,11,366,213.9,4.0,1.288440120061657,True,5,5,5,15,Champions,2,High-Value Loyal
17677,United Kingdom,2010-12-06 08:42:00,2011-12-08 09:56:00,2,30,16363.23,545.441,9775,13,369,144.01,13.0,0.8724050780142533,True,5,5,5,15,Champions,2,High-Value Loyal
15189,United Kingdom,2011-01-11 12:29:00,2011-12-08 13:22:00,2,41,16225.39,395.74121951219513,6149,12,333,423.25,12.0,2.54224969727257,True,5,5,5,15,Champions,2,High-Value Loyal
14051,United Kingdom,2010-12-08 12:49:00,2011-12-09 10:20:00,1,23,15610.390000000001,678.7126086956522,3756,13,367,133.05,3.0,0.8451139014090949,True,5,5,5,15,Champions,2,High-Value Loyal
15513,United Kingdom,2010-12-01 11:22:00,2011-11-06 14:36:00,34,19,14758.220000000001,776.7484210526317,5709,10,374,238.14000000000001,3.0,1.5879853511118698,True,3,5,5,13,Loyal,2,High-Value Loyal
16133,United Kingdom,2011-01-25 15:55:00,2011-12-06 11:24:00,4,33,14589.04,442.09212121212124,8887,11,319,283.38,13.0,1.905406114136099,True,5,5,5,15,Champions,2,High-Value Loyal
14866,United Kingdom,2010-12-08 14:58:00,2011-11-29 11:45:00,11,12,14389.9,1199.1583333333333,6752,6,367,192.45000000000002,1.0,1.3197461314534351,True,5,5,5,15,Champions,2,High-Value Loyal
16705,United Kingdom,2010-12-16 10:51:00,2011-12-09 12:08:00,1,20,14034.99,701.7495,5476,9,359,88.86,9.0,0.6291485678480018,True,5,5,5,15,Champions,2,High-Value Loyal
12681,France,2010-12-07 10:08:00,2011-11-25 11:33:00,15,22,13787.54,626.7063636363637,7536,10,368,109.94999999999999,5.0,0.7911500565929529,True,4,5,5,14,Champions,2,High-Value Loyal
12621,Germany,2010-12-09 10:16:00,2011-12-08 11:25:00,2,20,13689.67,684.4835,7440,12,366,77.60000000000001,3.0,0.5636556848234981,True,5,5,5,15,Champions,2,High-Value Loyal
12540,Spain,2010-12-13 09:39:00,2011-11-20 11:31:00,20,17,13400.24,788.2494117647059,6685,11,362,91.19999999999999,2.0,0.6759841795983229,True,4,5,5,14,Champions,2,High-Value Loyal
12433,Norway,2010-12-01 13:24:00,2011-12-09 10:02:00,1,7,13375.87,1910.8385714285716,11071,5,374,0.0,0.0,0.0,True,5,5,5,15,Champions,2,High-Value Loyal
15498,United Kingdom,2010-12-08 12:29:00,2011-12-07 12:48:00,3,27,13316.4,493.2,6105,11,367,919.94,8.0,6.461913666012472,True,5,5,5,15,Champions,2,High-Value Loyal
12477,Germany,2011-02-11 12:45:00,2011-11-17 09:51:00,23,6,13219.74,2203.29,3653,5,302,102.72999999999999,3.0,0.771103256378134,True,4,4,5,13,Champions,2,High-Value Loyal
17735,United Kingdom,2010-12-07 10:32:00,2011-12-07 16:47:00,3,19,13110.02,690.001052631579,8439,13,368,0.0,0.0,0.0,True,5,5,5,15,Champions,2,High-Value Loyal
16525,United Kingdom,2010-12-08 11:31:00,2011-12-07 15:07:00,3,26,13027.45,501.0557692307693,7397,12,367,1131.88,3.0,7.993881066406391,True,5,5,5,15,Champions,2,High-Value Loyal
14258,United Kingdom,2011-01-06 12:18:00,2011-11-30 15:27:00,10,9,12669.98,1407.7755555555555,7100,8,338,19.9,1.0,0.15681787377027992,True,5,5,5,15,Champions,2,High-Value Loyal
13078,United Kingdom,2010-12-08 09:07:00,2011-12-06 15:36:00,4,26,12627.94,485.69,5630,13,367,195.66,17.0,1.5257805920334384,True,5,5,5,15,Champions,2,High-Value Loyal
12536,France,2011-10-11 14:52:00,2011-10-27 14:20:00,44,3,12601.830000000002,4200.610000000001,2803,1,60,8495.01,2.0,40.26674136979756,True,3,3,5,11,Occasional,3,Core Regulars
15640,United Kingdom,2010-12-02 15:40:00,2011-12-05 14:35:00,5,15,12515.66,834.3773333333334,6607,10,373,82.32,2.0,0.6534380908685361,True,5,5,5,15,Champions,2,High-Value Loyal
16000,United Kingdom,2011-12-07 12:14:00,2011-12-07 12:17:00,3,3,12393.7,4131.233333333334,5110,1,3,0.0,0.0,0.0,True,5,4,5,14,Champions,3,Core Regulars
17340,United Kingdom,2010-12-08 15:56:00,2011-11-10 10:45:00,30,11,12353.29,1123.0263636363636,5967,7,367,462.11,5.0,3.6058960313372967,True,4,5,5,14,Champions,2,High-Value Loyal
12682,France,2010-12-03 13:59:00,2011-12-06 10:00:00,4,31,12288.22,396.3941935483871,5575,13,372,0.0,0.0,0.0,True,5,5,5,15,Champions,2,High-Value Loyal
13113,United Kingdom,2010-12-08 13:21:00,2011-12-09 12:49:00,1,24,12245.960000000001,510.2483333333334,3045,11,367,1735.96,16.0,12.415748337853454,True,5,5,5,15,Champions,2,High-Value Loyal
14606,United Kingdom,2010-12-01 16:57:00,2011-12-08 19:28:00,2,93,12156.65,130.71666666666667,6224,13,374,442.8,35.0,3.514439122342642,True,5,5,5,15,Champions,2,High-Value Loyal
12557,Spain,2010-12-03 12:20:00,2011-11-23 16:59:00,17,5,11990.960000000001,2398.192,4384,5,372,0.0,0.0,0.0,True,4,4,5,13,Champions,2,High-Value Loyal
12939,United Kingdom,2011-01-09 11:20:00,2011-10-06 14:33:00,65,8,11581.8,1447.725,4876,6,335,0.0,0.0,0.0,True,3,5,5,13,Loyal,2,High-Value Loyal
15125,United Kingdom,2011-03-14 09:59:00,2011-11-14 13:57:00,26,15,11528.48,768.5653333333333,6193,8,271,411.43,8.0,3.4458383689659304,True,4,5,5,14,Champions,2,High-Value Loyal
14194,United Kingdom,2011-02-04 14:51:00,2011-12-05 10:38:00,5,21,11349.52,540.4533333333334,5840,10,309,132.77,11.0,1.156302444895574,True,5,5,5,15,Champions,2,High-Value Loyal
12971,United Kingdom,2010-12-02 16:42:00,2011-12-06 12:20:00,4,86,11189.91,130.11523255813952,9289,13,373,259.65,3.0,2.26777273537149,True,5,5,5,15,Champions,2,High-Value Loyal
14895,United Kingdom,2011-02-22 13:08:00,2011-12-02 09:23:00,8,20,11138.710000000001,556.9355,4851,10,291,118.44999999999999,4.0,1.052219209818462,True,5,5,5,15,Champions,2,High-Value Loyal
12409,Switzerland,2011-06-10 12:19:00,2011-09-22 10:38:00,79,3,11072.67,3690.89,5551,2,183,15.74,4.0,0.1419500180819432,True,2,3,5,10,At Risk,1,Growth Potential
15482,United Kingdom,2010-12-16 10:08:00,2011-11-24 10:46:00,16,12,11054.96,921.2466666666666,5020,5,359,4486.24,4.0,28.866754175996707,True,4,5,5,14,Champions,2,High-Value Loyal
17581,United Kingdom,2010-12-02 14:47:00,2011-12-09 12:21:00,1,25,11045.04,441.8016,5927,10,373,308.93,6.0,2.720898505104382,True,5,5,5,15,Champions,2,High-Value Loyal
13319,United Kingdom,2010-12-09 10:04:00,2011-12-04 13:34:00,6,26,10845.550000000001,417.1365384615385,4724,13,366,181.21,10.0,1.6433657756222135,True,5,5,5,15,Champions,2,High-Value Loyal
17107,United Kingdom,2011-03-06 15:17:00,2011-11-06 14:14:00,34,6,10815.43,1802.5716666666667,4837,5,279,435.0,1.0,3.8665188797228196,True,3,5,5,13,Loyal,2,High-Value Loyal
13340,United Kingdom,2011-03-08 11:39:00,2011-10-25 13:15:00,46,7,10736.48,1533.782857142857,5770,4,277,0.0,0.0,0.0,True,3,5,5,13,Loyal,2,High-Value Loyal
14769,United Kingdom,2010-12-17 11:40:00,2011-12-07 10:24:00,3,8,10674.75,1334.34375,7436,8,358,33.15,2.0,0.3095845123693722,True,5,5,5,15,Champions,2,High-Value Loyal
17139,United Kingdom,2011-02-24 09:32:00,2011-11-24 10:12:00,16,12,10668.47,889.0391666666666,5182,8,289,82.9,3.0,0.7710645248000954,True,4,5,5,14,Champions,2,High-Value Loyal
16779,United Kingdom,2010-12-08 09:56:00,2011-12-07 14:54:00,3,22,10629.720000000001,483.169090909091,5325,12,367,175.67000000000002,6.0,1.625762698060875,True,5,5,5,15,Champions,2,High-Value Loyal
17865,United Kingdom,2010-12-10 14:53:00,2011-11-09 12:08:00,31,20,10526.32,526.316,5757,11,365,367.78,7.0,3.375955792584977,True,4,5,5,14,Champions,2,High-Value Loyal
17706,United Kingdom,2010-12-08 11:02:00,2011-12-05 13:34:00,5,17,10504.49,617.9111764705882,3899,7,367,407.12000000000006,5.0,3.7310717666778785,True,5,5,5,15,Champions,2,High-Value Loyal
15251,United Kingdom,2011-04-12 10:38:00,2011-11-30 15:02:00,10,11,10484.99,953.180909090909,6171,8,242,157.88,4.0,1.4834344495422758,True,5,5,5,15,Champions,2,High-Value Loyal
14062,United Kingdom,2010-12-10 15:56:00,2011-11-30 10:04:00,10,12,10464.85,872.0708333333333,5593,8,365,0.0,0.0,0.0,True,5,5,5,15,Champions,2,High-Value Loyal
15615,United Kingdom,2010-12-15 16:21:00,2011-11-29 14:42:00,11,23,10399.74,452.1626086956522,5508,10,360,39.7,4.0,0.3802885978558237,True,5,5,5,15,Champions,2,High-Value Loyal
15502,United Kingdom,2010-12-05 15:40:00,2011-11-24 12:48:00,16,12,10384.93,865.4108333333334,4236,6,370,4843.47,11.0,31.805508129547423,True,4,5,5,14,Champions,2,High-Value Loyal
16180,United Kingdom,2011-04-01 10:23:00,2011-08-31 16:28:00,101,8,10254.18,1281.7725,5867,5,253,36.7,2.0,0.35662644982742003,True,2,5,5,12,At Risk,2,High-Value Loyal
16843,United Kingdom,2011-01-16 16:10:00,2011-10-28 09:06:00,43,16,10196.57,637.285625,10159,8,328,12.75,1.0,0.12488588858023845,True,3,5,5,13,Loyal,2,High-Value Loyal
12590,Germany,2011-05-12 14:46:00,2011-05-12 14:52:00,212,2,9864.26,4932.13,4283,1,212,2.88,1.0,0.02918778896417807,True,1,2,5,8,At Risk,1,Growth Potential
13001,United Kingdom,2011-01-17 12:45:00,2011-12-05 14:51:00,5,13,9818.82,755.2938461538462,5505,9,327,20.9,2.0,0.21240441801189466,True,5,5,5,15,Champions,2,High-Value Loyal
13199,United Kingdom,2010-12-08 10:51:00,2011-12-06 12:30:00,4,38,9817.12,258.34526315789475,6176,13,367,13.16,1.0,0.1338720768889594,True,5,5,5,15,Champions,2,High-Value Loyal
15078,United Kingdom,2010-12-06 12:38:00,2011-12-02 15:41:00,8,32,9743.11,304.4721875,5105,13,369,119.76,6.0,1.2142510242961733,True,5,5,5,15,Champions,2,High-Value Loyal
12709,Germany,2010-12-08 09:49:00,2011-11-24 15:38:00,16,15,9736.52,649.1013333333334,3936,10,367,442.42,11.0,4.346425069800981,True,4,5,5,14,Champions,2,High-Value Loyal
13458,United Kingdom,2010-12-15 12:05:00,2011-12-02 15:29:00,8,14,9646.57,689.0407142857142,5508,11,360,108.65,8.0,1.1137626829533318,True,5,5,5,15,Champions,2,High-Value Loyal
14733,United Kingdom,2010-12-07 11:30:00,2011-11-23 15:39:00,17,12,9585.91,798.8258333333333,3764,9,368,134.37,3.0,1.3823675861189182,True,4,5,5,14,Champions,2,High-Value Loyal
16523,United Kingdom,2011-01-28 12:06:00,2011-12-08 09:06:00,2,21,9418.470000000001,448.4985714285715,4265,11,316,122.8,7.0,1.2870404044744568,True,5,5,5,15,Champions,2,High-Value Loyal
12567,France,2010-12-05 11:57:00,2011-11-17 11:02:00,23,10,9401.28,940.128,4305,7,370,286.34000000000003,1.0,2.9557311290079507,True,4,5,5,14,Champions,2,High-Value Loyal
14367,United Kingdom,2011-03-08 14:12:00,2011-12-01 13:19:00,9,16,9261.52,578.845,4438,9,277,93.7,3.0,1.0015798666412974,True,5,5,5,15,Champions,2,High-Value Loyal
14667,United Kingdom,2010-12-06 13:13:00,2011-11-29 11:30:00,11,25,9241.2,369.648,5385,11,369,10.0,2.0,0.10809408509166378,True,5,5,5,15,Champions,2,High-Value Loyal
18092,United Kingdom,2010-12-09 10:00:00,2011-12-07 13:14:00,3,11,9068.26,824.3872727272727,4252,8,366,2.5,1.0,0.02756108639187896,True,5,5,5,15,Champions,2,High-Value Loyal
13969,United Kingdom,2010-12-09 19:32:00,2011-12-02 15:11:00,8,18,9053.94,502.99666666666667,4542,11,366,67.25,2.0,0.7372941469260041,True,5,5,5,15,Champions,2,High-Value Loyal
12451,Switzerland,2011-01-19 09:05:00,2011-11-29 08:40:00,11,5,9035.52,1807.104,6575,4,325,102.0,1.0,1.116276626480708,True,5,4,5,14,Champions,3,Core Regulars
13488,United Kingdom,2010-12-07 13:01:00,2011-11-22 14:41:00,18,13,8968.31,689.87,4518,10,368,57.7,4.0,0.6392636391938409,True,4,5,5,14,Champions,2,High-Value Loyal
13090,United Kingdom,2010-12-02 07:48:00,2011-12-01 12:39:00,9,14,8910.82,636.4871428571429,2263,10,373,221.43,4.0,2.4247036601056693,True,5,5,5,15,Champions,2,High-Value Loyal
16033,United Kingdom,2010-12-05 10:36:00,2011-12-04 12:44:00,6,20,8816.4,440.82,3539,13,370,88.79,7.0,0.9970590183926451,True,5,5,5,15,Champions,2,High-Value Loyal
17017,United Kingdom,2010-12-02 10:17:00,2011-12-07 09:32:00,3,20,8694.26,434.713,6673,10,373,120.15,7.0,1.3631088184007778,True,5,5,5,15,Champions,2,High-Value Loyal
17243,United Kingdom,2010-12-05 10:03:00,2011-12-08 13:26:00,2,26,8676.85,333.725,3370,12,370,48.3,4.0,0.5535721448914919,True,5,5,5,15,Champions,2,High-Value Loyal
17306,United Kingdom,2010-12-21 13:34:00,2011-11-29 12:14:00,11,19,8631.31,454.2794736842105,11491,10,354,30.580000000000002,2.0,0.35304073360432886,True,5,5,5,15,Champions,2,High-Value Loyal
16656,United Kingdom,2010-12-10 11:23:00,2011-11-17 14:43:00,23,15,8625.8,575.0533333333333,8894,11,365,57.56,6.0,0.6628770429879679,True,4,5,5,14,Champions,2,High-Value Loyal
14527,United Kingdom,2010-12-05 13:17:00,2011-12-07 12:19:00,3,55,8508.82,154.7058181818182,2089,13,370,797.44,31.0,8.568855802438359,True,5,5,5,15,Champions,2,High-Value Loyal
12683,France,2010-12-09 10:37:00,2011-12-05 16:31:00,5,15,8476.57,565.1046666666666,4987,9,366,255.48,5.0,2.9257734438075826,True,5,5,5,15,Champions,2,High-Value Loyal
18139,United Kingdom,2011-11-21 14:06:00,2011-11-22 10:44:00,18,6,8438.34,1406.39,5557,1,19,45.120000000000005,2.0,0.5318584634099766,True,4,5,5,14,Champions,2,High-Value Loyal
15358,United Kingdom,2010-12-09 10:04:00,2011-12-05 09:04:00,5,22,8347.2,379.41818181818184,7050,13,366,112.4,7.0,1.3286680221287057,True,5,5,5,15,Champions,2,High-Value Loyal
16558,United Kingdom,2010-12-08 12:01:00,2011-12-09 10:20:00,1,20,8338.49,416.92449999999997,5377,13,367,81.45,4.0,0.9673465606643277,True,5,5,5,15,Champions,2,High-Value Loyal
14056,United Kingdom,2011-02-28 15:19:00,2011-12-08 13:36:00,2,23,8214.65,357.1586956521739,4273,11,285,90.25,6.0,1.0867078471745597,True,5,5,5,15,Champions,2,High-Value Loyal
14936,Channel Islands,2011-03-09 11:53:00,2011-11-06 10:30:00,34,8,8137.02,1017.1275,4085,5,276,19.599999999999998,1.0,0.24029561264347238,True,3,5,5,13,Loyal,2,High-Value Loyal
16672,United Kingdom,2011-03-18 10:15:00,2011-12-07 16:29:00,3,20,8134.9400000000005,406.747,2832,9,267,41.349999999999994,3.0,0.5057305941936989,True,5,5,5,15,Champions,2,High-Value Loyal
13854,United Kingdom,2010-12-09 10:48:00,2011-12-01 09:06:00,9,25,8109.5199999999995,324.38079999999997,2296,12,366,84.5,4.0,1.031239855406748,True,5,5,5,15,Champions,2,High-Value Loyal
14952,United Kingdom,2010-12-10 12:48:00,2011-10-11 10:33:00,60,11,8099.49,736.3172727272727,3355,5,365,186.7,4.0,2.253146500381961,True,3,5,5,13,Loyal,2,High-Value Loyal
18109,United Kingdom,2010-12-05 10:58:00,2011-12-08 11:36:00,2,26,8052.97,309.7296153846154,4237,13,370,127.65,5.0,1.5603951778716039,True,5,5,5,15,Champions,2,High-Value Loyal
14796,United Kingdom,2010-12-08 10:40:00,2011-12-08 15:31:00,2,17,8022.49,471.9111764705882,6025,13,367,182.98,10.0,2.229975857568183,True,5,5,5,15,Champions,2,High-Value Loyal
12428,Finland,2011-03-01 09:33:00,2011-11-14 08:22:00,26,9,7956.46,884.0511111111111,3536,5,284,79.26,3.0,0.9863459652650914,True,4,5,5,14,Champions,2,High-Value Loyal
15290,United Kingdom,2010-12-15 16:03:00,2011-12-05 11:39:00,5,18,7943.22,441.29,4501,12,360,139.45,3.0,1.7252962201846664,True,5,5,5,15,Champions,2,High-Value Loyal
14849,United Kingdom,2010-12-01 12:22:00,2011-11-18 10:58:00,22,25,7930.54,317.2216,5694,11,374,26.259999999999998,3.0,0.3300321737381862,True,4,5,5,14,Champions,2,High-Value Loyal
12757,Portugal,2011-05-12 19:01:00,2011-11-24 12:30:00,16,13,7857.1,604.3923076923077,2402,5,212,3629.4,6.0,31.597092238715014,True,4,5,5,14,Champions,2,High-Value Loyal
17811,United Kingdom,2011-01-10 10:58:00,2011-12-05 13:46:00,5,39,7837.7300000000005,200.9674358974359,4177,12,334,160.02,12.0,2.000812728579913,True,5,5,5,15,Champions,2,High-Value Loyal
13093,United Kingdom,2010-12-01 15:00:00,2011-03-09 12:14:00,276,8,7832.47,979.05875,3961,4,374,91.0,5.0,1.148486710999095,True,1,5,5,11,At Risk,1,Growth Potential
12435,Denmark,2011-03-17 07:40:00,2011-09-21 09:06:00,80,2,7829.89,3914.945,2055,2,268,0.0,0.0,0.0,True,2,2,5,9,At Risk,1,Growth Potential
13629,United Kingdom,2011-01-05 12:09:00,2011-11-16 13:21:00,24,11,7792.36,708.3963636363636,4372,9,339,0.0,0.0,0.0,True,4,5,5,14,Champions,2,High-Value Loyal
15044,United Kingdom,2010-12-12 14:27:00,2011-11-20 13:20:00,20,17,7700.2300000000005,452.954705882353,2795,11,363,70.85,5.0,0.9117136871580267,True,4,5,5,14,Champions,2,High-Value Loyal
15194,United Kingdom,2010-12-06 15:00:00,2011-12-06 15:10:00,4,15,7616.53,507.76866666666666,5703,10,369,95.36,7.0,1.2365321600800843,True,5,5,5,15,Champions,2,High-Value Loyal
18172,United Kingdom,2011-02-23 10:44:00,2011-11-25 11:12:00,15,20,7561.68,378.084,3184,8,290,71.50999999999999,5.0,0.9368298182018263,True,4,5,5,14,Champions,2,High-Value Loyal
13263,United Kingdom,2011-01-18 16:31:00,2011-12-08 13:59:00,2,35,7454.07,212.97342857142857,4780,11,326,0.0,0.0,0.0,True,5,5,5,15,Champions,2,High-Value Loyal
12474,Germany,2011-01-14 10:06:00,2011-11-22 14:39:00,18,18,7375.79,409.7661111111111,4847,9,330,259.32,12.0,3.3964147209404976,True,4,5,5,14,Champions,2,High-Value Loyal
12980,United Kingdom,2010-12-16 11:36:00,2011-07-05 09:34:00,158,9,7374.900000000001,819.4333333333334,886,7,359,282.84000000000003,3.0,3.693517930877779,True,2,5,5,12,At Risk,1,Growth Potential
15465,United Kingdom,2010-12-05 10:12:00,2011-11-20 10:11:00,20,18,7354.62,408.59,1257,10,370,409.59999999999997,6.0,5.27548163241124,True,4,5,5,14,Champions,2,High-Value Loyal
17396,United Kingdom,2010-12-03 09:45:00,2011-10-31 14:12:00,40,8,7330.8,916.35,2005,3,372,0.0,0.0,0.0,True,3,5,5,13,Loyal,2,High-Value Loyal
12583,France,2010-12-01 08:45:00,2011-12-07 08:07:00,3,15,7281.38,485.42533333333336,5060,12,374,94.03999999999999,3.0,1.2750460312768628,True,5,5,5,15,Champions,2,High-Value Loyal
13018,United Kingdom,2011-02-17 11:05:00,2011-11-23 13:28:00,17,28,7277.7,259.91785714285714,5435,10,296,4.95,1.0,0.06796976375357872,True,4,5,5,14,Champions,2,High-Value Loyal
18229,United Kingdom,2010-12-01 16:25:00,2011-11-28 09:48:00,12,20,7276.900000000001,363.845,2488,12,374,0.0,0.0,0.0,True,5,5,5,15,Champions,2,High-Value Loyal
16923,United Kingdom,2010-12-12 11:06:00,2011-11-27 13:00:00,13,19,7247.61,381.4531578947368,3417,10,363,580.78,7.0,7.418894561972514,True,5,5,5,15,Champions,2,High-Value Loyal
16729,United Kingdom,2011-04-12 14:22:00,2011-11-01 14:29:00,39,21,7239.92,344.7580952380952,5783,8,242,163.64,5.0,2.2102880235994573,True,3,5,5,13,Loyal,2,High-Value Loyal
16745,United Kingdom,2011-02-01 11:31:00,2011-09-14 11:58:00,87,17,7194.3,423.1941176470588,6735,8,312,23.6,1.0,0.3269649066903116,True,2,5,5,12,At Risk,2,High-Value Loyal
16873,United Kingdom,2010-12-10 15:45:00,2011-12-05 12:05:00,5,6,7123.62,1187.27,3840,6,365,57.31,4.0,0.7980860417801037,True,5,5,5,15,Champions,2,High-Value Loyal
13324,United Kingdom,2010-12-14 09:50:00,2011-11-03 16:28:00,37,10,7121.95,712.1949999999999,5205,6,361,49.14999999999999,2.0,0.685389968066266,True,3,5,5,13,Loyal,2,High-Value Loyal
13985,United Kingdom,2011-03-20 13:48:00,2011-12-05 17:06:00,5,15,7060.13,470.67533333333336,3445,9,265,35.6,1.0,0.5017101834483555,True,5,5,5,15,Champions,2,High-Value Loyal
14961,United Kingdom,2010-12-14 11:38:00,2011-11-29 09:42:00,11,9,7044.68,782.7422222222223,3708,6,361,38.1,3.0,0.5379243743275944,True,5,5,5,15,Champions,2,High-Value Loyal
12766,Portugal,2010-12-08 13:53:00,2011-12-06 08:46:00,4,7,6989.63,998.5185714285715,3646,7,367,0.0,0.0,0.0,True,5,5,5,15,Champions,2,High-Value Loyal
12798,Japan,2011-06-22 10:11:00,2011-11-29 15:52:00,11,3,6977.04,2325.68,5256,3,171,0.0,0.0,0.0,True,5,3,5,13,Potential Loyalists,3,Core Regulars
12989,United Kingdom,2010-12-10 13:24:00,2011-12-06 15:28:00,4,15,6924.110000000001,461.6073333333334,2943,11,365,69.6,4.0,0.9951799545591679,True,5,5,5,15,Champions,2,High-Value Loyal
16713,United Kingdom,2010-12-08 13:01:00,2011-11-21 12:36:00,19,15,6923.13,461.54200000000003,4276,10,367,82.9,6.0,1.1832664147884038,True,4,5,5,14,Champions,2,High-Value Loyal
13027,United Kingdom,2010-12-20 12:45:00,2011-08-18 09:39:00,114,6,6912.0,1152.0,17280,5,355,0.0,0.0,0.0,True,2,5,5,12,At Risk,1,Growth Potential
16187,United Kingdom,2011-02-28 13:34:00,2011-11-08 09:50:00,32,15,6911.4400000000005,460.7626666666667,5048,8,285,70.2,2.0,1.0054944110552821,True,4,5,5,14,Champions,2,High-Value Loyal
17416,United Kingdom,2011-03-03 13:45:00,2011-11-10 12:47:00,30,7,6893.42,984.7742857142857,4302,6,282,55.08,2.0,0.7926890695833633,True,4,5,5,14,Champions,3,Core Regulars
12705,Germany,2010-12-17 15:58:00,2011-11-24 13:17:00,16,9,6868.29,763.1433333333333,3997,7,358,54.050000000000004,5.0,0.7808053346122843,True,4,5,5,14,Champions,2,High-Value Loyal
12476,Germany,2010-12-13 14:39:00,2011-11-24 12:40:00,16,11,6816.42,619.6745454545454,2408,9,362,269.84,9.0,3.80793253422821,True,4,5,5,14,Champions,2,High-Value Loyal
12830,United Kingdom,2011-06-21 10:53:00,2011-11-02 11:54:00,38,6,6814.64,1135.7733333333333,9848,4,172,66.24,1.0,0.9626675657764703,True,3,5,5,13,Loyal,3,Core Regulars
15023,United Kingdom,2010-12-05 13:49:00,2011-12-06 17:23:00,4,11,6802.76,618.4327272727273,2871,9,370,39.6,1.0,0.5787476835477817,True,5,5,5,15,Champions,2,High-Value Loyal
18055,United Kingdom,2010-12-05 10:52:00,2011-12-02 14:25:00,8,10,6784.1900000000005,678.4190000000001,2455,7,370,32.050000000000004,1.0,0.47020057979179136,True,5,5,5,15,Champions,2,High-Value Loyal
15601,United Kingdom,2010-12-02 10:39:00,2011-11-28 15:15:00,12,14,6776.56,484.04,4983,10,373,31.2,3.0,0.45830052763317153,True,5,5,5,15,Champions,2,High-Value Loyal
16652,United Kingdom,2011-03-11 13:13:00,2011-10-12 09:38:00,59,7,6773.97,967.71,3283,5,274,119.71000000000001,4.0,1.736518086131065,True,3,5,5,13,Loyal,3,Core Regulars
16532,United Kingdom,2011-01-05 12:37:00,2011-11-22 11:08:00,18,3,6748.8,2249.6,2016,3,339,0.0,0.0,0.0,True,4,4,5,13,Champions,3,Core Regulars
13576,United Kingdom,2010-12-01 17:24:00,2011-11-29 15:34:00,11,18,6717.34,373.18555555555554,2646,12,374,14.040000000000001,2.0,0.20857535899028135,True,5,5,5,15,Champions,2,High-Value Loyal
16746,United Kingdom,2010-12-16 11:43:00,2011-12-05 12:33:00,5,18,6697.66,372.09222222222223,4665,11,359,3.3499999999999996,1.0,0.04999246382261777,True,5,5,5,15,Champions,2,High-Value Loyal
15249,United Kingdom,2011-03-28 12:49:00,2011-11-08 11:45:00,32,13,6688.46,514.496923076923,3577,8,257,31.1,2.0,0.4628279232568799,True,4,5,5,14,Champions,2,High-Value Loyal
16353,United Kingdom,2010-12-05 12:09:00,2011-12-06 12:23:00,4,23,6675.71,290.24826086956523,2006,11,370,0.0,0.0,0.0,True,5,5,5,15,Champions,2,High-Value Loyal
17338,United Kingdom,2010-12-13 12:57:00,2011-11-22 14:23:00,18,8,6643.93,830.49125,3128,8,362,31.75,2.0,0.4756069793639,True,4,5,5,14,Champions,2,High-Value Loyal
12626,Germany,2011-01-17 11:01:00,2011-11-16 16:06:00,24,9,6620.48,735.6088888888888,3453,6,327,232.13,4.0,3.387468424439739,True,4,5,5,14,Champions,2,High-Value Loyal
16182,United Kingdom,2011-02-18 10:11:00,2011-09-28 13:23:00,73,4,6617.65,1654.4125,3791,4,295,0.0,0.0,0.0,True,2,4,5,11,At Risk,1,Growth Potential
15144,United Kingdom,2011-01-31 13:17:00,2011-12-01 15:12:00,9,17,6580.44,387.0847058823529,3050,9,313,50.400000000000006,1.0,0.7600846951517457,True,5,5,5,15,Champions,2,High-Value Loyal
12472,Germany,2010-12-05 14:19:00,2011-11-07 14:01:00,33,7,6572.11,938.8728571428571,4148,7,370,342.63,6.0,4.955067001796163,True,4,5,5,14,Champions,3,Core Regulars
16814,United Kingdom,2010-12-05 11:45:00,2011-11-25 13:27:00,15,21,6509.1,309.95714285714286,2769,12,370,8.5,1.0,0.13041610408739412,True,4,5,5,14,Champions,2,High-Value Loyal
12431,Australia,2010-12-01 10:03:00,2011-11-04 11:55:00,36,15,6487.45,432.49666666666667,2906,8,374,71.06,3.0,1.0834778021227383,True,3,5,5,13,Loyal,2,High-Value Loyal
18223,United Kingdom,2010-12-16 16:42:00,2011-12-05 09:11:00,5,14,6484.54,463.18142857142857,2948,10,359,169.31,13.0,2.544541881767698,True,5,5,5,15,Champions,2,High-Value Loyal
15694,United Kingdom,2010-12-02 07:49:00,2011-12-09 09:44:00,1,14,6479.4,462.8142857142857,1677,9,373,55.800000000000004,1.0,0.8538376790304811,True,5,5,5,15,Champions,2,High-Value Loyal
13225,United Kingdom,2010-12-13 09:49:00,2011-12-06 13:29:00,4,7,6463.84,923.4057142857143,3416,7,362,380.8,1.0,5.5634774071390165,True,5,5,5,15,Champions,2,High-Value Loyal
13102,United Kingdom,2010-12-09 13:38:00,2011-12-08 12:52:00,2,24,6424.09,267.67041666666665,4204,12,366,87.8,3.0,1.3483028736664777,True,5,5,5,15,Champions,2,High-Value Loyal
13871,United Kingdom,2011-02-04 09:30:00,2011-11-17 10:49:00,23,13,6403.25,492.5576923076923,2806,10,309,13.450000000000001,1.0,0.2096093007309053,True,4,5,5,14,Champions,2,High-Value Loyal
12359,Cyprus,2011-01-12 12:43:00,2011-10-13 12:47:00,58,4,6372.58,1593.145,1622,4,332,127.05,2.0,1.954726653671055,True,3,4,5,12,Loyal,3,Core Regulars
13668,United Kingdom,2010-12-12 12:35:00,2011-12-07 12:11:00,3,21,6363.59,303.02809523809526,3742,12,363,147.52,8.0,2.2656659156426477,True,5,5,5,15,Champions,2,High-Value Loyal
13709,United Kingdom,2011-01-28 14:57:00,2011-12-06 10:28:00,4,13,6328.05,486.7730769230769,3516,6,316,78.94,4.0,1.2320918247101993,True,5,5,5,15,Champions,2,High-Value Loyal
15005,United Kingdom,2010-12-08 14:36:00,2011-11-24 12:25:00,16,28,6316.57,225.5917857142857,4247,12,367,136.08,7.0,2.108900994165188,True,4,5,5,14,Champions,2,High-Value Loyal
17315,United Kingdom,2010-12-17 12:24:00,2011-12-08 12:15:00,2,38,6292.26,165.58578947368423,3888,13,358,87.80000000000001,5.0,1.3761626066212544,True,5,5,5,15,Champions,2,High-Value Loyal
16126,United Kingdom,2011-02-16 11:18:00,2011-11-10 16:03:00,30,4,6287.77,1571.9425,2125,4,297,0.0,0.0,0.0,True,4,4,5,13,Champions,3,Core Regulars
14057,United Kingdom,2010-12-14 12:11:00,2011-11-16 10:32:00,24,17,6217.96,365.76235294117646,4876,11,361,70.56,1.0,1.1220446146311054,True,4,5,5,14,Champions,2,High-Value Loyal
12357,Switzerland,2011-11-06 16:07:00,2011-11-06 16:07:00,34,1,6207.67,6207.67,2708,1,34,0.0,0.0,0.0,False,3,1,5,9,Occasional,1,Growth Potential
14060,United Kingdom,2010-12-02 12:11:00,2011-12-05 12:29:00,5,19,6140.42,323.18,5386,13,373,5.04,1.0,0.08201176152802231,True,5,5,5,15,Champions,2,High-Value Loyal
13418,United Kingdom,2010-12-02 10:45:00,2011-11-28 10:23:00,12,18,6127.43,340.4127777777778,3918,9,373,281.98999999999995,5.0,4.399618062164751,True,5,5,5,15,Champions,2,High-Value Loyal
17509,United Kingdom,2011-10-07 13:14:00,2011-10-13 10:26:00,58,8,6115.14,764.3925,3534,1,64,14.4,3.0,0.23492790649869322,True,3,5,5,13,Loyal,3,Core Regulars
15939,United Kingdom,2011-01-12 12:43:00,2011-09-11 11:30:00,90,15,6115.01,407.6673333333334,4728,9,332,12.75,1.0,0.20806950663864118,True,2,5,5,12,At Risk,2,High-Value Loyal
14735,United Kingdom,2010-12-16 16:05:00,2011-12-06 12:09:00,4,32,6065.69,189.5528125,2264,12,359,258.0,2.0,4.079896389607966,True,5,5,5,15,Champions,2,High-Value Loyal
12637,France,2011-01-20 10:47:00,2011-10-03 13:46:00,68,8,6021.9,752.7375,3002,6,324,68.65,2.0,1.1271560039733688,True,3,5,5,13,Loyal,3,Core Regulars
13097,United Kingdom,2010-12-14 15:13:00,2011-11-07 10:43:00,33,10,6010.42,601.042,2363,9,361,117.1,4.0,1.9110504739274616,True,4,5,5,14,Champions,2,High-Value Loyal
13316,United Kingdom,2011-03-30 13:01:00,2011-11-02 13:40:00,38,4,5977.7300000000005,1494.4325000000001,6948,4,255,162.24,1.0,2.642358187417854,True,3,4,5,12,Loyal,3,Core Regulars
14101,United Kingdom,2011-01-17 13:09:00,2011-09-27 12:28:00,74,6,5976.79,996.1316666666667,6942,6,327,0.0,0.0,0.0,True,2,5,5,12,At Risk,3,Core Regulars
15382,United Kingdom,2011-02-17 12:01:00,2011-11-25 10:58:00,15,6,5955.71,992.6183333333333,4012,5,296,27.85,2.0,0.465441977685525,True,4,5,5,14,Champions,3,Core Regulars
14505,United Kingdom,2010-12-12 16:14:00,2011-11-22 15:45:00,18,8,5905.64,738.205,2759,6,363,86.94,3.0,1.4507941487639715,True,4,5,5,14,Champions,2,High-Value Loyal
14415,United Kingdom,2010-12-14 13:31:00,2011-12-08 14:38:00,2,13,5900.28,453.86769230769227,3011,12,361,88.72,5.0,1.4813825346468525,True,5,5,5,15,Champions,2,High-Value Loyal
14944,United Kingdom,2011-02-16 12:47:00,2011-11-10 09:10:00,30,12,5900.25,491.6875,2815,6,297,57.300000000000004,2.0,0.9618047687388271,True,4,5,5,14,Champions,2,High-Value Loyal
13209,United Kingdom,2010-12-13 10:31:00,2011-11-09 13:54:00,31,8,5891.61,736.45125,4253,6,362,71.45,3.0,1.198210314838355,True,4,5,5,14,Champions,2,High-Value Loyal
13534,United Kingdom,2010-12-16 15:23:00,2011-12-07 14:52:00,3,25,5870.08,234.8032,2961,12,359,257.0,18.0,4.194493951441796,True,5,5,5,15,Champions,2,High-Value Loyal
13050,United Kingdom,2010-12-08 09:30:00,2011-11-25 09:18:00,15,17,5836.86,343.3447058823529,3748,10,367,152.25,11.0,2.5421139367952836,True,4,5,5,14,Champions,2,High-Value Loyal
12720,Germany,2010-12-05 15:21:00,2011-12-07 08:03:00,3,25,5781.73,231.26919999999998,4672,13,370,68.45,4.0,1.1700494685633607,True,5,5,5,15,Champions,2,High-Value Loyal
15218,United Kingdom,2011-01-25 11:20:00,2011-11-29 11:48:00,11,11,5756.89,523.3536363636364,3329,9,319,0.0,0.0,0.0,True,5,5,5,15,Champions,2,High-Value Loyal
17686,United Kingdom,2011-02-10 10:18:00,2011-12-02 15:39:00,8,7,5739.46,819.9228571428572,2478,5,303,0.0,0.0,0.0,True,5,5,5,15,Champions,2,High-Value Loyal
13178,United Kingdom,2010-12-14 12:22:00,2011-11-13 16:14:00,27,11,5725.47,520.4972727272727,3570,8,361,0.0,0.0,0.0,True,4,5,5,14,Champions,2,High-Value Loyal
16553,United Kingdom,2010-12-14 13:58:00,2011-06-29 15:42:00,164,12,5719.82,476.65166666666664,4600,6,361,55.25,2.0,0.9566983603661947,True,2,5,5,12,At Risk,2,High-Value Loyal
13468,United Kingdom,2010-12-01 15:08:00,2011-12-08 10:39:00,2,37,5704.97,154.1883783783784,2589,13,374,48.22,4.0,0.8381437080993327,True,5,5,5,15,Champions,2,High-Value Loyal
14110,United Kingdom,2011-03-18 09:59:00,2011-12-06 12:26:00,4,12,5683.15,473.5958333333333,2445,9,267,13.5,1.0,0.2369813837957396,True,5,5,5,15,Champions,2,High-Value Loyal
14049,United Kingdom,2011-01-26 11:27:00,2011-11-23 12:20:00,17,4,5681.72,1420.43,3870,4,318,42.57,2.0,0.7436730144699168,True,4,4,5,13,Champions,3,Core Regulars
17049,United Kingdom,2011-03-09 08:33:00,2011-12-07 10:48:00,3,9,5659.9800000000005,628.8866666666668,2676,8,276,65.2,2.0,1.1388288228492378,True,5,5,5,15,Champions,2,High-Value Loyal
17716,United Kingdom,2011-03-17 10:38:00,2011-11-17 12:00:00,23,11,5655.99,514.180909090909,3072,6,268,150.2,1.0,2.5868943317390576,True,4,5,5,14,Champions,2,High-Value Loyal
13004,United Kingdom,2010-12-17 08:20:00,2011-11-28 11:27:00,12,18,5655.91,314.21722222222223,4822,11,358,42.480000000000004,4.0,0.7454737215248518,True,5,5,5,15,Champions,2,High-Value Loyal
18118,United Kingdom,2010-12-05 12:13:00,2011-11-29 11:32:00,11,26,5653.82,217.45461538461538,2882,11,370,58.05,5.0,1.0163046427877385,True,5,5,5,15,Champions,2,High-Value Loyal
14688,United Kingdom,2010-12-01 09:37:00,2011-12-02 12:26:00,8,21,5630.87,268.13666666666666,3621,12,374,523.49,6.0,8.506002248812225,True,5,5,5,15,Champions,2,High-Value Loyal
17757,United Kingdom,2010-12-02 17:17:00,2011-12-08 15:31:00,2,30,5605.29,186.843,3320,13,373,19.8,1.0,0.35199436809011053,True,5,5,5,15,Champions,2,High-Value Loyal
12481,Germany,2010-12-09 10:13:00,2011-11-17 08:29:00,23,10,5596.32,559.632,3304,7,366,5.46,1.0,0.09746901877617473,True,4,5,5,14,Champions,2,High-Value Loyal
12839,United Kingdom,2010-12-07 15:48:00,2011-12-07 12:33:00,3,14,5591.42,399.38714285714286,3807,10,368,7.8,2.0,0.1393051174985087,True,5,5,5,15,Champions,2,High-Value Loyal
16767,United Kingdom,2011-01-27 13:38:00,2011-11-09 09:42:00,31,11,5580.6,507.32727272727277,4435,8,317,0.0,0.0,0.0,True,4,5,5,14,Champions,2,High-Value Loyal
16161,United Kingdom,2010-12-06 10:03:00,2011-12-08 12:10:00,2,19,5575.56,293.4505263157895,2599,11,369,222.59,7.0,3.838983123927459,True,5,5,5,15,Champions,2,High-Value Loyal
12539,Spain,2011-01-10 09:11:00,2011-11-17 13:30:00,23,4,5568.35,1392.0875,2067,3,334,1715.85,1.0,23.555778259795172,True,4,4,5,13,Champions,3,Core Regulars
15805,United Kingdom,2010-12-10 09:33:00,2011-11-16 16:32:00,24,17,5528.4800000000005,325.204705882353,3387,8,365,76.31,3.0,1.3615139907115161,True,4,5,5,14,Champions,2,High-Value Loyal
18225,United Kingdom,2010-12-09 15:46:00,2011-12-06 13:27:00,4,12,5509.12,459.0933333333333,3244,10,366,148.1,5.0,2.6178935943802784,True,5,5,5,15,Champions,2,High-Value Loyal
16609,United Kingdom,2011-04-01 10:11:00,2011-11-24 13:32:00,16,7,5493.46,784.78,2420,5,253,42.5,2.0,0.7677078591608321,True,4,5,5,14,Champions,3,Core Regulars
16985,United Kingdom,2010-12-16 10:38:00,2011-11-22 13:33:00,18,10,5464.12,546.412,1832,7,359,2.5,1.0,0.04573209771302926,True,4,5,5,14,Champions,2,High-Value Loyal
16265,United Kingdom,2010-12-10 10:21:00,2011-11-30 16:41:00,10,9,5447.0,605.2222222222222,2646,7,365,23.85,2.0,0.43594688211155486,True,5,5,5,15,Champions,2,High-Value Loyal
18198,United Kingdom,2011-01-07 13:39:00,2011-12-05 14:49:00,5,17,5425.56,319.15058823529415,4074,11,337,342.5,4.0,5.937871658755283,True,5,5,5,15,Champions,2,High-Value Loyal
12490,France,2011-01-14 09:13:00,2011-12-04 16:07:00,6,10,5417.93,541.793,3064,8,330,0.0,0.0,0.0,True,5,5,5,15,Champions,2,High-Value Loyal
17809,United Kingdom,2010-12-01 09:41:00,2011-11-23 12:59:00,17,12,5411.91,450.9925,2057,8,374,784.29,3.0,12.657596591459281,True,4,5,5,14,Champions,2,High-Value Loyal
16701,United Kingdom,2010-12-13 11:51:00,2011-12-01 11:10:00,9,13,5398.3,415.25384615384615,6393,10,362,248.03,5.0,4.392764857881137,True,5,5,5,15,Champions,2,High-Value Loyal
17719,United Kingdom,2011-03-29 11:29:00,2011-11-02 10:36:00,38,15,5396.04,359.736,2466,8,256,28.240000000000002,3.0,0.5206220917799229,True,3,5,5,13,Loyal,2,High-Value Loyal
17850,United Kingdom,2010-12-01 08:26:00,2010-12-02 15:27:00,373,34,5391.21,158.565,1733,1,374,102.58,1.0,1.8671991466728797,True,1,5,5,11,At Risk,2,High-Value Loyal
16303,United Kingdom,2011-01-10 14:16:00,2011-11-14 10:49:00,26,3,5360.63,1786.8766666666668,2659,3,334,54.8,1.0,1.0119233375743015,True,4,4,5,13,Champions,3,Core Regulars
13269,United Kingdom,2010-12-05 11:51:00,2011-12-08 14:53:00,2,15,5346.2300000000005,356.41533333333336,3514,10,370,30.31,2.0,0.5637454571155426,True,5,5,5,15,Champions,2,High-Value Loyal
15150,United Kingdom,2011-03-15 14:21:00,2011-11-22 12:52:00,18,10,5314.47,531.447,3658,6,270,10.5,1.0,0.19718420948850415,True,4,5,5,14,Champions,2,High-Value Loyal
17730,United Kingdom,2011-01-17 14:49:00,2011-12-06 15:43:00,4,13,5298.4800000000005,407.5753846153847,3576,10,327,9.65,2.0,0.18179660257001995,True,5,5,5,15,Champions,2,High-Value Loyal
17061,United Kingdom,2011-04-21 13:29:00,2011-09-27 11:24:00,74,11,5232.2300000000005,475.65727272727275,1526,6,233,116.10000000000001,1.0,2.1707710631168977,True,2,5,5,12,At Risk,2,High-Value Loyal
18226,United Kingdom,2011-01-06 09:00:00,2011-10-26 13:36:00,45,11,5228.05,475.27727272727276,3466,9,338,35.95,3.0,0.6829407294832828,True,3,5,5,13,Loyal,2,High-Value Loyal
12362,Belgium,2011-02-17 10:30:00,2011-12-06 15:40:00,4,10,5226.23,522.6229999999999,2229,8,296,71.65,3.0,1.3524277635582538,True,5,5,5,15,Champions,2,High-Value Loyal
15046,United Kingdom,2011-01-05 15:30:00,2011-11-30 15:50:00,10,15,5213.7699999999995,347.58466666666664,3451,9,339,149.76,1.0,2.792190963786909,True,5,5,5,15,Champions,2,High-Value Loyal
16258,United Kingdom,2011-05-04 14:33:00,2011-10-25 13:30:00,46,5,5203.51,1040.702,2994,5,220,0.0,0.0,0.0,True,3,4,5,12,Loyal,3,Core Regulars
13756,United Kingdom,2010-12-07 11:41:00,2011-12-07 16:44:00,3,14,5189.52,370.68,3188,9,368,44.400000000000006,1.0,0.8483125458547324,True,5,5,5,15,Champions,2,High-Value Loyal
16191,United Kingdom,2010-12-14 12:38:00,2011-12-07 11:26:00,3,13,5180.52,398.5015384615385,3351,7,361,267.20000000000005,12.0,4.9048042116702035,True,5,5,5,15,Champions,2,High-Value Loyal
15727,United Kingdom,2010-12-15 15:47:00,2011-11-23 12:36:00,17,7,5178.96,739.8514285714285,3065,7,360,0.0,0.0,0.0,True,4,5,5,14,Champions,3,Core Regulars
17858,United Kingdom,2010-12-05 13:08:00,2011-12-04 11:56:00,6,12,5155.66,429.6383333333333,2706,9,370,0.0,0.0,0.0,True,5,5,5,15,Champions,2,High-Value Loyal
13599,United Kingdom,2010-12-08 10:11:00,2011-12-08 16:10:00,2,21,5153.67,245.41285714285715,3294,9,367,123.07000000000001,12.0,2.3323112376201975,True,5,5,5,15,Champions,2,High-Value Loyal
15903,United Kingdom,2011-02-17 14:04:00,2011-11-30 08:08:00,10,7,5126.76,732.3942857142857,2410,4,296,0.42,1.0,0.008191637508337917,True,5,5,5,15,Champions,2,High-Value Loyal
13941,United Kingdom,2010-12-02 10:17:00,2011-11-18 09:43:00,22,5,5112.96,1022.592,2364,5,373,200.55,2.0,3.7743412546508806,True,4,4,5,13,Champions,3,Core Regulars
17602,United Kingdom,2011-01-19 16:18:00,2011-12-07 13:53:00,3,6,5102.97,850.495,4151,6,325,52.2,2.0,1.0125757249518443,True,5,5,5,15,Champions,2,High-Value Loyal
16700,United Kingdom,2010-12-08 16:34:00,2011-12-01 11:00:00,9,13,5076.55,390.50384615384615,4024,12,367,36.55,4.0,0.7148305333359408,True,5,5,5,15,Champions,2,High-Value Loyal
14562,United Kingdom,2011-02-08 14:45:00,2011-12-06 11:05:00,4,18,5074.77,281.9316666666667,1834,9,305,365.55,4.0,6.719273866243161,True,5,5,5,15,Champions,2,High-Value Loyal
15301,United Kingdom,2010-12-06 12:21:00,2011-10-20 09:57:00,51,12,5070.35,422.5291666666667,2775,9,369,42.23,2.0,0.8260017447159751,True,3,5,5,13,Loyal,2,High-Value Loyal
13139,United Kingdom,2011-03-25 11:57:00,2011-11-23 13:54:00,17,7,5064.94,723.5628571428571,2425,5,260,9.15,1.0,0.1803279011606022,True,4,5,5,14,Champions,3,Core Regulars
12432,Norway,2011-06-20 13:27:00,2011-10-28 11:43:00,43,5,5059.32,1011.8639999999999,1801,2,173,0.0,0.0,0.0,True,3,4,5,12,Loyal,3,Core Regulars
15719,United Kingdom,2011-01-06 12:31:00,2011-11-07 12:29:00,33,13,5045.61,388.1238461538461,2725,11,338,1.65,1.0,0.032691004624291205,True,4,5,5,14,Champions,2,High-Value Loyal
17426,United Kingdom,2011-03-02 16:34:00,2011-12-01 18:07:00,9,6,5037.26,839.5433333333334,3094,4,283,15.0,1.0,0.2968968342880216,True,5,5,5,15,Champions,3,Core Regulars
14329,United Kingdom,2011-01-14 13:42:00,2011-11-22 15:50:00,18,7,5014.84,716.4057142857143,3095,6,330,86.1,7.0,1.6879241865224839,True,4,5,5,14,Champions,3,Core Regulars
14755,United Kingdom,2011-01-09 14:02:00,2011-11-30 11:24:00,10,11,5010.28,455.47999999999996,2219,10,335,44.900000000000006,1.0,0.8881978485434745,True,5,5,5,15,Champions,2,High-Value Loyal
12444,Norway,2011-06-21 14:00:00,2011-11-18 13:23:00,22,5,5005.46,1001.092,1153,5,172,0.0,0.0,0.0,True,4,4,5,13,Champions,3,Core Regulars
15032,United Kingdom,2010-12-08 12:57:00,2011-03-28 15:03:00,257,3,4959.1,1653.0333333333335,2968,2,367,495.0,2.0,9.07574118553015,True,1,3,5,9,At Risk,1,Growth Potential
15547,United Kingdom,2010-12-12 13:26:00,2011-12-02 12:52:00,8,14,4954.84,353.9171428571429,4032,10,363,0.0,0.0,0.0,True,5,5,5,15,Champions,2,High-Value Loyal
12437,France,2011-01-12 14:13:00,2011-12-08 11:35:00,2,18,4951.41,275.0783333333333,2922,10,332,54.75,1.0,1.0936526199721943,True,5,5,5,15,Champions,2,High-Value Loyal
12700,France,2011-05-08 16:10:00,2011-12-02 10:47:00,8,4,4939.99,1234.9975,2967,4,216,72.0,2.0,1.4365551407724277,True,5,4,5,14,Champions,3,Core Regulars
15786,United Kingdom,2011-08-17 13:33:00,2011-10-24 14:13:00,47,3,4932.2,1644.0666666666666,3364,2,115,98.0,2.0,1.9482326746451435,True,3,4,5,12,Loyal,3,Core Regulars
14709,United Kingdom,2010-12-16 13:43:00,2011-11-24 15:41:00,16,13,4921.04,378.54153846153844,2484,9,359,9.9,1.0,0.20077307774988137,True,4,5,5,14,Champions,2,High-Value Loyal
17133,United Kingdom,2011-03-18 13:47:00,2011-11-24 12:27:00,16,7,4892.240000000001,698.8914285714287,2730,5,267,0.0,0.0,0.0,True,4,5,5,14,Champions,3,Core Regulars
12664,Finland,2011-01-21 11:42:00,2011-12-01 17:07:00,9,9,4881.88,542.4311111111111,1203,7,323,18.0,1.0,0.3673559352473938,True,5,5,5,15,Champions,2,High-Value Loyal
12688,Israel,2011-08-18 08:49:00,2011-08-18 08:49:00,114,1,4873.8099999999995,4873.8099999999995,3028,1,114,0.0,0.0,0.0,False,2,1,5,8,At Risk,1,Growth Potential
14292,United Kingdom,2011-03-02 08:26:00,2011-12-02 11:50:00,8,9,4871.93,541.3255555555556,1663,6,283,52.6,5.0,1.0681222370459718,True,5,5,5,15,Champions,2,High-Value Loyal
17652,United Kingdom,2011-03-03 14:05:00,2011-11-14 12:55:00,26,12,4867.72,405.6433333333334,2509,7,282,130.59,6.0,2.6126830868833664,True,4,5,5,14,Champions,2,High-Value Loyal
15738,United Kingdom,2010-12-02 12:50:00,2011-11-21 08:26:00,19,16,4812.42,300.77625,2982,12,373,23.65,3.0,0.4890334507151468,True,4,5,5,14,Champions,2,High-Value Loyal
13013,United Kingdom,2010-12-03 12:28:00,2011-12-08 15:01:00,2,13,4810.9400000000005,370.07230769230773,2224,9,372,23.95,2.0,0.49535770203665436,True,5,5,5,15,Champions,2,High-Value Loyal
15555,United Kingdom,2010-12-05 14:45:00,2011-11-27 16:19:00,13,16,4805.17,300.323125,4439,9,370,46.97,4.0,0.9680264790381151,True,5,5,5,15,Champions,2,High-Value Loyal
17365,United Kingdom,2011-01-11 12:11:00,2011-11-27 12:13:00,13,8,4801.56,600.195,4777,7,333,0.0,0.0,0.0,True,5,5,5,15,Champions,2,High-Value Loyal
15298,United Kingdom,2010-12-08 13:55:00,2011-12-07 17:17:00,3,12,4799.9,399.9916666666666,3116,9,367,1025.8,2.0,17.608184424189368,True,5,5,5,15,Champions,2,High-Value Loyal
15187,United Kingdom,2011-05-11 13:49:00,2011-12-08 11:56:00,2,16,4777.18,298.57375,1887,8,213,107.1,2.0,2.1927489824498183,True,5,5,5,15,Champions,2,High-Value Loyal
17690,United Kingdom,2010-12-01 16:15:00,2011-11-09 15:17:00,31,15,4757.95,317.19666666666666,1773,9,374,9.5,1.0,0.19926795246934945,True,4,5,5,14,Champions,2,High-Value Loyal
12955,United Kingdom,2011-03-17 09:03:00,2011-12-08 16:29:00,2,11,4757.16,432.4690909090909,3664,8,268,22.9,3.0,0.4790734844332498,True,5,5,5,15,Champions,2,High-Value Loyal
14180,United Kingdom,2010-12-02 13:08:00,2011-11-29 10:56:00,11,25,4748.52,189.94080000000002,719,12,373,107.75,6.0,2.218781080953077,True,5,5,5,15,Champions,2,High-Value Loyal
15152,United Kingdom,2011-06-05 15:36:00,2011-11-30 12:32:00,10,13,4745.69,365.0530769230769,2704,6,188,61.45,3.0,1.2783068518911453,True,5,5,5,15,Champions,2,High-Value Loyal
16722,United Kingdom,2010-12-06 12:59:00,2011-11-22 13:28:00,18,13,4730.81,363.90846153846155,5001,10,369,19.6,3.0,0.41259596540088117,True,4,5,5,14,Champions,2,High-Value Loyal
12714,France,2011-02-18 10:53:00,2011-11-30 15:43:00,10,5,4708.86,941.7719999999999,3069,5,295,0.0,0.0,0.0,True,5,4,5,14,Champions,3,Core Regulars
14159,United Kingdom,2010-12-12 11:17:00,2011-11-20 12:36:00,20,11,4693.01,426.6372727272728,4408,7,363,14.71,3.0,0.31246548222918946,True,4,5,5,14,Champions,2,High-Value Loyal
14135,United Kingdom,2010-12-02 10:27:00,2011-12-08 11:38:00,2,15,4690.31,312.68733333333336,3850,8,373,0.0,0.0,0.0,True,5,5,5,15,Champions,2,High-Value Loyal
14191,United Kingdom,2011-05-03 10:30:00,2011-12-08 09:23:00,2,13,4684.76,360.36615384615385,3662,8,221,24.75,1.0,0.5255323802263929,True,5,5,5,15,Champions,2,High-Value Loyal
15291,United Kingdom,2010-12-01 09:32:00,2011-11-14 11:02:00,26,15,4668.3,311.22,2103,7,374,71.79,5.0,1.5145282051606617,True,4,5,5,14,Champions,2,High-Value Loyal
14189,United Kingdom,2010-12-06 11:42:00,2011-12-07 15:55:00,3,15,4654.08,310.272,3937,12,369,49.769999999999996,9.0,1.0580694537453361,True,5,5,5,15,Champions,2,High-Value Loyal
14390,United Kingdom,2010-12-02 11:57:00,2011-11-29 13:49:00,11,9,4652.82,516.98,2136,6,373,60.35,4.0,1.2804545560631166,True,5,5,5,15,Champions,2,High-Value Loyal
14286,United Kingdom,2011-04-11 08:16:00,2011-11-16 10:34:00,24,3,4628.75,1542.9166666666667,4338,3,243,32.94,2.0,0.7066106926887031,True,4,3,5,12,Potential Loyalists,3,Core Regulars
16931,United Kingdom,2010-12-05 11:40:00,2011-12-04 13:15:00,6,21,4604.22,219.24857142857144,3158,13,370,0.0,0.0,0.0,True,5,5,5,15,Champions,2,High-Value Loyal
13802,United Kingdom,2011-02-01 12:03:00,2011-07-24 10:54:00,139,3,4599.42,1533.14,2572,3,312,693.15,3.0,13.096661924169165,True,2,3,5,10,At Risk,1,Growth Potential
15093,United Kingdom,2010-12-02 18:25:00,2011-11-21 13:09:00,19,6,4597.02,766.1700000000001,3760,6,373,186.87999999999997,3.0,3.9064361713246503,True,4,5,5,14,Champions,3,Core Regulars
14004,United Kingdom,2011-02-24 09:28:00,2011-10-27 14:40:00,44,7,4582.64,654.6628571428572,2668,5,289,0.0,0.0,0.0,True,3,5,5,13,Loyal,3,Core Regulars
17613,United Kingdom,2011-02-07 11:20:00,2011-11-17 10:51:00,23,14,4559.150000000001,325.65357142857147,2496,9,306,49.78,3.0,1.0800771545673291,True,4,5,5,14,Champions,2,High-Value Loyal
17068,United Kingdom,2010-12-06 13:58:00,2011-11-27 13:14:00,13,21,4552.14,216.76857142857145,2164,11,369,20.8,1.0,0.4548496153459262,True,5,5,5,15,Champions,2,High-Value Loyal
12484,Spain,2011-01-07 14:04:00,2011-11-07 11:37:00,33,6,4541.72,756.9533333333334,2191,4,337,46.45,2.0,1.0123862019062067,True,4,4,5,13,Champions,3,Core Regulars
13267,United Kingdom,2010-12-08 09:20:00,2011-12-07 11:12:00,3,19,4521.49,237.97315789473683,1969,10,367,117.05000000000001,8.0,2.5234233185441974,True,5,5,5,15,Champions,2,High-Value Loyal
15299,United Kingdom,2010-12-02 16:48:00,2011-10-03 14:19:00,68,7,4507.01,643.8585714285715,2948,4,373,719.92,4.0,13.773285657163957,True,3,5,5,13,Loyal,3,Core Regulars
17975,United Kingdom,2010-12-08 11:38:00,2011-11-24 13:27:00,16,13,4488.81,345.29307692307697,1568,10,367,95.2,1.0,2.076784300208769,True,4,5,5,14,Champions,2,High-Value Loyal
12524,Germany,2011-01-10 10:35:00,2011-11-30 15:31:00,10,8,4485.72,560.715,3699,7,334,0.0,0.0,0.0,True,5,5,5,15,Champions,2,High-Value Loyal
14426,United Kingdom,2011-01-31 09:51:00,2011-11-16 12:25:00,24,10,4481.67,448.16700000000003,2699,5,313,562.77,6.0,11.15624330946547,True,4,5,5,14,Champions,2,High-Value Loyal
16984,United Kingdom,2011-08-01 17:37:00,2011-09-12 13:43:00,89,2,4481.35,2240.675,2423,2,131,88.93,3.0,1.945832640450913,True,2,3,5,10,At Risk,1,Growth Potential
17364,United Kingdom,2011-01-12 16:57:00,2011-12-09 09:00:00,1,11,4481.18,407.38000000000005,2701,7,332,25.45,1.0,0.564723529555344,True,5,5,5,15,Champions,2,High-Value Loyal
12627,Germany,2011-07-22 13:59:00,2011-11-29 12:07:00,11,7,4478.53,639.79,2752,5,141,0.0,0.0,0.0,True,5,5,5,15,Champions,3,Core Regulars
14085,United Kingdom,2010-12-06 12:39:00,2011-12-07 13:46:00,3,18,4448.54,247.14111111111112,3184,10,369,12.75,1.0,0.2857917777145175,True,5,5,5,15,Champions,2,High-Value Loyal
14534,United Kingdom,2011-01-25 12:33:00,2011-12-07 12:19:00,3,18,4447.05,247.05833333333334,2047,12,319,371.7,7.0,7.713618677042802,True,5,5,5,15,Champions,2,High-Value Loyal
13069,United Kingdom,2010-12-05 11:02:00,2011-12-09 08:39:00,1,24,4436.12,184.83833333333334,5885,13,370,718.3,3.0,13.935612542245297,True,5,5,5,15,Champions,2,High-Value Loyal
15955,United Kingdom,2010-12-02 11:22:00,2011-11-15 14:15:00,25,14,4416.26,315.44714285714286,2135,7,373,26.45,2.0,0.595357338201233,True,4,5,5,14,Champions,2,High-Value Loyal
16626,United Kingdom,2011-03-18 12:27:00,2011-12-09 11:56:00,1,17,4413.1,259.59411764705885,2690,8,267,33.449999999999996,3.0,0.752268612744712,True,5,5,5,15,Champions,2,High-Value Loyal
15874,United Kingdom,2011-02-28 13:28:00,2011-10-07 12:31:00,64,7,4405.88,629.4114285714286,2534,6,285,75.21,2.0,1.6783862854796487,True,3,5,5,13,Loyal,3,Core Regulars
12712,Germany,2010-12-03 14:30:00,2011-11-11 08:19:00,29,13,4396.13,338.1638461538462,1062,10,372,154.5,4.0,3.395134300085922,True,4,5,5,14,Champions,2,High-Value Loyal
13505,Switzerland,2011-04-21 12:07:00,2011-09-28 11:56:00,73,4,4393.63,1098.4075,2486,4,233,110.75,4.0,2.4587179589643857,True,2,4,5,11,At Risk,1,Growth Potential
12752,Norway,2011-09-19 13:32:00,2011-09-19 13:32:00,82,1,4366.78,4366.78,2262,1,82,0.0,0.0,0.0,False,2,1,5,8,At Risk,1,Growth Potential
16945,United Kingdom,2010-12-16 17:49:00,2011-11-18 11:39:00,22,19,4345.5,228.71052631578948,2725,10,359,0.0,0.0,0.0,True,4,5,5,14,Champions,2,High-Value Loyal
14016,EIRE,2010-12-17 14:21:00,2011-07-01 11:29:00,162,4,4341.21,1085.3025,2125,4,358,12.75,1.0,0.29283686574980017,True,2,4,5,11,At Risk,1,Growth Potential
14800,United Kingdom,2010-12-05 11:10:00,2011-10-23 12:46:00,48,12,4339.74,361.645,3655,9,370,103.4,4.0,2.3271830282187826,True,3,5,5,13,Loyal,2,High-Value Loyal
14525,United Kingdom,2010-12-13 17:40:00,2011-11-20 11:37:00,20,9,4332.2,481.35555555555555,2696,8,362,110.83,4.0,2.494468864716196,True,4,5,5,14,Champions,2,High-Value Loyal
17567,United Kingdom,2010-12-02 15:18:00,2011-12-02 15:48:00,8,8,4331.48,541.435,2632,8,373,318.92,2.0,6.8579046963702055,True,5,5,5,15,Champions,2,High-Value Loyal
18251,United Kingdom,2011-09-13 15:03:00,2011-09-13 15:03:00,88,1,4314.72,4314.72,7824,1,88,0.0,0.0,0.0,False,2,2,5,9,At Risk,1,Growth Potential
12347,Iceland,2010-12-07 14:57:00,2011-12-07 15:52:00,3,7,4310.0,615.7142857142857,2458,7,368,0.0,0.0,0.0,True,5,5,5,15,Champions,2,High-Value Loyal
15034,United Kingdom,2010-12-21 09:47:00,2011-11-24 12:11:00,16,8,4308.61,538.57625,2422,6,354,30.95,3.0,0.7132059471467154,True,4,5,5,14,Champions,2,High-Value Loyal
17937,United Kingdom,2010-12-12 14:43:00,2011-12-01 11:45:00,9,7,4301.22,614.46,1754,6,363,0.0,0.0,0.0,True,5,5,5,15,Champions,3,Core Regulars
14422,United Kingdom,2011-03-17 17:26:00,2011-12-09 11:26:00,1,6,4263.64,710.6066666666667,2906,6,268,0.0,0.0,0.0,True,5,5,5,15,Champions,2,High-Value Loyal
12500,Germany,2011-01-10 09:48:00,2011-11-16 16:20:00,24,11,4257.82,387.07454545454544,2678,7,334,51.55,2.0,1.196230539498813,True,4,5,5,14,Champions,2,High-Value Loyal
17419,United Kingdom,2010-12-07 15:03:00,2011-11-28 13:47:00,12,12,4226.57,352.21416666666664,1876,8,368,25.6,2.0,0.6020455438046927,True,5,5,5,15,Champions,2,High-Value Loyal
14277,France,2011-05-11 13:20:00,2011-11-24 15:01:00,16,3,4216.2,1405.3999999999999,1984,2,213,259.2,1.0,5.791661080573804,True,4,3,5,12,Potential Loyalists,3,Core Regulars
15804,United Kingdom,2011-05-25 10:12:00,2011-12-09 12:31:00,1,13,4206.39,323.5684615384616,2565,8,199,357.84,6.0,7.8400957006986935,True,5,5,5,15,Champions,2,High-Value Loyal
17920,United Kingdom,2010-12-01 11:49:00,2011-12-05 14:29:00,5,17,4204.1,247.3,2516,10,374,0.0,0.0,0.0,True,5,5,5,15,Champions,2,High-Value Loyal
15971,United Kingdom,2011-02-01 16:47:00,2011-11-22 12:50:00,18,12,4199.85,349.9875,1717,8,312,0.0,0.0,0.0,True,4,5,5,14,Champions,2,High-Value Loyal
12747,United Kingdom,2010-12-05 15:38:00,2011-12-07 14:34:00,3,11,4196.01,381.4554545454546,1275,9,370,0.0,0.0,0.0,True,5,5,5,15,Champions,2,High-Value Loyal
14146,United Kingdom,2010-12-17 15:52:00,2011-12-01 10:18:00,9,5,4191.0,838.2,2437,4,358,1241.43,1.0,22.85220426218101,True,5,4,5,14,Champions,3,Core Regulars
18041,United Kingdom,2010-12-02 11:21:00,2011-11-28 11:39:00,12,21,4183.39,199.20904761904762,3819,11,373,22.25,1.0,0.5290514642242322,True,5,5,5,15,Champions,2,High-Value Loyal
12949,United Kingdom,2011-04-01 13:20:00,2011-11-09 11:25:00,31,8,4167.22,520.9025,2381,4,253,24.2,2.0,0.5773699605384333,True,4,5,5,14,Champions,3,Core Regulars
15570,United Kingdom,2010-12-05 12:57:00,2011-12-02 14:47:00,8,12,4165.52,347.1266666666667,2067,8,370,55.55,1.0,1.3160170288576118,True,5,5,5,15,Champions,2,High-Value Loyal
16549,United Kingdom,2011-01-09 14:03:00,2011-11-29 15:06:00,11,10,4154.64,415.46400000000006,2365,5,335,0.0,0.0,0.0,True,5,5,5,15,Champions,2,High-Value Loyal
13384,United Kingdom,2011-06-14 12:47:00,2011-11-09 11:04:00,31,7,4151.93,593.1328571428572,2422,5,179,29.65,2.0,0.7090621248427628,True,4,5,5,14,Champions,3,Core Regulars
13555,United Kingdom,2011-05-22 11:06:00,2011-09-27 12:36:00,74,4,4149.28,1037.32,2660,2,202,0.0,0.0,0.0,True,2,4,5,11,At Risk,1,Growth Potential
13988,United Kingdom,2011-03-30 11:48:00,2011-11-20 10:15:00,20,6,4147.96,691.3266666666667,3044,6,255,49.160000000000004,3.0,1.1712793534614212,True,4,5,5,14,Champions,3,Core Regulars
15514,United Kingdom,2010-12-10 13:50:00,2011-11-27 14:40:00,13,11,4139.46,376.31454545454545,2160,4,365,1176.2700000000002,2.0,22.128099056949846,True,5,5,5,15,Champions,2,High-Value Loyal
12569,Germany,2011-04-01 13:47:00,2011-12-07 16:24:00,3,32,4124.69,128.8965625,1801,9,253,59.7,3.0,1.4267312559297773,True,5,5,5,15,Champions,2,High-Value Loyal
16592,United Kingdom,2011-02-25 10:19:00,2011-12-05 13:49:00,5,16,4113.68,257.105,2927,8,288,40.4,3.0,0.9725378423140624,True,5,5,5,15,Champions,2,High-Value Loyal
17940,United Kingdom,2011-02-10 09:29:00,2011-10-21 13:27:00,50,10,4106.4400000000005,410.64400000000006,9755,7,303,2122.8599999999997,4.0,34.07862841731815,True,3,5,5,13,Loyal,2,High-Value Loyal
17377,United Kingdom,2010-12-01 12:35:00,2011-11-16 11:17:00,24,20,4100.92,205.046,2076,8,374,175.0,1.0,4.092686486183091,True,4,5,5,14,Champions,2,High-Value Loyal
16401,United Kingdom,2011-01-16 10:56:00,2011-12-08 18:15:00,2,12,4098.32,341.52666666666664,3882,10,328,37.08,8.0,0.8966484499685642,True,5,5,5,15,Champions,2,High-Value Loyal
16670,United Kingdom,2010-12-16 10:30:00,2011-11-23 09:34:00,17,11,4095.9,372.3545454545455,2556,8,359,73.44,6.0,1.761429866597591,True,4,5,5,14,Champions,2,High-Value Loyal
12749,United Kingdom,2011-05-10 15:25:00,2011-12-06 09:56:00,4,5,4090.88,818.176,1471,4,214,222.68,3.0,5.162325318298574,True,5,4,5,14,Champions,3,Core Regulars
14092,United Kingdom,2010-12-16 15:47:00,2011-12-02 12:13:00,8,14,4076.91,291.2078571428571,2066,11,359,13.81,3.0,0.3375933820941057,True,5,5,5,15,Champions,2,High-Value Loyal
12449,Belgium,2011-06-05 15:37:00,2011-11-17 13:46:00,23,4,4067.29,1016.8225,1553,4,188,0.0,0.0,0.0,True,4,4,5,13,Champions,3,Core Regulars
18087,United Kingdom,2011-02-22 10:43:00,2011-09-02 15:12:00,99,2,4055.7199999999993,2027.8599999999997,3907,2,291,285.59999999999997,2.0,6.578644283305538,True,2,3,5,10,At Risk,1,Growth Potential
14401,United Kingdom,2010-12-15 09:07:00,2011-12-05 13:30:00,5,13,4051.48,311.6523076923077,4507,8,360,11.5,1.0,0.2830434804010849,True,5,5,5,15,Champions,2,High-Value Loyal
12656,France,2011-04-20 09:20:00,2011-11-22 13:42:00,18,5,4051.17,810.234,1723,5,234,68.45,3.0,1.6615610177637743,True,4,4,5,13,Champions,3,Core Regulars
12867,United Kingdom,2010-12-14 16:39:00,2011-11-13 15:30:00,27,7,4036.82,576.6885714285714,4298,7,361,50.6,3.0,1.2379447181840868,True,4,5,5,14,Champions,3,Core Regulars
13815,Germany,2011-01-25 12:16:00,2011-11-17 14:19:00,23,4,4027.36,1006.84,2560,3,319,12.450000000000001,1.0,0.3081828105777252,True,4,4,5,13,Champions,3,Core Regulars
12841,United Kingdom,2010-12-03 10:43:00,2011-12-05 11:13:00,5,25,4022.35,160.894,2757,13,372,145.95000000000002,1.0,3.5014274404433463,True,5,5,5,15,Champions,2,High-Value Loyal
12957,United Kingdom,2011-01-04 12:18:00,2011-11-30 09:53:00,10,8,4017.54,502.1925,2549,6,340,38.5,4.0,0.9492016844015345,True,5,5,5,15,Champions,2,High-Value Loyal
12378,Switzerland,2011-08-02 10:34:00,2011-08-02 10:34:00,130,1,4008.62,4008.62,2529,1,130,0.0,0.0,0.0,False,2,1,5,8,At Risk,1,Growth Potential
14547,United Kingdom,2011-10-16 14:35:00,2011-12-06 11:06:00,4,8,4007.54,500.9425,2668,3,55,20.8,1.0,0.5163417189214415,True,5,5,5,15,Champions,2,High-Value Loyal
16186,United Kingdom,2010-12-02 14:40:00,2011-11-17 12:43:00,23,12,4006.94,333.9116666666667,3020,8,373,15.0,1.0,0.37295434541539657,True,4,5,5,14,Champions,2,High-Value Loyal
17769,United Kingdom,2011-01-23 11:15:00,2011-11-27 11:18:00,13,10,3997.98,399.798,1862,6,321,37.35,2.0,0.9255748600486206,True,5,5,5,15,Champions,2,High-Value Loyal
15529,United Kingdom,2010-12-08 12:24:00,2011-11-17 11:29:00,23,11,3995.23,363.20272727272726,3496,9,367,27.450000000000003,1.0,0.6823809002953256,True,4,5,5,14,Champions,2,High-Value Loyal
17001,United Kingdom,2010-12-16 09:35:00,2011-12-09 09:38:00,1,11,3989.57,362.6881818181818,2164,11,359,0.0,0.0,0.0,True,5,5,5,15,Champions,2,High-Value Loyal
15416,United Kingdom,2011-03-02 08:41:00,2011-10-06 09:38:00,65,4,3984.32,996.08,2090,4,283,9.95,1.0,0.2491068455562593,True,3,4,5,12,Loyal,1,Growth Potential
17611,United Kingdom,2010-12-13 13:52:00,2011-12-02 13:29:00,8,15,3984.22,265.61466666666666,2560,12,362,36.35,4.0,0.9041006623438966,True,5,5,5,15,Champions,2,High-Value Loyal
12779,Poland,2010-12-03 13:40:00,2011-11-02 11:43:00,38,8,3981.36,497.67,2024,8,372,112.66,4.0,2.751818506016092,True,3,5,5,13,Loyal,3,Core Regulars
12727,France,2011-01-23 15:17:00,2011-11-29 11:46:00,11,7,3980.7,568.6714285714286,2098,6,321,33.0,2.0,0.8221840197324165,True,5,5,5,15,Champions,3,Core Regulars
14299,United Kingdom,2010-12-09 10:30:00,2011-12-01 16:05:00,9,9,3965.62,440.6244444444444,2149,7,366,1110.27,9.0,21.873405452048807,True,5,5,5,15,Champions,2,High-Value Loyal
13523,United Kingdom,2010-12-08 14:22:00,2011-11-06 15:11:00,34,5,3964.88,792.976,1752,4,367,209.5,1.0,5.018709365223099,True,3,4,5,12,Loyal,3,Core Regulars
13183,United Kingdom,2011-01-09 10:50:00,2011-12-02 10:30:00,8,9,3957.78,439.75333333333333,2208,8,335,0.0,0.0,0.0,True,5,5,5,15,Champions,2,High-Value Loyal
17651,United Kingdom,2011-06-15 15:57:00,2011-11-28 10:29:00,12,10,3945.0,394.5,3112,5,178,58.330000000000005,4.0,1.457037016683611,True,5,5,5,15,Champions,2,High-Value Loyal
12473,Germany,2011-06-01 10:15:00,2011-11-10 13:46:00,30,5,3938.5499999999997,787.7099999999999,2439,4,192,1090.32,4.0,21.681212677997244,True,4,4,5,13,Champions,3,Core Regulars
17593,United Kingdom,2010-12-22 10:29:00,2011-12-06 10:30:00,4,5,3927.34,785.4680000000001,3101,5,353,15.78,1.0,0.4001907119235529,True,5,4,5,14,Champions,3,Core Regulars
14739,United Kingdom,2010-12-07 14:58:00,2011-12-05 16:54:00,5,7,3902.28,557.4685714285714,3820,7,368,3.18,1.0,0.08142446728426357,True,5,5,5,15,Champions,2,High-Value Loyal
13999,United Kingdom,2010-12-13 11:23:00,2011-11-29 13:40:00,11,12,3901.81,325.1508333333333,2243,10,362,36.55,3.0,0.9280512700718064,True,5,5,5,15,Champions,2,High-Value Loyal
14291,United Kingdom,2011-03-09 15:20:00,2011-12-08 10:26:00,2,11,3883.25,353.02272727272725,2749,6,276,9.95,1.0,0.25557382102126786,True,5,5,5,15,Champions,2,High-Value Loyal
18073,United Kingdom,2011-05-26 19:38:00,2011-08-17 14:02:00,115,12,3877.5200000000004,323.1266666666667,3108,4,198,13.08,1.0,0.33619493137305295,True,2,5,5,12,At Risk,2,High-Value Loyal
13124,United Kingdom,2010-12-15 15:00:00,2011-09-11 12:45:00,90,3,3866.33,1288.7766666666666,2147,3,360,0.0,0.0,0.0,True,2,3,5,10,At Risk,1,Growth Potential
15195,United Kingdom,2011-12-07 12:20:00,2011-12-07 12:20:00,3,1,3861.0,3861.0,1404,1,3,0.0,0.0,0.0,False,5,1,5,11,New Customers,3,Core Regulars
16717,United Kingdom,2010-12-08 16:48:00,2011-11-16 12:16:00,24,6,3858.38,643.0633333333334,1866,4,367,580.02,3.0,13.06822278298486,True,4,5,5,14,Champions,3,Core Regulars
12662,Germany,2010-12-01 13:04:00,2011-12-09 11:59:00,1,11,3849.78,349.98,2058,10,374,32.699999999999996,1.0,0.8422451628855782,True,5,5,5,15,Champions,2,High-Value Loyal
16327,United Kingdom,2010-12-05 12:43:00,2011-11-25 13:23:00,15,6,3844.22,640.7033333333333,2571,6,370,0.0,0.0,0.0,True,4,5,5,14,Champions,3,Core Regulars
13266,United Kingdom,2011-03-28 10:14:00,2011-11-28 14:39:00,12,12,3834.2599999999998,319.52166666666665,4428,9,257,116.59,7.0,2.951010542035258,True,5,5,5,15,Champions,2,High-Value Loyal
17091,United Kingdom,2010-12-07 09:55:00,2011-12-07 10:43:00,3,9,3827.76,425.3066666666667,1746,7,368,24.95,1.0,0.6475961076748574,True,5,5,5,15,Champions,2,High-Value Loyal
15867,United Kingdom,2010-12-05 14:17:00,2011-12-04 13:32:00,6,15,3812.64,254.176,2054,12,370,14.85,1.0,0.38798272497119524,True,5,5,5,15,Champions,2,High-Value Loyal
12755,Japan,2010-12-09 10:44:00,2011-03-04 12:42:00,281,2,3811.95,1905.975,1491,2,366,1608.7499999999998,2.0,29.6779013780508,True,1,2,5,8,At Risk,1,Growth Potential
12597,Spain,2011-03-16 14:00:00,2011-11-20 13:33:00,20,4,3811.22,952.805,2236,4,269,128.09,1.0,3.251584668381011,True,4,4,5,13,Champions,3,Core Regulars
13435,United Kingdom,2011-06-03 17:07:00,2011-12-04 14:45:00,6,7,3809.8900000000003,544.2700000000001,2129,6,190,15.4,2.0,0.40258385638735883,True,5,5,5,15,Champions,3,Core Regulars
12668,Germany,2010-12-19 12:46:00,2011-11-28 10:56:00,12,4,3807.15,951.7875,1634,4,356,63.97,2.0,1.6524933352621465,True,5,4,5,14,Champions,3,Core Regulars
16145,United Kingdom,2010-12-15 09:09:00,2011-12-01 10:33:00,9,11,3799.4900000000002,345.40818181818184,3123,10,360,57.51,7.0,1.4910552242675652,True,5,5,5,15,Champions,2,High-Value Loyal
16655,United Kingdom,2011-01-12 10:16:00,2011-11-22 11:25:00,18,6,3794.52,632.42,2367,5,332,0.0,0.0,0.0,True,4,5,5,14,Champions,3,Core Regulars
16168,United Kingdom,2010-12-05 11:38:00,2011-11-29 12:45:00,11,27,3787.6,140.28148148148148,1892,11,370,17.0,1.0,0.44682752457551383,True,5,5,5,15,Champions,2,High-Value Loyal
16019,United Kingdom,2010-12-10 12:29:00,2011-10-24 11:51:00,47,9,3786.2400000000002,420.6933333333334,1733,7,365,336.0,1.0,8.150908244061482,True,3,5,5,13,Loyal,3,Core Regulars
12562,France,2011-05-25 12:44:00,2011-12-01 17:20:00,9,7,3781.7400000000002,540.2485714285715,1779,7,199,0.0,0.0,0.0,True,5,5,5,15,Champions,3,Core Regulars
17173,United Kingdom,2011-07-31 15:26:00,2011-12-04 14:40:00,6,8,3766.6,470.825,1122,5,132,10.95,1.0,0.28987041865759555,True,5,5,5,15,Champions,2,High-Value Loyal
16904,United Kingdom,2010-12-07 13:29:00,2011-12-05 13:10:00,5,16,3754.27,234.641875,2034,11,368,0.0,0.0,0.0,True,5,5,5,15,Champions,2,High-Value Loyal
12429,Denmark,2010-12-09 12:05:00,2011-11-30 17:22:00,10,4,3750.4,937.6,1557,4,366,0.0,0.0,0.0,True,5,4,5,14,Champions,3,Core Regulars
17238,United Kingdom,2010-12-03 15:05:00,2011-12-07 11:35:00,3,17,3744.65,220.2735294117647,1822,10,372,0.0,0.0,0.0,True,5,5,5,15,Champions,2,High-Value Loyal
14145,United Kingdom,2011-05-06 13:01:00,2011-10-24 12:10:00,47,4,3742.2,935.55,756,3,218,594.0,1.0,13.698630136986303,True,3,4,5,12,Loyal,3,Core Regulars
13552,United Kingdom,2011-01-28 10:10:00,2011-10-04 15:19:00,67,12,3740.07,311.6725,1417,7,316,200.54,4.0,5.089059815612304,True,3,5,5,13,Loyal,2,High-Value Loyal
16570,United Kingdom,2011-02-01 10:37:00,2011-11-24 17:02:00,16,10,3738.4,373.84000000000003,2112,7,312,115.44999999999999,5.0,2.99570559310819,True,4,5,5,14,Champions,2,High-Value Loyal
15808,United Kingdom,2010-12-05 13:05:00,2011-02-06 14:33:00,307,4,3734.9700000000003,933.7425000000001,1343,3,370,10.2,1.0,0.2723507878147053,True,1,4,5,10,At Risk,1,Growth Potential
14282,United Kingdom,2010-12-07 12:21:00,2011-12-06 17:04:00,4,15,3729.34,248.62266666666667,2668,9,368,0.0,0.0,0.0,True,5,5,5,15,Champions,2,High-Value Loyal
12502,Spain,2011-02-03 10:41:00,2011-09-05 11:52:00,96,5,3723.87,744.774,820,5,310,0.0,0.0,0.0,True,2,4,5,11,At Risk,1,Growth Potential
12647,Germany,2010-12-05 14:02:00,2011-11-17 12:56:00,23,12,3722.82,310.235,1431,8,370,52.9,1.0,1.4010572817899631,True,4,5,5,14,Champions,2,High-Value Loyal
13680,United Kingdom,2011-01-04 14:12:00,2011-12-08 13:47:00,2,4,3722.42,930.605,1936,3,340,1520.11,1.0,28.995732976253834,True,5,4,5,14,Champions,3,Core Regulars
16240,United Kingdom,2011-09-23 13:44:00,2011-11-15 14:30:00,25,2,3718.8,1859.4,1641,2,78,24.990000000000002,3.0,0.6675053889240582,True,4,3,5,12,Potential Loyalists,3,Core Regulars
14364,United Kingdom,2011-05-12 12:56:00,2011-08-23 11:01:00,109,8,3717.35,464.66875,1967,4,212,0.0,0.0,0.0,True,2,5,5,12,At Risk,1,Growth Potential
15845,United Kingdom,2011-01-06 17:19:00,2011-11-22 09:42:00,18,8,3711.77,463.97125,1926,7,338,60.9,2.0,1.6142413728208405,True,4,5,5,14,Champions,3,Core Regulars
15622,United Kingdom,2011-03-02 13:42:00,2011-10-27 16:44:00,44,9,3709.56,412.17333333333335,1674,5,283,485.03,7.0,11.563227872092385,True,3,5,5,13,Loyal,3,Core Regulars
13148,United Kingdom,2010-12-10 13:06:00,2011-11-10 15:23:00,30,12,3707.12,308.9266666666667,1975,6,365,358.64,5.0,8.820983038841447,True,4,5,5,14,Champions,2,High-Value Loyal
17819,United Kingdom,2010-12-03 14:26:00,2011-09-29 10:52:00,72,7,3704.87,529.2671428571429,1031,6,372,43.8,1.0,1.1684143976396961,True,2,5,5,12,At Risk,3,Core Regulars
15379,United Kingdom,2010-12-16 13:02:00,2011-06-23 13:13:00,170,7,3703.29,529.0414285714286,2305,5,359,71.4,1.0,1.8915460607361136,True,2,5,5,12,At Risk,1,Growth Potential
12553,France,2011-01-14 10:42:00,2011-12-01 16:38:00,9,10,3692.28,369.228,1965,9,330,40.029999999999994,4.0,1.0725261299302575,True,5,5,5,15,Champions,2,High-Value Loyal
16253,United Kingdom,2011-03-29 13:33:00,2011-10-04 09:09:00,67,2,3683.86,1841.93,3233,2,256,18.240000000000002,1.0,0.492693336214581,True,3,3,5,11,Occasional,1,Growth Potential
15581,United Kingdom,2010-12-08 14:38:00,2011-08-11 09:38:00,121,13,3679.9700000000003,283.0746153846154,286,6,367,250.0,1.0,6.361371715305714,True,2,5,5,12,At Risk,2,High-Value Loyal
15296,United Kingdom,2011-01-17 11:57:00,2011-10-20 11:47:00,51,6,3672.86,612.1433333333333,1766,5,327,62.55,4.0,1.6745149796140182,True,3,5,5,13,Loyal,3,Core Regulars
18079,United Kingdom,2011-04-15 12:14:00,2011-10-25 15:27:00,46,4,3651.97,912.9925,7432,3,239,0.0,0.0,0.0,True,3,4,5,12,Loyal,3,Core Regulars
13137,United Kingdom,2011-02-04 11:54:00,2011-11-29 12:09:00,11,8,3650.41,456.30125,2226,7,309,45.33,1.0,1.226547322051876,True,5,5,5,15,Champions,2,High-Value Loyal
12417,Belgium,2010-12-17 11:51:00,2011-12-06 14:52:00,4,9,3649.1,405.4555555555555,1552,8,358,70.3,3.0,1.8900897994300156,True,5,5,5,15,Champions,2,High-Value Loyal
16712,United Kingdom,2011-03-08 15:07:00,2011-11-30 13:48:00,10,11,3645.43,331.40272727272725,1749,6,277,0.0,0.0,0.0,True,5,5,5,15,Champions,2,High-Value Loyal
13426,United Kingdom,2010-12-15 12:43:00,2011-12-09 08:59:00,1,10,3641.32,364.132,2245,9,360,90.62,2.0,2.4282276778297613,True,5,5,5,15,Champions,2,High-Value Loyal
12619,Germany,2011-03-31 13:10:00,2011-11-23 14:52:00,17,9,3641.24,404.5822222222222,3378,6,254,426.43,4.0,10.483397129068976,True,4,5,5,14,Champions,2,High-Value Loyal
16440,United Kingdom,2011-05-09 12:25:00,2011-12-02 12:02:00,8,5,3640.67,728.134,2018,4,215,0.0,0.0,0.0,True,5,4,5,14,Champions,3,Core Regulars
13381,United Kingdom,2011-02-14 10:10:00,2011-11-08 11:58:00,32,6,3639.31,606.5516666666666,2029,6,299,12.5,1.0,0.34229601211454047,True,4,5,5,14,Champions,3,Core Regulars
17230,United Kingdom,2010-12-15 11:22:00,2011-03-20 16:12:00,265,8,3638.41,454.80125,1651,3,360,171.74,3.0,4.507434090521371,True,1,5,5,11,At Risk,1,Growth Potential
14543,United Kingdom,2010-12-10 11:51:00,2011-11-11 12:45:00,29,16,3630.33,226.895625,679,10,365,714.16,5.0,16.438293102297393,True,4,5,5,14,Champions,2,High-Value Loyal
17528,United Kingdom,2011-09-29 13:04:00,2011-12-08 13:27:00,2,8,3628.5,453.5625,2138,4,72,88.4,3.0,2.378326024375151,True,5,5,5,15,Champions,2,High-Value Loyal
13327,United Kingdom,2010-12-09 15:32:00,2011-11-01 10:21:00,39,8,3627.77,453.47125,1600,7,366,10.2,1.0,0.2803761438384593,True,3,5,5,13,Loyal,3,Core Regulars
13520,Switzerland,2010-12-03 10:36:00,2011-10-12 10:20:00,59,6,3624.35,604.0583333333333,1649,6,372,136.6,2.0,3.6320610484053235,True,3,5,5,13,Loyal,3,Core Regulars
17576,United Kingdom,2010-12-09 16:57:00,2011-12-01 17:56:00,9,19,3622.68,190.66736842105263,1994,13,366,164.9,3.0,4.35370342012578,True,5,5,5,15,Champions,2,High-Value Loyal
14040,United Kingdom,2011-01-12 14:57:00,2011-10-30 12:42:00,41,12,3614.92,301.24333333333334,1554,8,332,72.72999999999999,3.0,1.972258755576044,True,3,5,5,13,Loyal,2,High-Value Loyal
13082,United Kingdom,2011-01-05 15:42:00,2011-08-05 16:16:00,127,9,3613.63,401.51444444444445,4324,6,339,18.15,1.0,0.4997549411032606,True,2,5,5,12,At Risk,1,Growth Potential
15505,United Kingdom,2011-07-07 13:33:00,2011-10-18 07:56:00,53,5,3610.96,722.192,2390,4,156,113.82000000000001,2.0,3.055750943679895,True,3,4,5,12,Loyal,3,Core Regulars
15113,United Kingdom,2011-10-16 15:27:00,2011-11-30 08:23:00,10,3,3609.33,1203.11,2386,2,55,169.92000000000002,1.0,4.496130184560428,True,5,3,5,13,Potential Loyalists,3,Core Regulars
16242,United Kingdom,2011-03-07 17:04:00,2011-12-01 15:12:00,9,7,3603.21,514.7442857142858,1982,6,278,4.95,1.0,0.13718903818012507,True,5,5,5,15,Champions,3,Core Regulars
15484,United Kingdom,2011-09-22 13:31:00,2011-12-08 15:03:00,2,4,3594.31,898.5775,3152,4,79,31.2,1.0,0.8605685820753495,True,5,4,5,14,Champions,3,Core Regulars
14132,United Kingdom,2011-06-09 12:04:00,2011-12-07 13:35:00,3,11,3586.0299999999997,326.00272727272727,3368,7,184,5.9,1.0,0.16425709855147513,True,5,5,5,15,Champions,2,High-Value Loyal
17203,United Kingdom,2011-10-10 14:37:00,2011-11-04 12:27:00,36,6,3563.85,593.975,2850,2,61,0.0,0.0,0.0,True,3,5,5,13,Loyal,3,Core Regulars
17491,United Kingdom,2010-12-07 12:18:00,2011-12-08 16:18:00,2,10,3558.87,355.887,2013,8,368,16.95,1.0,0.47401714851418697,True,5,5,5,15,Champions,2,High-Value Loyal
15544,United Kingdom,2010-12-02 12:47:00,2011-11-30 16:43:00,10,9,3546.71,394.0788888888889,3109,7,373,4.199999999999999,2.0,0.11827953961097296,True,5,5,5,15,Champions,2,High-Value Loyal
12370,Cyprus,2010-12-14 12:58:00,2011-10-19 14:51:00,52,4,3545.69,886.4225,2353,3,361,0.0,0.0,0.0,True,3,4,5,12,Loyal,3,Core Regulars
14503,United Kingdom,2011-06-14 10:00:00,2011-12-06 13:30:00,4,6,3543.26,590.5433333333334,2004,4,179,0.0,0.0,0.0,True,5,5,5,15,Champions,3,Core Regulars
13448,United Kingdom,2010-12-01 10:52:00,2011-11-23 12:33:00,17,6,3539.37,589.895,1660,4,374,73.7,4.0,2.039816554896529,True,4,5,5,14,Champions,3,Core Regulars
13334,United Kingdom,2011-02-07 11:42:00,2011-09-18 15:21:00,83,3,3536.82,1178.94,1774,3,306,0.0,0.0,0.0,True,2,3,5,10,At Risk,1,Growth Potential
12454,Spain,2011-10-14 17:13:00,2011-10-14 17:13:00,57,1,3528.34,3528.34,1006,1,57,3528.3399999999997,1.0,49.99999999999999,False,3,1,5,9,Occasional,1,Growth Potential
17160,United Kingdom,2011-04-12 12:00:00,2011-11-08 14:05:00,32,6,3518.03,586.3383333333334,2856,4,242,0.0,0.0,0.0,True,4,5,5,14,Champions,3,Core Regulars
13953,United Kingdom,2010-12-22 10:29:00,2011-12-02 16:04:00,8,7,3515.68,502.23999999999995,2724,7,353,0.0,0.0,0.0,True,5,5,5,15,Champions,3,Core Regulars
16360,United Kingdom,2011-09-12 13:50:00,2011-12-05 12:16:00,5,6,3512.53,585.4216666666667,2144,4,89,100.84,2.0,2.790746588364878,True,5,5,5,15,Champions,3,Core Regulars
14395,United Kingdom,2010-12-02 18:15:00,2011-12-07 14:34:00,3,9,3507.71,389.74555555555554,1693,9,373,35.8,3.0,1.0102976991739827,True,5,5,5,15,Champions,2,High-Value Loyal
16131,United Kingdom,2011-04-14 08:32:00,2011-10-19 11:53:00,52,6,3506.54,584.4233333333333,1802,4,240,0.0,0.0,0.0,True,3,5,5,13,Loyal,3,Core Regulars
14907,United Kingdom,2010-12-07 10:14:00,2011-12-06 14:14:00,4,7,3501.1,500.15714285714284,1691,5,368,22.25,3.0,0.6315012700980601,True,5,5,5,15,Champions,2,High-Value Loyal
16458,United Kingdom,2010-12-14 11:51:00,2011-12-07 09:34:00,3,18,3482.7400000000002,193.48555555555558,2154,12,361,0.0,0.0,0.0,True,5,5,5,15,Champions,2,High-Value Loyal
13993,United Kingdom,2011-01-13 10:43:00,2011-10-28 09:06:00,43,9,3466.36,385.1511111111111,900,8,331,56.7,3.0,1.6093963770131647,True,3,5,5,13,Loyal,3,Core Regulars
13014,United Kingdom,2011-03-03 18:28:00,2011-11-29 12:27:00,11,10,3466.2799999999997,346.628,905,6,282,100.85,6.0,2.827202821315736,True,5,5,5,15,Champions,2,High-Value Loyal
17758,United Kingdom,2011-04-03 15:22:00,2011-11-20 14:45:00,20,8,3456.7000000000003,432.08750000000003,2091,6,251,0.0,0.0,0.0,True,4,5,5,14,Champions,3,Core Regulars
15410,United Kingdom,2011-03-23 10:15:00,2011-09-16 14:47:00,85,8,3450.84,431.355,1200,6,262,0.0,0.0,0.0,True,2,5,5,12,At Risk,3,Core Regulars
13536,United Kingdom,2011-09-25 13:30:00,2011-12-08 16:38:00,2,7,3448.29,492.61285714285714,2136,4,76,0.0,0.0,0.0,True,5,5,5,15,Champions,2,High-Value Loyal
15129,United Kingdom,2011-02-21 09:09:00,2011-10-20 14:40:00,51,11,3447.4,313.40000000000003,1794,7,292,0.0,0.0,0.0,True,3,5,5,13,Loyal,2,High-Value Loyal
15974,United Kingdom,2011-02-24 10:10:00,2011-10-31 13:13:00,40,7,3442.15,491.7357142857143,2262,7,289,12.600000000000001,1.0,0.36471524712352565,True,3,5,5,13,Loyal,3,Core Regulars
17725,United Kingdom,2011-03-17 19:47:00,2011-11-23 16:34:00,17,11,3439.08,312.64363636363635,2162,9,268,67.95,3.0,1.9375368901891346,True,4,5,5,14,Champions,2,High-Value Loyal
15676,United Kingdom,2011-03-01 10:19:00,2011-11-21 12:40:00,19,3,3435.76,1145.2533333333333,2252,2,284,111.67,2.0,3.147912714274841,True,4,3,5,12,Potential Loyalists,3,Core Regulars
14221,United Kingdom,2011-01-04 15:33:00,2011-10-28 13:42:00,43,9,3432.8,381.4222222222222,2191,7,340,4.95,1.0,0.14398952803432477,True,3,5,5,13,Loyal,3,Core Regulars
12406,Denmark,2011-06-09 10:23:00,2011-11-17 19:22:00,23,2,3415.3,1707.65,1818,2,184,134.55,1.0,3.7903009986337453,True,4,2,5,11,Potential Loyalists,3,Core Regulars
15981,United Kingdom,2011-02-01 13:50:00,2011-11-15 08:00:00,25,8,3408.48,426.06,1866,8,312,0.0,0.0,0.0,True,4,5,5,14,Champions,3,Core Regulars
13437,United Kingdom,2011-06-02 14:30:00,2011-11-25 14:00:00,15,7,3408.06,486.86571428571426,1283,4,191,0.0,0.0,0.0,True,4,5,5,14,Champions,3,Core Regulars
17669,United Kingdom,2011-04-04 10:11:00,2011-10-28 08:53:00,43,7,3406.7200000000003,486.67428571428576,1916,6,250,0.0,0.0,0.0,True,3,5,5,13,Loyal,3,Core Regulars
13198,United Kingdom,2010-12-13 09:29:00,2011-11-29 15:17:00,11,6,3401.2400000000002,566.8733333333333,2648,6,362,17.15,2.0,0.5016981678509472,True,5,5,5,15,Champions,3,Core Regulars
15228,United Kingdom,2011-02-18 09:04:00,2011-10-04 13:56:00,67,4,3386.71,846.6775,2255,4,295,9.75,1.0,0.28706358973755025,True,3,4,5,12,Loyal,1,Growth Potential
13842,United Kingdom,2010-12-08 10:39:00,2011-10-12 10:51:00,59,9,3385.62,376.18,1768,9,367,0.0,0.0,0.0,True,3,5,5,13,Loyal,3,Core Regulars
15708,United Kingdom,2010-12-05 11:12:00,2011-10-30 10:54:00,41,7,3364.2400000000002,480.6057142857143,1267,6,370,34.519999999999996,4.0,1.0156645364780095,True,3,5,5,13,Loyal,3,Core Regulars
16011,United Kingdom,2010-12-08 16:34:00,2011-12-01 16:31:00,9,16,3362.71,210.169375,2042,11,367,0.0,0.0,0.0,True,5,5,5,15,Champions,2,High-Value Loyal
14227,United Kingdom,2011-02-28 12:27:00,2011-11-13 15:48:00,27,10,3350.96,335.096,1820,5,285,35.25,5.0,1.0409868259794874,True,4,5,5,14,Champions,2,High-Value Loyal
16818,United Kingdom,2011-05-18 11:42:00,2011-11-29 10:41:00,11,11,3349.57,304.50636363636363,2164,6,206,31.599999999999998,2.0,0.9345877314657353,True,5,5,5,15,Champions,2,High-Value Loyal
16607,United Kingdom,2010-12-16 08:41:00,2011-11-22 10:24:00,18,14,3347.71,239.12214285714285,2859,10,359,309.04,2.0,8.4512203459356,True,4,5,5,14,Champions,2,High-Value Loyal
17183,United Kingdom,2011-08-26 15:25:00,2011-12-02 10:07:00,8,6,3347.31,557.885,1296,4,106,60.4,2.0,1.7724512942709327,True,5,5,5,15,Champions,3,Core Regulars
13015,United Kingdom,2011-04-04 14:28:00,2011-10-17 13:19:00,54,5,3346.28,669.2560000000001,1617,3,250,0.0,0.0,0.0,True,3,4,5,12,Loyal,3,Core Regulars
12643,France,2011-01-11 11:48:00,2011-08-03 12:56:00,129,6,3344.64,557.4399999999999,1808,4,333,0.0,0.0,0.0,True,2,5,5,12,At Risk,1,Growth Potential
12613,Germany,2011-03-22 15:42:00,2011-10-13 14:59:00,58,5,3344.38,668.876,1644,3,263,125.4,1.0,3.614061986638922,True,3,4,5,12,Loyal,3,Core Regulars
12594,Italy,2011-01-21 09:52:00,2011-11-02 12:20:00,38,10,3338.2200000000003,333.822,1777,9,323,18.0,1.0,0.5363176430627312,True,3,5,5,13,Loyal,3,Core Regulars
16556,United Kingdom,2010-12-14 13:32:00,2011-10-04 11:36:00,67,7,3313.79,473.3985714285714,1890,7,361,0.0,0.0,0.0,True,3,5,5,13,Loyal,3,Core Regulars
13373,United Kingdom,2011-03-08 14:35:00,2011-10-10 10:51:00,61,3,3312.25,1104.0833333333333,1651,3,277,0.0,0.0,0.0,True,3,3,5,11,Occasional,1,Growth Potential
14841,United Kingdom,2010-12-16 10:28:00,2011-10-17 15:03:00,54,6,3295.76,549.2933333333334,1778,5,359,0.0,0.0,0.0,True,3,5,5,13,Loyal,3,Core Regulars
14702,United Kingdom,2010-12-09 19:23:00,2011-12-08 19:29:00,2,17,3292.14,193.65529411764706,1454,11,366,41.5,1.0,1.2448854705367107,True,5,5,5,15,Champions,2,High-Value Loyal
15632,United Kingdom,2011-03-10 08:29:00,2011-11-24 09:51:00,16,8,3285.31,410.66375,2109,7,275,138.0,2.0,4.031186191142491,True,4,5,5,14,Champions,3,Core Regulars
12480,Germany,2011-01-07 15:27:00,2011-11-11 14:52:00,29,4,3281.63,820.4075,1707,4,337,0.0,0.0,0.0,True,4,4,5,13,Champions,3,Core Regulars
15764,United Kingdom,2011-03-08 09:23:00,2011-09-12 17:58:00,89,6,3279.97,546.6616666666666,2050,4,277,34.5,4.0,1.0408903987666203,True,2,5,5,12,At Risk,1,Growth Potential
17723,United Kingdom,2011-05-09 14:44:00,2011-08-04 18:37:00,128,6,3276.4000000000005,546.0666666666667,792,4,215,0.0,0.0,0.0,True,2,5,5,12,At Risk,1,Growth Potential
13952,United Kingdom,2011-04-15 09:27:00,2011-05-06 09:00:00,218,2,3251.071,1625.5355,1431,2,239,4.9799999999999995,1.0,0.15294600729534027,True,1,2,5,8,At Risk,1,Growth Potential
13047,United Kingdom,2010-12-01 08:34:00,2011-11-08 12:06:00,32,10,3237.54,323.754,1391,8,374,158.44,8.0,4.6655162869039275,True,4,5,5,14,Champions,2,High-Value Loyal
15443,United Kingdom,2011-01-23 13:25:00,2011-12-08 10:40:00,2,7,3236.91,462.4157142857143,1663,6,321,24.75,1.0,0.7588160629863322,True,5,5,5,15,Champions,2,High-Value Loyal
17050,United Kingdom,2011-02-13 12:41:00,2011-09-04 13:48:00,97,6,3228.84,538.14,1614,5,300,0.0,0.0,0.0,True,2,5,5,12,At Risk,1,Growth Potential
14175,United Kingdom,2011-01-14 12:22:00,2011-10-11 11:55:00,60,3,3222.3,1074.1000000000001,1515,3,330,114.24,4.0,3.4239062022334514,True,3,3,5,11,Occasional,1,Growth Potential
13880,United Kingdom,2010-12-07 14:00:00,2011-11-18 13:44:00,22,13,3219.77,247.67461538461538,1842,10,368,0.0,0.0,0.0,True,4,5,5,14,Champions,2,High-Value Loyal
13268,United Kingdom,2011-03-17 13:20:00,2011-11-22 11:51:00,18,11,3214.69,292.24454545454546,3658,6,268,47.050000000000004,4.0,1.4424816202395039,True,4,5,5,14,Champions,2,High-Value Loyal
14388,United Kingdom,2010-12-02 11:02:00,2011-11-29 13:32:00,11,8,3212.84,401.605,1941,7,373,40.8,2.0,1.253980157608094,True,5,5,5,15,Champions,3,Core Regulars
16107,United Kingdom,2011-06-09 18:42:00,2011-11-22 09:40:00,18,7,3204.1600000000003,457.7371428571429,1176,6,184,0.0,0.0,0.0,True,4,5,5,14,Champions,3,Core Regulars
17220,United Kingdom,2010-12-10 14:54:00,2011-11-15 13:47:00,25,14,3198.25,228.44642857142858,1905,9,365,0.0,0.0,0.0,True,4,5,5,14,Champions,2,High-Value Loyal
13868,United Kingdom,2011-11-01 12:45:00,2011-12-02 16:32:00,8,2,3192.54,1596.27,1964,2,39,0.0,0.0,0.0,True,5,2,5,12,Potential Loyalists,3,Core Regulars
17685,United Kingdom,2010-12-02 14:42:00,2011-11-23 11:36:00,17,7,3191.53,455.9328571428572,1956,6,373,0.0,0.0,0.0,True,4,5,5,14,Champions,3,Core Regulars
13758,United Kingdom,2010-12-01 12:08:00,2011-11-28 11:11:00,12,7,3190.55,455.79285714285714,1844,5,374,0.0,0.0,0.0,True,5,5,5,15,Champions,3,Core Regulars
14844,United Kingdom,2011-04-12 13:10:00,2011-10-07 10:41:00,64,4,3189.81,797.4525,1833,4,242,0.0,0.0,0.0,True,3,4,5,12,Loyal,1,Growth Potential
12456,Switzerland,2011-03-30 09:12:00,2011-10-26 14:41:00,45,3,3181.04,1060.3466666666666,1633,3,255,27.15,1.0,0.8462715736910844,True,3,3,5,11,Occasional,1,Growth Potential
17672,United Kingdom,2011-02-03 13:29:00,2011-10-20 14:18:00,51,2,3178.17,1589.085,1690,2,310,71.55,2.0,2.2017281488866733,True,3,3,5,11,Occasional,1,Growth Potential
17231,United Kingdom,2010-12-13 14:16:00,2011-11-27 15:18:00,13,10,3174.32,317.432,1742,9,362,46.5,4.0,1.443731720493539,True,5,5,5,15,Champions,2,High-Value Loyal
16837,United Kingdom,2011-04-08 08:48:00,2011-11-08 14:27:00,32,11,3170.98,288.2709090909091,1563,5,246,3.25,1.0,0.1023870355960343,True,4,5,5,14,Champions,2,High-Value Loyal
16041,United Kingdom,2011-07-21 16:27:00,2011-11-09 12:25:00,31,3,3166.4,1055.4666666666667,1584,2,142,0.0,0.0,0.0,True,4,4,5,13,Champions,3,Core Regulars
15861,United Kingdom,2011-03-17 20:12:00,2011-11-27 15:59:00,13,8,3165.36,395.67,2544,4,268,165.0,1.0,4.954419342053111,True,5,5,5,15,Champions,3,Core Regulars
17863,United Kingdom,2010-12-05 13:21:00,2011-10-11 13:45:00,60,6,3160.0,526.6666666666666,2638,6,370,0.0,0.0,0.0,True,3,5,5,13,Loyal,3,Core Regulars
15065,United Kingdom,2011-02-21 12:54:00,2011-11-02 09:45:00,38,4,3158.13,789.5325,1383,4,292,22.15,2.0,0.6964795552592853,True,3,4,5,12,Loyal,3,Core Regulars
14235,United Kingdom,2011-03-24 13:23:00,2011-09-25 14:37:00,76,5,3144.86,628.972,1959,4,261,51.0,1.0,1.5958145851194983,True,2,4,5,11,At Risk,1,Growth Potential
13742,United Kingdom,2011-01-23 14:59:00,2011-11-23 11:07:00,17,12,3131.02,260.91833333333335,1124,7,321,28.599999999999998,2.0,0.905172140953659,True,4,5,5,14,Champions,2,High-Value Loyal
16156,United Kingdom,2011-02-02 12:02:00,2011-12-01 12:42:00,9,9,3122.04,346.8933333333333,1308,8,311,97.42,4.0,3.0259732998701647,True,5,5,5,15,Champions,2,High-Value Loyal
13685,United Kingdom,2011-10-10 12:59:00,2011-12-07 11:41:00,3,7,3119.44,445.63428571428574,5056,2,61,0.0,0.0,0.0,True,5,5,5,15,Champions,3,Core Regulars
16326,United Kingdom,2011-01-09 12:01:00,2011-12-04 10:11:00,6,14,3110.96,222.21142857142857,709,9,335,25.0,1.0,0.7972040459699741,True,5,5,5,15,Champions,2,High-Value Loyal
16678,United Kingdom,2011-03-02 09:24:00,2011-12-07 12:17:00,3,12,3109.99,259.1658333333333,2397,8,283,96.16,5.0,2.9992358436130564,True,5,5,5,15,Champions,2,High-Value Loyal
13869,United Kingdom,2010-12-17 15:14:00,2011-08-08 13:53:00,124,4,3104.95,776.2375,1721,4,358,0.0,0.0,0.0,True,2,4,5,11,At Risk,1,Growth Potential
14099,United Kingdom,2010-12-20 11:14:00,2011-11-23 13:53:00,17,11,3104.17,282.1972727272727,2179,10,355,11.2,1.0,0.3595078594195874,True,4,5,5,14,Champions,2,High-Value Loyal
16905,United Kingdom,2010-12-03 10:43:00,2011-12-04 14:01:00,6,7,3102.43,443.2042857142857,1408,6,372,16.95,1.0,0.5433772095736974,True,5,5,5,15,Champions,3,Core Regulars
15491,United Kingdom,2011-04-18 10:04:00,2011-09-05 15:56:00,96,6,3100.09,516.6816666666667,1646,5,236,9.24,1.0,0.2971701298993674,True,2,5,5,12,At Risk,1,Growth Potential
14257,United Kingdom,2011-01-25 10:49:00,2011-10-06 16:54:00,65,5,3099.7200000000003,619.9440000000001,1682,5,319,12.450000000000001,1.0,0.4000424141354746,True,3,4,5,12,Loyal,1,Growth Potential
14565,United Kingdom,2010-12-13 13:25:00,2011-09-05 09:07:00,96,4,3099.12,774.78,1540,4,362,25.35,2.0,0.8113376028574447,True,2,4,5,11,At Risk,1,Growth Potential
13135,United Kingdom,2011-05-27 10:52:00,2011-05-27 10:52:00,197,1,3096.0,3096.0,4300,1,197,0.0,0.0,0.0,False,1,1,5,7,At Risk,1,Growth Potential
17059,United Kingdom,2010-12-05 12:35:00,2011-11-10 12:27:00,30,5,3095.04,619.008,1855,5,370,0.0,0.0,0.0,True,4,4,5,13,Champions,3,Core Regulars
13362,United Kingdom,2011-02-25 11:33:00,2011-11-30 14:41:00,10,4,3090.7400000000002,772.6850000000001,1382,4,288,5.25,1.0,0.1695741911311083,True,5,4,5,14,Champions,3,Core Regulars
15998,United Kingdom,2010-12-12 13:32:00,2011-11-03 12:45:00,37,5,3089.97,617.9939999999999,2041,5,363,5.8,1.0,0.18735241959189475,True,3,4,5,12,Loyal,3,Core Regulars
16218,United Kingdom,2010-12-01 11:29:00,2011-11-10 09:59:00,30,7,3084.68,440.6685714285714,2088,6,374,29.810000000000002,1.0,0.9571390500531388,True,4,5,5,14,Champions,3,Core Regulars
18272,United Kingdom,2011-04-07 09:35:00,2011-12-07 12:43:00,3,6,3078.58,513.0966666666667,2050,5,247,13.8,1.0,0.4462582218226738,True,5,5,5,15,Champions,3,Core Regulars
12910,United Kingdom,2011-04-12 10:01:00,2011-11-16 14:28:00,24,8,3075.04,384.38,1692,6,242,0.0,0.0,0.0,True,4,5,5,14,Champions,3,Core Regulars
13631,United Kingdom,2011-03-17 17:13:00,2011-09-01 09:57:00,100,11,3070.42,279.1290909090909,467,5,268,48.65,1.0,1.5597598001968536,True,2,5,5,12,At Risk,3,Core Regulars
16686,United Kingdom,2010-12-19 14:41:00,2011-10-23 13:49:00,48,7,3062.83,437.54714285714283,2030,7,356,19.35,2.0,0.6278023996002831,True,3,5,5,13,Loyal,3,Core Regulars
14456,United Kingdom,2011-07-20 13:06:00,2011-12-04 13:59:00,6,9,3062.4,340.26666666666665,2908,5,143,14.77,5.0,0.47998648108489295,True,5,5,5,15,Champions,2,High-Value Loyal
17799,United Kingdom,2010-12-13 13:10:00,2011-11-17 15:16:00,23,10,3055.93,305.59299999999996,1758,7,362,29.849999999999998,1.0,0.9673405103409836,True,4,5,5,14,Champions,2,High-Value Loyal
16940,United Kingdom,2011-02-23 12:27:00,2011-10-18 13:15:00,53,3,3049.88,1016.6266666666667,2169,3,290,0.0,0.0,0.0,True,3,4,5,12,Loyal,1,Growth Potential
16393,United Kingdom,2010-12-05 13:10:00,2011-12-07 12:51:00,3,13,3046.21,234.32384615384615,1576,10,370,105.16000000000001,7.0,3.3369613850484083,True,5,5,5,15,Champions,2,High-Value Loyal
16709,United Kingdom,2011-03-03 10:55:00,2011-09-16 10:56:00,85,5,3029.87,605.9739999999999,851,4,282,0.0,0.0,0.0,True,2,4,5,11,At Risk,1,Growth Potential
12598,France,2011-02-28 11:58:00,2011-11-30 12:18:00,10,8,3023.08,377.885,1964,5,285,20.4,1.0,0.6702853312655249,True,5,5,5,15,Champions,3,Core Regulars
12395,Belgium,2010-12-03 16:35:00,2011-11-20 15:21:00,20,12,3018.63,251.5525,2118,8,372,20.35,3.0,0.6696325740873583,True,4,5,5,14,Champions,2,High-Value Loyal
18094,United Kingdom,2011-02-21 08:50:00,2011-09-19 09:28:00,82,7,3017.3,431.04285714285714,2518,5,292,0.0,0.0,0.0,True,2,5,5,12,At Risk,3,Core Regulars
12754,Japan,2011-02-04 10:31:00,2011-04-18 09:00:00,236,3,3010.74,1003.5799999999999,6481,3,309,61.620000000000005,2.0,2.005624340897551,True,1,3,5,9,At Risk,1,Growth Potential
12916,United Kingdom,2011-01-23 10:43:00,2011-07-24 10:35:00,139,4,3006.15,751.5375,1119,4,321,23.799999999999997,1.0,0.7854915097608869,True,2,4,5,11,At Risk,1,Growth Potential
15521,United Kingdom,2011-03-30 09:15:00,2011-10-30 13:42:00,41,8,3000.2,375.025,1836,6,255,425.55,5.0,12.422097350945048,True,3,5,5,13,Loyal,3,Core Regulars
17659,United Kingdom,2010-12-02 16:46:00,2011-11-22 13:29:00,18,12,2999.46,249.955,1525,7,373,44.709999999999994,2.0,1.4687090405594954,True,4,5,5,14,Champions,2,High-Value Loyal
17504,United Kingdom,2011-01-21 11:09:00,2011-05-17 12:59:00,207,9,2997.0299999999997,333.00333333333333,1664,4,323,251.75,1.0,7.749062725084494,True,1,5,5,11,At Risk,1,Growth Potential
12670,France,2011-04-21 10:16:00,2011-11-29 15:23:00,11,5,2996.05,599.21,1397,4,233,9.9,1.0,0.32934679552221424,True,5,4,5,14,Champions,3,Core Regulars
14307,United Kingdom,2010-12-01 11:41:00,2011-09-12 09:38:00,89,6,2995.72,499.28666666666663,2058,5,374,0.0,0.0,0.0,True,2,5,5,12,At Risk,1,Growth Potential
15687,United Kingdom,2011-01-13 15:13:00,2011-12-01 08:33:00,9,9,2993.1,332.56666666666666,1310,7,331,11.6,2.0,0.3860618364562186,True,5,5,5,15,Champions,2,High-Value Loyal
14639,United Kingdom,2010-12-13 13:50:00,2011-10-18 15:06:00,53,6,2984.49,497.41499999999996,1431,4,362,32.15,2.0,1.0657552773947174,True,3,5,5,13,Loyal,3,Core Regulars
13451,United Kingdom,2011-01-09 15:35:00,2011-11-13 15:58:00,27,5,2976.15,595.23,2149,5,335,59.699999999999996,1.0,1.9665003211621128,True,4,4,5,13,Champions,3,Core Regulars
14032,United Kingdom,2010-12-08 10:53:00,2011-12-07 15:23:00,3,11,2975.59,270.5081818181818,2032,8,367,45.75,7.0,1.5142287859029437,True,5,5,5,15,Champions,2,High-Value Loyal
15854,United Kingdom,2010-12-13 11:47:00,2011-12-05 13:39:00,5,12,2974.65,247.88750000000002,939,9,362,0.0,0.0,0.0,True,5,5,5,15,Champions,2,High-Value Loyal
16497,United Kingdom,2011-01-10 13:20:00,2011-10-21 10:55:00,50,6,2965.69,494.2816666666667,1396,4,334,0.0,0.0,0.0,True,3,5,5,13,Loyal,3,Core Regulars
17924,United Kingdom,2010-12-01 10:51:00,2011-11-28 09:11:00,12,7,2962.5,423.2142857142857,1160,4,374,68.17,6.0,2.249337605216008,True,5,5,5,15,Champions,3,Core Regulars
14868,United Kingdom,2011-04-20 13:36:00,2011-12-06 14:49:00,4,8,2953.59,369.19875,1405,6,234,13.95,1.0,0.47008633413534445,True,5,5,5,15,Champions,2,High-Value Loyal
17084,United Kingdom,2011-11-04 14:49:00,2011-11-04 14:54:00,36,2,2949.75,1474.875,1816,1,36,0.0,0.0,0.0,True,3,3,5,11,Occasional,1,Growth Potential
17444,Canada,2011-06-20 09:04:00,2011-07-15 12:05:00,148,3,2940.04,980.0133333333333,2119,2,173,0.0,0.0,0.0,True,2,4,5,11,At Risk,1,Growth Potential
16316,United Kingdom,2010-12-16 14:26:00,2011-10-06 13:48:00,65,8,2938.91,367.36375,1484,6,359,183.35000000000002,4.0,5.872348875494035,True,3,5,5,13,Loyal,3,Core Regulars
14530,United Kingdom,2011-02-16 10:47:00,2011-11-14 10:38:00,26,6,2925.91,487.65166666666664,1410,6,297,0.0,0.0,0.0,True,4,5,5,14,Champions,3,Core Regulars
17512,United Kingdom,2011-02-11 12:22:00,2011-11-11 12:11:00,29,10,2924.9900000000002,292.499,2753,7,302,4.95,1.0,0.16894543915575064,True,4,5,5,14,Champions,3,Core Regulars
15606,United Kingdom,2011-01-19 12:07:00,2011-10-09 15:47:00,62,9,2920.16,324.4622222222222,892,7,325,497.52,2.0,14.557243510217457,True,3,5,5,13,Loyal,3,Core Regulars
12906,United Kingdom,2011-09-22 15:03:00,2011-11-28 09:55:00,12,5,2919.81,583.962,1749,2,79,0.0,0.0,0.0,True,5,4,5,14,Champions,3,Core Regulars
14112,United Kingdom,2011-03-09 11:28:00,2011-11-17 12:30:00,23,7,2915.15,416.45,1651,5,276,140.98000000000002,5.0,4.613023660642709,True,4,5,5,14,Champions,3,Core Regulars
12438,Norway,2011-07-22 13:29:00,2011-11-25 13:28:00,15,2,2906.85,1453.425,1180,2,141,0.0,0.0,0.0,True,4,2,5,11,Potential Loyalists,3,Core Regulars
17644,United Kingdom,2011-03-24 09:44:00,2011-12-08 13:43:00,2,11,2895.64,263.24,1793,8,261,126.66,6.0,4.190848029646296,True,5,5,5,15,Champions,2,High-Value Loyal
18144,United Kingdom,2010-12-01 13:45:00,2011-12-02 12:46:00,8,12,2888.75,240.72916666666666,1343,10,374,0.0,0.0,0.0,True,5,5,5,15,Champions,2,High-Value Loyal
12408,Belgium,2011-03-24 14:46:00,2011-11-07 12:27:00,33,5,2888.55,577.71,1409,4,261,45.980000000000004,4.0,1.5668607920178017,True,4,4,5,13,Champions,3,Core Regulars
13735,United Kingdom,2011-04-19 13:49:00,2011-11-15 11:14:00,25,4,2885.2400000000002,721.3100000000001,1130,4,235,119.06,4.0,3.962986386179809,True,4,4,5,13,Champions,3,Core Regulars
16633,United Kingdom,2011-04-19 14:36:00,2011-11-22 13:41:00,18,6,2883.1,480.51666666666665,1138,6,235,4.95,1.0,0.1713959245857932,True,4,5,5,14,Champions,3,Core Regulars
15673,United Kingdom,2011-01-16 16:25:00,2011-09-12 16:12:00,89,4,2881.02,720.255,1514,4,328,0.0,0.0,0.0,True,2,4,5,11,At Risk,1,Growth Potential
14251,United Kingdom,2011-10-13 12:46:00,2011-12-08 08:32:00,2,5,2879.7000000000003,575.94,1674,3,58,0.0,0.0,0.0,True,5,4,5,14,Champions,3,Core Regulars
17728,United Kingdom,2011-09-14 11:39:00,2011-12-06 08:52:00,4,3,2876.01,958.6700000000001,1469,3,87,360.33,2.0,11.133873449637553,True,5,4,5,14,Champions,3,Core Regulars
14005,United Kingdom,2011-05-08 10:33:00,2011-11-30 12:41:00,10,5,2874.72,574.944,2478,5,216,0.0,0.0,0.0,True,5,4,5,14,Champions,3,Core Regulars
15628,United Kingdom,2010-12-08 09:51:00,2011-12-05 10:24:00,5,9,2870.2400000000002,318.91555555555556,1894,8,367,4.6,1.0,0.16000890484339994,True,5,5,5,15,Champions,2,High-Value Loyal
14711,United Kingdom,2011-03-22 13:32:00,2011-11-29 14:58:00,11,11,2868.8,260.8,978,7,263,30.599999999999998,1.0,1.0553907705042422,True,5,5,5,15,Champions,2,High-Value Loyal
13901,United Kingdom,2011-01-25 09:01:00,2011-09-28 14:48:00,73,5,2867.2,573.4399999999999,1739,5,319,0.0,0.0,0.0,True,2,4,5,11,At Risk,1,Growth Potential
14535,United Kingdom,2011-04-05 12:50:00,2011-10-10 15:39:00,61,3,2864.19,954.73,1831,3,249,23.1,1.0,0.8000581860498945,True,3,3,5,11,Occasional,1,Growth Potential
12685,France,2011-09-07 10:28:00,2011-11-11 13:46:00,29,6,2863.08,477.18,1523,3,94,0.0,0.0,0.0,True,4,5,5,14,Champions,3,Core Regulars
18145,United Kingdom,2011-01-31 12:10:00,2011-11-27 11:22:00,13,4,2861.55,715.3875,2625,4,313,0.0,0.0,0.0,True,5,4,5,14,Champions,3,Core Regulars
16928,United Kingdom,2010-12-01 15:21:00,2011-09-20 15:10:00,81,17,2847.6,167.50588235294117,2114,9,374,66.1,2.0,2.268593197652469,True,2,5,5,12,At Risk,2,High-Value Loyal
15984,United Kingdom,2010-12-06 13:21:00,2011-12-07 12:16:00,3,10,2837.67,283.767,1843,8,369,20.7,1.0,0.7241889608413187,True,5,5,5,15,Champions,2,High-Value Loyal
14852,United Kingdom,2011-04-01 13:22:00,2011-10-12 13:20:00,59,6,2836.69,472.7816666666667,1747,5,253,0.0,0.0,0.0,True,3,5,5,13,Loyal,3,Core Regulars
14572,United Kingdom,2011-01-19 17:23:00,2011-12-06 14:40:00,4,7,2832.84,404.6914285714286,1428,6,325,29.15,3.0,1.0185220772958674,True,5,5,5,15,Champions,3,Core Regulars
17596,United Kingdom,2010-12-06 12:34:00,2011-11-16 14:11:00,24,7,2827.93,403.98999999999995,4400,6,369,0.0,0.0,0.0,True,4,5,5,14,Champions,3,Core Regulars
14842,United Kingdom,2011-02-04 15:32:00,2011-10-27 12:37:00,44,4,2824.69,706.1725,1166,4,309,367.89,4.0,11.523282110393476,True,3,4,5,12,Loyal,3,Core Regulars
13174,United Kingdom,2010-12-05 16:24:00,2011-11-23 14:35:00,17,3,2817.03,939.0100000000001,1395,3,370,0.0,0.0,0.0,True,4,3,5,12,Potential Loyalists,3,Core Regulars
16871,United Kingdom,2011-03-14 10:31:00,2011-11-17 19:27:00,23,6,2812.34,468.72333333333336,1253,4,271,50.849999999999994,1.0,1.7759911148055139,True,4,5,5,14,Champions,3,Core Regulars
12356,Portugal,2011-01-18 09:50:00,2011-11-17 08:40:00,23,3,2811.43,937.1433333333333,1591,3,326,0.0,0.0,0.0,True,4,3,5,12,Potential Loyalists,3,Core Regulars
14903,United Kingdom,2011-03-06 11:50:00,2011-11-18 16:07:00,22,5,2810.63,562.126,1536,5,279,66.15,5.0,2.2994459082724434,True,4,4,5,13,Champions,3,Core Regulars
18230,United Kingdom,2011-02-10 13:06:00,2011-11-30 13:22:00,10,7,2810.2000000000003,401.4571428571429,1316,6,303,93.6,3.0,3.2233624905296505,True,5,5,5,15,Champions,3,Core Regulars
13230,United Kingdom,2010-12-09 19:28:00,2011-12-05 16:03:00,5,14,2806.97,200.49785714285713,1665,9,366,43.559999999999995,1.0,1.528136872792077,True,5,5,5,15,Champions,2,High-Value Loyal
16081,United Kingdom,2010-12-08 11:16:00,2011-10-14 13:06:00,57,5,2806.9,561.38,1477,5,367,0.0,0.0,0.0,True,3,4,5,12,Loyal,3,Core Regulars
16764,United Kingdom,2011-07-19 17:17:00,2011-12-06 11:41:00,4,13,2799.25,215.32692307692307,1259,6,144,41.0,5.0,1.4435349000968225,True,5,5,5,15,Champions,2,High-Value Loyal
15993,United Kingdom,2011-10-26 16:21:00,2011-12-01 10:45:00,9,7,2797.57,399.65285714285716,2051,3,45,40.75,3.0,1.4357084472504862,True,5,5,5,15,Champions,3,Core Regulars
13769,United Kingdom,2010-12-07 13:28:00,2011-12-07 15:08:00,3,10,2796.51,279.651,1163,9,368,24.64,6.0,0.873402690392216,True,5,5,5,15,Champions,2,High-Value Loyal
12578,Italy,2011-01-13 15:34:00,2011-11-18 13:30:00,22,2,2794.51,1397.255,1196,2,331,41.15,2.0,1.4511612816769286,True,4,2,5,11,Potential Loyalists,3,Core Regulars
12758,Portugal,2011-03-08 12:05:00,2011-08-15 10:22:00,117,2,2791.59,1395.795,2135,2,277,0.0,0.0,0.0,True,2,2,5,9,At Risk,1,Growth Potential
17739,United Kingdom,2010-12-14 14:26:00,2011-11-28 09:12:00,12,7,2791.35,398.7642857142857,861,6,361,5.300000000000001,1.0,0.18951245239840528,True,5,5,5,15,Champions,3,Core Regulars
14626,United Kingdom,2011-04-20 13:18:00,2011-11-16 10:37:00,24,4,2791.27,697.8175,1403,4,234,34.2,3.0,1.2104180897337438,True,4,4,5,13,Champions,3,Core Regulars
17213,United Kingdom,2010-12-08 13:03:00,2011-10-30 14:53:00,41,7,2781.23,397.31857142857143,1176,4,367,40.15,4.0,1.4230624729742183,True,3,5,5,13,Loyal,3,Core Regulars
12388,Australia,2011-01-17 11:12:00,2011-11-24 12:30:00,16,6,2780.66,463.4433333333333,1462,6,327,0.0,0.0,0.0,True,4,4,5,13,Champions,3,Core Regulars
14121,United Kingdom,2011-10-11 10:39:00,2011-12-06 12:19:00,4,4,2780.15,695.0375,2082,3,60,39.85,2.0,1.4131205673758864,True,5,4,5,14,Champions,3,Core Regulars
17838,United Kingdom,2010-12-02 15:55:00,2011-11-13 11:20:00,27,5,2779.3,555.86,1879,4,373,466.6,1.0,14.375057765180689,True,4,4,5,13,Champions,3,Core Regulars
13870,United Kingdom,2011-02-25 09:09:00,2011-12-07 13:23:00,3,8,2770.94,346.3675,1325,6,288,19.69,2.0,0.7055754435378392,True,5,5,5,15,Champions,2,High-Value Loyal
15356,United Kingdom,2010-12-06 14:05:00,2011-11-08 13:11:00,32,10,2766.5,276.65,1673,9,369,0.0,0.0,0.0,True,4,5,5,14,Champions,3,Core Regulars
15114,United Kingdom,2011-02-11 08:45:00,2011-11-09 15:05:00,31,10,2760.56,276.056,3096,8,302,0.0,0.0,0.0,True,4,5,5,14,Champions,3,Core Regulars
14854,United Kingdom,2011-03-10 12:22:00,2011-09-22 17:00:00,79,7,2759.83,394.26142857142855,1832,5,275,9.94,1.0,0.3588745635919228,True,2,5,5,12,At Risk,3,Core Regulars
13971,United Kingdom,2011-02-27 12:27:00,2011-11-21 12:06:00,19,8,2758.26,344.7825,1844,7,286,56.040000000000006,3.0,1.9912589276196568,True,4,5,5,14,Champions,3,Core Regulars
15321,United Kingdom,2011-02-21 11:10:00,2011-09-30 09:40:00,71,3,2748.31,916.1033333333334,1181,2,292,97.58,1.0,3.428804345916392,True,3,3,5,11,Occasional,1,Growth Potential
12669,France,2011-03-28 10:15:00,2011-07-12 09:54:00,151,3,2744.0299999999997,914.6766666666666,1115,3,257,1136.3,1.0,29.283591859455253,True,2,3,5,10,At Risk,1,Growth Potential
14808,United Kingdom,2011-06-20 12:53:00,2011-10-31 12:21:00,40,8,2741.17,342.64625,2147,4,173,565.8,7.0,17.109317592841784,True,3,5,5,13,Loyal,3,Core Regulars
14125,United Kingdom,2011-09-22 15:40:00,2011-11-29 12:47:00,11,3,2740.43,913.4766666666666,1640,2,79,0.0,0.0,0.0,True,5,3,5,13,Potential Loyalists,3,Core Regulars
15696,United Kingdom,2011-01-17 11:24:00,2011-11-06 14:02:00,34,8,2736.46,342.0575,1028,5,327,92.0,4.0,3.2526533873556636,True,3,5,5,13,Loyal,3,Core Regulars
16938,United Kingdom,2011-02-04 09:34:00,2011-12-01 10:20:00,9,4,2736.38,684.095,2540,3,309,833.2500000000001,1.0,23.342755411625298,True,5,4,5,14,Champions,3,Core Regulars
16003,United Kingdom,2010-12-15 12:09:00,2011-11-10 09:57:00,30,5,2735.37,547.074,1185,4,360,0.0,0.0,0.0,True,4,4,5,13,Champions,3,Core Regulars
12840,United Kingdom,2011-04-27 12:21:00,2011-07-19 09:29:00,144,4,2726.77,681.6925,1511,4,227,12.5,2.0,0.45632595545528554,True,2,4,5,11,At Risk,1,Growth Potential
12380,Belgium,2011-06-07 09:49:00,2011-11-18 11:27:00,22,4,2724.81,681.2025,1127,4,186,4.25,1.0,0.1557312774361868,True,4,4,5,13,Champions,3,Core Regulars
12708,Germany,2010-12-06 10:43:00,2011-11-10 09:52:00,30,10,2712.91,271.291,1307,9,369,96.59,6.0,3.437978287951593,True,4,5,5,14,Champions,3,Core Regulars
15796,United Kingdom,2011-02-10 15:40:00,2011-12-08 19:55:00,2,8,2711.56,338.945,861,7,303,44.95,2.0,1.630685177996815,True,5,5,5,15,Champions,2,High-Value Loyal
17069,United Kingdom,2010-12-01 16:49:00,2011-11-11 17:13:00,29,9,2709.7000000000003,301.0777777777778,1506,5,374,54.480000000000004,4.0,1.9709280871723258,True,4,5,5,14,Champions,3,Core Regulars
13285,United Kingdom,2011-02-22 17:13:00,2011-11-16 13:19:00,24,4,2709.12,677.28,2051,4,291,0.0,0.0,0.0,True,4,4,5,13,Champions,3,Core Regulars
13654,United Kingdom,2011-03-11 12:54:00,2011-10-27 16:24:00,44,6,2707.33,451.22166666666664,2182,5,274,0.0,0.0,0.0,True,3,5,5,13,Loyal,3,Core Regulars
14107,United Kingdom,2010-12-10 13:29:00,2011-10-19 12:12:00,52,7,2703.23,386.17571428571426,1793,7,365,14.75,1.0,0.5426824332776548,True,3,5,5,13,Loyal,3,Core Regulars
14732,United Kingdom,2011-01-04 14:40:00,2011-12-01 14:34:00,9,8,2702.4900000000002,337.81125000000003,1405,8,340,16.15,2.0,0.5940470235117558,True,5,5,5,15,Champions,3,Core Regulars
18097,United Kingdom,2010-12-20 14:49:00,2011-12-02 11:16:00,8,6,2697.8,449.6333333333334,1686,5,355,4.95,1.0,0.1831467949310887,True,5,5,5,15,Champions,3,Core Regulars
17386,United Kingdom,2011-06-27 12:11:00,2011-12-02 11:28:00,8,6,2686.42,447.7366666666667,1902,4,166,0.0,0.0,0.0,True,5,5,5,15,Champions,3,Core Regulars
12625,Germany,2011-01-24 13:27:00,2011-05-12 09:54:00,212,2,2683.82,1341.91,1612,2,320,69.5,1.0,2.524225298911859,True,1,2,5,8,At Risk,1,Growth Potential
17346,United Kingdom,2010-12-01 14:34:00,2011-12-06 12:18:00,4,15,2676.56,178.43733333333333,1657,9,374,64.98,1.0,2.3702006901230694,True,5,5,5,15,Champions,2,High-Value Loyal
13883,United Kingdom,2011-03-31 17:17:00,2011-11-29 10:45:00,11,5,2674.48,534.896,1436,3,254,135.73,4.0,4.829888157824503,True,5,4,5,14,Champions,3,Core Regulars
14713,United Kingdom,2010-12-09 18:58:00,2011-11-30 16:26:00,10,11,2666.36,242.39636363636365,1615,8,366,2.1,1.0,0.07869707621624457,True,5,5,5,15,Champions,2,High-Value Loyal
12360,Austria,2011-05-23 09:43:00,2011-10-18 15:22:00,53,3,2662.06,887.3533333333334,1165,3,201,0.0,0.0,0.0,True,3,3,5,11,Occasional,1,Growth Potential
14439,Greece,2011-01-24 11:39:00,2011-01-24 11:39:00,320,1,2661.24,2661.24,526,1,320,0.0,0.0,0.0,False,1,1,5,7,At Risk,1,Growth Potential
15671,United Kingdom,2011-03-14 09:37:00,2011-11-21 12:43:00,19,7,2657.13,379.59000000000003,1699,5,271,21.64,3.0,0.8078334459472071,True,4,5,5,14,Champions,3,Core Regulars
12721,France,2010-12-20 11:38:00,2011-11-08 12:13:00,32,6,2656.13,442.68833333333333,1959,6,355,27.15,1.0,1.0118213529709907,True,4,5,5,14,Champions,3,Core Regulars
13851,United Kingdom,2011-02-24 17:18:00,2011-09-05 12:36:00,96,3,2651.46,883.82,1705,3,289,0.0,0.0,0.0,True,2,3,5,10,At Risk,1,Growth Potential
16618,United Kingdom,2011-01-21 11:55:00,2011-11-08 13:52:00,32,5,2647.59,529.518,1363,4,323,16.95,1.0,0.6361323155216285,True,4,4,5,13,Champions,3,Core Regulars
18260,United Kingdom,2010-12-16 18:23:00,2011-06-20 12:37:00,173,6,2643.2000000000003,440.53333333333336,1478,6,359,48.2,2.0,1.7908894998885339,True,2,5,5,12,At Risk,1,Growth Potential
13658,United Kingdom,2011-05-19 17:15:00,2011-11-30 10:13:00,10,5,2639.17,527.8340000000001,1019,3,205,217.7,2.0,7.620227731748383,True,5,4,5,14,Champions,3,Core Regulars
17655,United Kingdom,2010-12-08 16:45:00,2011-11-29 11:34:00,11,7,2638.94,376.99142857142857,1116,6,367,67.2,1.0,2.483241813062148,True,5,5,5,15,Champions,3,Core Regulars
15752,United Kingdom,2010-12-02 09:43:00,2011-10-31 11:37:00,40,7,2637.38,376.7685714285714,1978,7,373,8.45,1.0,0.31937048109666905,True,3,5,5,13,Loyal,3,Core Regulars
13804,United Kingdom,2011-02-23 09:09:00,2011-11-09 12:32:00,31,7,2635.79,376.5414285714286,1498,4,290,0.0,0.0,0.0,True,4,5,5,14,Champions,3,Core Regulars
13771,United Kingdom,2011-04-06 15:47:00,2011-10-06 14:18:00,65,4,2634.45,658.6125,1477,3,248,2.75,1.0,0.10427726376459882,True,3,4,5,12,Loyal,1,Growth Potential
12520,Germany,2011-03-11 11:35:00,2011-09-21 15:23:00,80,5,2634.26,526.8520000000001,1439,4,274,51.75,1.0,1.9266495657127112,True,2,4,5,11,At Risk,1,Growth Potential
17402,United Kingdom,2010-12-05 13:53:00,2011-12-05 10:15:00,5,13,2633.85,202.60384615384615,701,9,370,0.0,0.0,0.0,True,5,5,5,15,Champions,2,High-Value Loyal
18077,United Kingdom,2010-12-08 10:21:00,2011-12-01 13:32:00,9,11,2633.0099999999998,239.36454545454544,1878,8,367,0.0,0.0,0.0,True,5,5,5,15,Champions,2,High-Value Loyal
13422,United Kingdom,2011-10-06 13:42:00,2011-10-06 13:42:00,65,1,2626.3,2626.3,1326,1,65,24.75,1.0,0.9335923502008637,False,3,1,5,9,Occasional,1,Growth Potential
13644,United Kingdom,2011-08-26 11:53:00,2011-11-23 14:07:00,17,4,2624.26,656.065,2067,4,106,26.74,1.0,1.008675971331573,True,4,4,5,13,Champions,3,Core Regulars
17965,United Kingdom,2010-12-05 15:54:00,2011-11-02 09:31:00,38,14,2622.57,187.32642857142858,1556,9,370,0.0,0.0,0.0,True,3,5,5,13,Loyal,2,High-Value Loyal
18210,United Kingdom,2011-03-17 16:58:00,2011-12-08 11:02:00,2,6,2621.38,436.8966666666667,1398,4,268,0.0,0.0,0.0,True,5,5,5,15,Champions,3,Core Regulars
16255,United Kingdom,2010-12-09 14:25:00,2011-11-23 12:40:00,17,8,2619.91,327.48875,1767,7,366,10.61,2.0,0.40334230494350926,True,4,5,5,14,Champions,3,Core Regulars
14262,United Kingdom,2011-04-13 12:23:00,2011-12-01 14:17:00,9,8,2618.23,327.27875,1645,7,241,0.0,0.0,0.0,True,5,5,5,15,Champions,3,Core Regulars
13021,United Kingdom,2010-12-16 10:12:00,2011-12-05 16:37:00,5,9,2616.38,290.7088888888889,1352,7,359,31.98,3.0,1.2075397604555271,True,5,5,5,15,Champions,2,High-Value Loyal
15782,United Kingdom,2011-09-11 14:29:00,2011-11-30 10:49:00,10,3,2614.7400000000002,871.58,864,3,90,20.8,1.0,0.7892120779802241,True,5,4,5,14,Champions,3,Core Regulars
14397,United Kingdom,2011-05-10 12:25:00,2011-12-07 09:22:00,3,19,2612.96,137.52421052631578,1890,8,214,56.28,4.0,2.1084653309556276,True,5,5,5,15,Champions,2,High-Value Loyal
12836,United Kingdom,2011-02-01 11:19:00,2011-10-11 15:10:00,60,4,2612.86,653.215,1064,4,312,0.0,0.0,0.0,True,3,4,5,12,Loyal,1,Growth Potential
18075,United Kingdom,2010-12-14 10:48:00,2011-11-16 15:21:00,24,10,2611.75,261.175,1464,9,361,73.03,4.0,2.72014839204702,True,4,5,5,14,Champions,3,Core Regulars
12726,France,2010-12-17 12:56:00,2011-11-11 13:35:00,29,7,2609.1,372.7285714285714,3143,7,358,0.0,0.0,0.0,True,4,5,5,14,Champions,3,Core Regulars
16241,United Kingdom,2010-12-05 11:04:00,2011-11-30 11:08:00,10,13,2607.87,200.6053846153846,1453,10,370,0.0,0.0,0.0,True,5,5,5,15,Champions,2,High-Value Loyal
13136,United Kingdom,2011-05-11 12:47:00,2011-10-14 13:41:00,57,5,2607.61,521.522,1328,4,213,62.23,6.0,2.330851286968507,True,3,4,5,12,Loyal,3,Core Regulars
14408,United Kingdom,2011-03-20 14:41:00,2011-11-29 11:41:00,11,7,2606.53,372.3614285714286,1616,6,265,0.0,0.0,0.0,True,5,5,5,15,Champions,3,Core Regulars
13983,United Kingdom,2010-12-08 10:38:00,2011-11-10 11:06:00,30,12,2603.43,216.9525,1183,9,367,12.969999999999999,1.0,0.49571930897416305,True,4,5,5,14,Champions,2,High-Value Loyal
17317,United Kingdom,2011-09-11 12:45:00,2011-10-24 17:19:00,47,3,2600.34,866.7800000000001,1146,2,90,76.32000000000001,2.0,2.851314698168613,True,3,4,5,12,Loyal,1,Growth Potential
12600,Germany,2010-12-03 12:57:00,2011-11-11 10:29:00,29,10,2599.04,259.904,774,9,372,18.0,1.0,0.6877999572035582,True,4,5,5,14,Champions,3,Core Regulars
16919,United Kingdom,2010-12-06 12:52:00,2011-07-06 13:35:00,157,11,2596.45,236.04090909090908,1413,5,369,0.0,0.0,0.0,True,2,5,5,12,At Risk,1,Growth Potential
13895,United Kingdom,2011-06-28 10:17:00,2011-11-11 16:57:00,29,4,2593.07,648.2675,1365,4,165,4.95,1.0,0.19052971108767447,True,4,4,5,13,Champions,3,Core Regulars
14243,United Kingdom,2010-12-09 08:34:00,2011-12-01 11:12:00,9,10,2588.77,258.877,1221,9,366,52.89,4.0,2.002150163154986,True,5,5,5,15,Champions,2,High-Value Loyal
15033,United Kingdom,2011-01-14 13:28:00,2011-12-05 12:40:00,5,10,2586.67,258.66700000000003,1695,8,330,15.65,1.0,0.6013864551630852,True,5,5,5,15,Champions,2,High-Value Loyal
13911,United Kingdom,2011-02-04 14:46:00,2011-10-13 15:43:00,58,9,2580.91,286.7677777777778,2731,6,309,0.0,0.0,0.0,True,3,5,5,13,Loyal,3,Core Regulars
14546,United Kingdom,2011-04-05 12:37:00,2011-12-04 13:00:00,6,5,2578.09,515.618,1317,5,249,91.07,4.0,3.411934840923736,True,5,4,5,14,Champions,3,Core Regulars
16912,United Kingdom,2011-01-20 15:42:00,2011-11-11 12:18:00,29,11,2575.38,234.12545454545455,1029,6,324,46.709999999999994,3.0,1.7814033843231922,True,4,5,5,14,Champions,2,High-Value Loyal
15485,United Kingdom,2010-12-01 13:23:00,2011-11-09 14:31:00,31,3,2575.0,858.3333333333334,1306,3,374,0.0,0.0,0.0,True,4,3,5,12,Potential Loyalists,3,Core Regulars
18245,United Kingdom,2010-12-19 14:58:00,2011-12-02 14:48:00,8,7,2567.06,366.72285714285715,1788,5,356,59.5,1.0,2.265320419103314,True,5,5,5,15,Champions,3,Core Regulars
16308,United Kingdom,2011-03-23 14:46:00,2011-11-02 11:24:00,38,4,2560.0,640.0,8000,4,262,0.0,0.0,0.0,True,3,4,5,12,Loyal,3,Core Regulars
15572,United Kingdom,2011-03-06 14:44:00,2011-12-05 10:09:00,5,7,2552.86,364.69428571428574,1229,5,279,0.0,0.0,0.0,True,5,5,5,15,Champions,3,Core Regulars
14334,United Kingdom,2010-12-16 17:37:00,2011-11-23 10:01:00,17,8,2552.21,319.02625,1731,8,359,12.75,1.0,0.49708377518557795,True,4,5,5,14,Champions,3,Core Regulars
14701,United Kingdom,2011-01-27 12:40:00,2011-11-29 12:38:00,11,9,2549.37,283.2633333333333,932,6,317,63.15,3.0,2.417206375453585,True,5,5,5,15,Champions,3,Core Regulars
14676,United Kingdom,2011-03-01 14:26:00,2011-11-08 13:29:00,32,6,2548.2400000000002,424.7066666666667,2500,5,284,5.0,2.0,0.19582961257069448,True,4,5,5,14,Champions,3,Core Regulars
13344,United Kingdom,2011-03-07 10:28:00,2011-10-03 09:45:00,68,3,2543.72,847.9066666666666,971,2,278,0.0,0.0,0.0,True,3,3,5,11,Occasional,1,Growth Potential
14776,United Kingdom,2011-01-31 13:17:00,2011-10-19 15:34:00,52,11,2538.3,230.75454545454548,3134,7,313,342.72,2.0,11.89578690880313,True,3,5,5,13,Loyal,3,Core Regulars
17700,United Kingdom,2011-03-03 16:34:00,2011-11-23 11:51:00,17,4,2534.64,633.66,1266,4,282,25.75,2.0,1.00570616195189,True,4,4,5,13,Champions,3,Core Regulars
13471,United Kingdom,2011-10-23 13:10:00,2011-12-08 15:44:00,2,4,2531.58,632.895,1590,3,48,0.0,0.0,0.0,True,5,4,5,14,Champions,3,Core Regulars
14659,United Kingdom,2011-01-28 12:43:00,2011-12-01 12:17:00,9,9,2529.93,281.1033333333333,1195,9,316,73.4,3.0,2.819465837984428,True,5,5,5,15,Champions,3,Core Regulars
17314,United Kingdom,2011-01-31 11:25:00,2011-11-15 09:41:00,25,8,2527.92,315.99,1896,7,313,13.16,3.0,0.5178900310104365,True,4,5,5,14,Champions,3,Core Regulars
13975,United Kingdom,2011-03-08 12:19:00,2011-11-08 13:19:00,32,6,2526.28,421.0466666666667,1732,5,277,23.05,1.0,0.9041591320072332,True,4,5,5,14,Champions,3,Core Regulars
17449,United Kingdom,2010-12-15 10:57:00,2011-12-07 16:56:00,3,7,2520.86,360.1228571428572,1122,6,360,16.0,1.0,0.6307009452630417,True,5,5,5,15,Champions,3,Core Regulars
13394,United Kingdom,2011-02-03 10:39:00,2011-12-08 11:36:00,2,8,2520.02,315.0025,2392,8,310,207.22,2.0,7.598157844560802,True,5,5,5,15,Champions,2,High-Value Loyal
15245,United Kingdom,2011-03-23 13:42:00,2011-07-28 18:56:00,135,3,2515.84,838.6133333333333,1784,3,262,0.0,0.0,0.0,True,2,3,5,10,At Risk,1,Growth Potential
15271,United Kingdom,2010-12-09 13:47:00,2011-12-02 14:11:00,8,15,2507.07,167.138,1262,10,366,21.25,1.0,0.8404790532843943,True,5,5,5,15,Champions,2,High-Value Loyal
12352,Norway,2011-02-16 12:33:00,2011-11-03 14:37:00,37,8,2506.04,313.255,536,4,297,960.63,3.0,27.71045412456334,True,3,5,5,13,Loyal,3,Core Regulars
13695,United Kingdom,2011-03-25 11:31:00,2011-11-08 14:26:00,32,15,2504.13,166.942,1603,9,260,0.0,0.0,0.0,True,4,5,5,14,Champions,2,High-Value Loyal
12517,Germany,2011-06-02 15:13:00,2011-11-11 14:04:00,29,5,2502.84,500.56800000000004,1371,4,191,37.949999999999996,1.0,1.4936299339969064,True,4,4,5,13,Champions,3,Core Regulars
15932,United Kingdom,2011-02-23 14:50:00,2011-12-05 17:13:00,5,8,2495.87,311.98375,2325,8,290,34.019999999999996,3.0,1.3447224978161105,True,5,5,5,15,Champions,3,Core Regulars
16477,United Kingdom,2010-12-03 12:48:00,2011-10-07 09:44:00,64,7,2494.46,356.3514285714286,1415,6,372,0.0,0.0,0.0,True,3,5,5,13,Loyal,3,Core Regulars
12483,Sweden,2011-01-04 14:20:00,2011-11-22 17:02:00,18,8,2484.98,310.6225,1110,7,340,157.85,5.0,5.972764044603702,True,4,5,5,14,Champions,3,Core Regulars
12913,United Kingdom,2010-12-06 16:36:00,2011-12-05 12:11:00,5,5,2483.63,496.726,1419,5,369,0.0,0.0,0.0,True,5,4,5,14,Champions,3,Core Regulars
16710,United Kingdom,2010-12-06 13:13:00,2011-11-20 14:50:00,20,10,2483.04,248.304,1836,6,369,0.0,0.0,0.0,True,4,5,5,14,Champions,3,Core Regulars
14315,United Kingdom,2011-03-18 12:59:00,2011-10-26 12:06:00,45,6,2481.13,413.5216666666667,1021,5,267,24.15,1.0,0.9639641078043172,True,3,5,5,13,Loyal,3,Core Regulars
13507,United Kingdom,2011-07-17 11:50:00,2011-12-06 13:13:00,4,4,2479.16,619.79,1597,4,146,0.0,0.0,0.0,True,5,4,5,14,Champions,3,Core Regulars
13588,United Kingdom,2011-03-29 15:53:00,2011-11-24 10:42:00,16,9,2478.95,275.43888888888887,2606,6,256,33.830000000000005,4.0,1.3463176243045554,True,4,5,5,14,Champions,3,Core Regulars
17682,United Kingdom,2010-12-06 13:35:00,2011-11-29 15:59:00,11,6,2474.33,412.3883333333333,1367,6,369,15.0,1.0,0.6025717763414252,True,5,5,5,15,Champions,3,Core Regulars
17188,United Kingdom,2010-12-12 12:56:00,2011-11-28 13:53:00,12,7,2474.23,353.4614285714286,1328,4,363,198.65,2.0,7.432058304151327,True,5,5,5,15,Champions,3,Core Regulars
14766,United Kingdom,2010-12-08 15:33:00,2011-12-01 16:05:00,9,6,2473.37,412.2283333333333,1349,6,367,50.3,2.0,1.9931290541156332,True,5,5,5,15,Champions,3,Core Regulars
14502,United Kingdom,2011-01-30 15:52:00,2011-11-20 11:50:00,20,11,2470.67,224.60636363636365,1498,7,314,119.65,3.0,4.619120417554588,True,4,5,5,14,Champions,2,High-Value Loyal
17164,United Kingdom,2011-03-11 14:26:00,2011-11-07 09:14:00,33,7,2467.35,352.4785714285714,1501,5,274,0.95,1.0,0.03848802819754487,True,3,5,5,13,Loyal,3,Core Regulars
12455,Spain,2011-02-16 09:56:00,2011-09-27 15:31:00,74,6,2466.86,411.1433333333334,2089,5,297,0.0,0.0,0.0,True,2,4,5,11,At Risk,1,Growth Potential
15750,United Kingdom,2010-12-08 10:36:00,2011-12-07 12:34:00,3,8,2465.48,308.185,1786,6,367,14.25,1.0,0.5746593379117888,True,5,5,5,15,Champions,2,High-Value Loyal
17131,United Kingdom,2011-09-25 12:42:00,2011-12-04 12:52:00,6,5,2463.17,492.634,983,4,76,0.0,0.0,0.0,True,5,4,5,14,Champions,3,Core Regulars
13784,United Kingdom,2011-01-11 14:38:00,2011-11-30 09:33:00,10,11,2462.79,223.89,2493,9,333,0.0,0.0,0.0,True,5,5,5,15,Champions,2,High-Value Loyal
15674,United Kingdom,2011-03-30 09:19:00,2011-09-27 15:17:00,74,5,2446.6,489.32,1275,4,255,702.5799999999999,3.0,22.30993464965483,True,2,4,5,11,At Risk,1,Growth Potential
14163,United Kingdom,2011-04-14 17:33:00,2011-09-13 15:18:00,88,4,2445.91,611.4775,893,4,240,0.0,0.0,0.0,True,2,4,5,11,At Risk,1,Growth Potential
15527,United Kingdom,2010-12-20 14:15:00,2011-11-21 12:17:00,19,8,2429.78,303.7225,992,7,355,80.96000000000001,2.0,3.224547344607566,True,4,5,5,14,Champions,3,Core Regulars
17071,United Kingdom,2011-02-03 08:18:00,2011-11-11 16:31:00,29,9,2429.03,269.89222222222224,1197,8,310,43.55,5.0,1.7613181373302378,True,4,5,5,14,Champions,3,Core Regulars
13949,United Kingdom,2011-09-06 11:55:00,2011-12-07 09:35:00,3,6,2427.32,404.55333333333334,2474,4,95,0.0,0.0,0.0,True,5,5,5,15,Champions,3,Core Regulars
16143,United Kingdom,2010-12-05 15:18:00,2011-12-06 14:13:00,4,6,2424.94,404.1566666666667,919,5,370,5.1,1.0,0.2098730885088311,True,5,5,5,15,Champions,3,Core Regulars
17722,United Kingdom,2010-12-08 12:41:00,2011-09-04 15:22:00,97,4,2424.04,606.01,1595,4,367,43.4,2.0,1.7589080180267807,True,2,4,5,11,At Risk,1,Growth Potential
15089,United Kingdom,2011-08-03 14:14:00,2011-11-29 16:31:00,11,6,2420.84,403.47333333333336,1359,4,129,0.0,0.0,0.0,True,5,5,5,15,Champions,3,Core Regulars
15373,United Kingdom,2010-12-03 14:40:00,2011-12-01 15:05:00,9,12,2415.91,201.32583333333332,500,9,372,202.79999999999998,1.0,7.744271034211501,True,5,5,5,15,Champions,2,High-Value Loyal
12397,Belgium,2011-07-27 14:21:00,2011-11-04 09:52:00,36,2,2409.9,1204.95,1263,2,136,0.0,0.0,0.0,True,3,2,5,10,Occasional,1,Growth Potential
17589,United Kingdom,2011-04-13 13:47:00,2011-10-10 16:58:00,61,4,2404.17,601.0425,1631,4,241,0.0,0.0,0.0,True,3,4,5,12,Loyal,1,Growth Potential
15980,United Kingdom,2011-03-30 15:05:00,2011-09-12 09:41:00,89,3,2398.86,799.62,1560,2,255,0.0,0.0,0.0,True,2,4,5,11,At Risk,1,Growth Potential
18065,United Kingdom,2010-12-10 12:44:00,2011-12-04 10:30:00,6,14,2392.83,170.91642857142855,1027,6,365,12.75,1.0,0.5300177088269773,True,5,5,5,15,Champions,2,High-Value Loyal
13141,United Kingdom,2011-01-28 13:04:00,2011-09-16 09:54:00,85,5,2388.75,477.75,1548,4,316,2.95,1.0,0.12334322866580258,True,2,4,5,11,At Risk,1,Growth Potential
15370,United Kingdom,2011-01-11 11:32:00,2011-10-30 10:58:00,41,7,2386.05,340.86428571428576,830,6,333,25.5,1.0,1.0574112085588105,True,3,5,5,13,Loyal,3,Core Regulars
17530,United Kingdom,2010-12-09 20:01:00,2011-12-08 18:42:00,2,10,2385.0,238.5,1526,8,366,0.0,0.0,0.0,True,5,5,5,15,Champions,2,High-Value Loyal
14493,United Kingdom,2011-07-07 16:59:00,2011-12-02 16:14:00,8,5,2383.2400000000002,476.648,1285,4,156,20.4,2.0,0.8487127856084936,True,5,4,5,14,Champions,3,Core Regulars
14554,United Kingdom,2011-10-18 13:04:00,2011-11-29 16:44:00,11,4,2381.04,595.26,1478,2,53,0.0,0.0,0.0,True,5,4,5,14,Champions,3,Core Regulars
14239,United Kingdom,2011-01-27 14:45:00,2011-10-27 14:40:00,44,11,2380.85,216.4409090909091,993,8,317,57.35,2.0,2.3521450250184563,True,3,5,5,13,Loyal,3,Core Regulars
15270,United Kingdom,2011-02-02 13:25:00,2011-11-24 09:24:00,16,7,2379.49,339.9271428571428,1521,4,311,81.28999999999999,2.0,3.303424117556222,True,4,5,5,14,Champions,3,Core Regulars
13722,United Kingdom,2011-03-02 11:43:00,2011-07-31 12:44:00,132,3,2375.41,791.8033333333333,1401,2,283,6.25,1.0,0.26242200817916916,True,2,3,5,10,At Risk,1,Growth Potential
17434,United Kingdom,2011-09-15 13:54:00,2011-12-07 13:16:00,3,7,2373.82,339.1171428571429,1693,4,86,40.4,2.0,1.6734183297296847,True,5,5,5,15,Champions,3,Core Regulars
14930,Channel Islands,2011-03-10 14:42:00,2011-08-23 10:31:00,109,3,2372.86,790.9533333333334,1166,2,275,0.0,0.0,0.0,True,2,3,5,10,At Risk,1,Growth Potential
13908,United Kingdom,2011-03-08 12:04:00,2011-09-21 11:49:00,80,4,2369.55,592.3875,1478,4,277,22.5,1.0,0.9406157898037247,True,2,4,5,11,At Risk,1,Growth Potential
15755,United Kingdom,2011-02-18 11:53:00,2011-11-29 14:57:00,11,6,2364.25,394.0416666666667,1427,5,295,45.37,2.0,1.8828694980951355,True,5,5,5,15,Champions,3,Core Regulars
12457,Switzerland,2011-04-14 18:57:00,2011-10-04 13:13:00,67,7,2363.23,337.6042857142857,843,3,240,445.45,5.0,15.859763305182506,True,3,5,5,13,Loyal,3,Core Regulars
17634,United Kingdom,2011-01-06 12:45:00,2011-11-03 13:09:00,37,9,2361.9700000000003,262.4411111111111,840,8,338,0.0,0.0,0.0,True,3,5,5,13,Loyal,3,Core Regulars
14030,United Kingdom,2010-12-08 16:11:00,2011-11-21 16:48:00,19,8,2360.09,295.01125,1479,6,367,0.0,0.0,0.0,True,4,5,5,14,Champions,3,Core Regulars
14440,United Kingdom,2010-12-09 12:49:00,2011-12-01 15:42:00,9,5,2357.6800000000003,471.53600000000006,588,5,366,0.0,0.0,0.0,True,5,4,5,14,Champions,3,Core Regulars
15140,United Kingdom,2011-03-20 14:37:00,2011-10-18 14:07:00,53,7,2354.25,336.32142857142856,1572,6,265,4.25,1.0,0.1801992792028832,True,3,5,5,13,Loyal,3,Core Regulars
14309,United Kingdom,2010-12-16 13:05:00,2011-12-01 13:33:00,9,9,2352.53,261.39222222222224,1633,7,359,32.85,1.0,1.3771390721813714,True,5,5,5,15,Champions,3,Core Regulars
12704,Finland,2011-06-23 10:20:00,2011-12-02 13:15:00,8,8,2340.84,292.605,1006,5,170,120.0,2.0,4.876383673867459,True,5,5,5,15,Champions,3,Core Regulars
18259,United Kingdom,2010-12-08 13:38:00,2011-11-15 12:34:00,25,3,2338.6000000000004,779.5333333333334,714,3,367,0.0,0.0,0.0,True,4,4,5,13,Champions,3,Core Regulars
12584,Italy,2011-03-04 15:15:00,2011-12-06 09:35:00,4,9,2338.15,259.7944444444445,416,8,281,444.2,9.0,15.964921738817907,True,5,5,5,15,Champions,2,High-Value Loyal
18257,United Kingdom,2011-02-16 15:13:00,2011-10-31 14:48:00,40,8,2337.63,292.20375,1041,5,297,72.25,4.0,2.998074592925789,True,3,5,5,13,Loyal,3,Core Regulars
17954,United Kingdom,2010-12-03 14:18:00,2011-12-04 14:15:00,6,12,2332.72,194.39333333333332,2234,9,372,37.349999999999994,4.0,1.5759028214356539,True,5,5,5,15,Champions,2,High-Value Loyal
15281,United Kingdom,2011-01-10 15:51:00,2011-10-12 09:10:00,59,9,2332.15,259.1277777777778,1211,6,334,92.2,3.0,3.803081238270052,True,3,5,5,13,Loyal,3,Core Regulars
12782,Portugal,2010-12-17 11:30:00,2011-12-05 09:16:00,5,5,2330.92,466.184,1086,5,358,57.6,1.0,2.4115351765947115,True,5,4,5,14,Champions,3,Core Regulars
15785,United Kingdom,2011-02-17 14:17:00,2011-11-07 11:33:00,33,5,2328.9700000000003,465.79400000000004,1612,4,296,25.22,3.0,1.0712814173877214,True,4,4,5,13,Champions,3,Core Regulars
17313,United Kingdom,2011-11-08 15:45:00,2011-11-08 15:45:00,32,1,2328.84,2328.84,1402,1,32,40.71,1.0,1.7180477305817559,False,4,2,5,11,Potential Loyalists,1,Growth Potential
17744,United Kingdom,2010-12-16 14:17:00,2011-12-06 12:11:00,4,6,2322.4,387.06666666666666,3412,5,359,31.32,1.0,1.330659551688391,True,5,5,5,15,Champions,3,Core Regulars
17211,United Kingdom,2010-12-05 12:44:00,2011-11-13 12:03:00,27,8,2317.2200000000003,289.65250000000003,1323,6,370,17.55,1.0,0.7516800370057863,True,4,5,5,14,Champions,3,Core Regulars
14290,United Kingdom,2010-12-13 10:24:00,2011-11-28 14:02:00,12,5,2314.65,462.93,915,4,362,7.2,1.0,0.3100975515214161,True,5,4,5,14,Champions,3,Core Regulars
15365,United Kingdom,2011-01-28 13:08:00,2011-11-14 08:29:00,26,7,2314.32,330.6171428571429,1084,3,316,983.87,2.0,29.83060405858971,True,4,5,5,14,Champions,3,Core Regulars
13994,United Kingdom,2011-07-14 18:28:00,2011-12-06 11:05:00,4,6,2313.14,385.5233333333333,940,5,149,0.0,0.0,0.0,True,5,5,5,15,Champions,3,Core Regulars
13704,United Kingdom,2011-09-12 14:40:00,2011-12-04 15:13:00,6,9,2308.06,256.4511111111111,1531,4,89,12.75,1.0,0.5493771571132493,True,5,5,5,15,Champions,2,High-Value Loyal
15288,United Kingdom,2010-12-09 13:59:00,2011-10-27 16:58:00,44,5,2306.52,461.304,775,5,366,0.0,0.0,0.0,True,3,4,5,12,Loyal,3,Core Regulars
16735,United Kingdom,2011-01-09 12:53:00,2011-09-22 11:49:00,79,5,2300.56,460.11199999999997,1573,3,335,31.349999999999998,2.0,1.3443915073909372,True,2,4,5,11,At Risk,1,Growth Potential
16550,United Kingdom,2010-12-06 13:53:00,2011-08-23 11:12:00,109,5,2298.97,459.794,1540,4,369,32.72,4.0,1.4032740201313214,True,2,4,5,11,At Risk,1,Growth Potential
15105,United Kingdom,2011-07-28 10:09:00,2011-11-21 16:54:00,19,7,2298.93,328.4185714285714,1211,4,135,0.0,0.0,0.0,True,4,5,5,14,Champions,3,Core Regulars
13115,United Kingdom,2011-06-08 16:15:00,2011-11-28 12:38:00,12,4,2294.78,573.695,1567,3,185,89.15,10.0,3.739623227192073,True,5,4,5,14,Champions,3,Core Regulars
15704,United Kingdom,2011-05-08 12:42:00,2011-07-22 13:35:00,141,4,2293.62,573.405,1028,3,216,0.0,0.0,0.0,True,2,4,5,11,At Risk,1,Growth Potential
12615,France,2011-06-24 13:35:00,2011-12-07 15:02:00,3,4,2291.19,572.7975,1376,4,169,0.0,0.0,0.0,True,5,4,5,14,Champions,3,Core Regulars
13527,United Kingdom,2011-01-17 11:17:00,2011-11-06 12:04:00,34,7,2287.51,326.7871428571429,1692,5,327,23.75,1.0,1.0275780310306932,True,3,5,5,13,Loyal,3,Core Regulars
17696,United Kingdom,2010-12-10 09:51:00,2011-11-01 13:43:00,39,8,2285.71,285.71375,1756,6,365,84.66,6.0,3.5715943080616106,True,3,5,5,13,Loyal,3,Core Regulars
12684,France,2011-05-10 12:55:00,2011-12-02 09:53:00,8,7,2283.63,326.23285714285714,1985,5,214,0.0,0.0,0.0,True,5,5,5,15,Champions,3,Core Regulars
16782,United Kingdom,2010-12-09 11:28:00,2011-11-29 13:20:00,11,13,2279.9,175.37692307692308,712,8,366,37.65,6.0,1.6245604194084269,True,5,5,5,15,Champions,2,High-Value Loyal
13317,United Kingdom,2010-12-16 09:22:00,2011-10-04 13:35:00,67,6,2273.68,378.94666666666666,1035,4,359,133.61,3.0,5.550224526334593,True,3,5,5,13,Loyal,3,Core Regulars
17768,United Kingdom,2011-06-26 13:46:00,2011-12-01 13:22:00,9,3,2273.1800000000003,757.7266666666668,1186,3,167,0.0,0.0,0.0,True,5,4,5,14,Champions,3,Core Regulars
14466,United Kingdom,2010-12-02 13:36:00,2011-11-10 14:07:00,30,7,2272.4,324.62857142857143,1006,7,373,0.0,0.0,0.0,True,4,5,5,14,Champions,3,Core Regulars
13700,United Kingdom,2011-01-16 13:18:00,2011-11-13 13:00:00,27,10,2265.12,226.512,2304,7,328,0.0,0.0,0.0,True,4,5,5,14,Champions,3,Core Regulars
16057,United Kingdom,2011-02-28 10:35:00,2011-11-23 15:23:00,17,7,2263.12,323.30285714285714,863,4,285,122.89999999999999,3.0,5.150836958617279,True,4,5,5,14,Champions,3,Core Regulars
16209,United Kingdom,2011-04-07 12:23:00,2011-09-12 11:58:00,89,5,2262.62,452.524,1179,4,247,0.0,0.0,0.0,True,2,4,5,11,At Risk,1,Growth Potential
14432,United Kingdom,2011-09-11 14:09:00,2011-11-30 08:04:00,10,6,2255.51,375.91833333333335,2070,3,90,0.0,0.0,0.0,True,5,5,5,15,Champions,3,Core Regulars
16293,United Kingdom,2010-12-07 15:02:00,2011-11-18 09:58:00,22,10,2248.9900000000002,224.89900000000003,982,6,368,12.25,2.0,0.5417381613627921,True,4,5,5,14,Champions,3,Core Regulars
17442,United Kingdom,2011-02-22 13:02:00,2011-11-03 09:17:00,37,6,2248.56,374.76,1496,6,291,38.3,4.0,1.6747855137612269,True,3,5,5,13,Loyal,3,Core Regulars
15235,United Kingdom,2010-12-01 17:22:00,2011-05-06 09:44:00,218,12,2247.51,187.29250000000002,1324,5,374,0.0,0.0,0.0,True,1,5,5,11,At Risk,1,Growth Potential
16771,United Kingdom,2011-01-05 13:57:00,2011-11-06 13:28:00,34,5,2246.81,449.36199999999997,1489,5,339,0.0,0.0,0.0,True,3,4,5,12,Loyal,3,Core Regulars
15665,United Kingdom,2011-04-10 15:09:00,2011-06-24 14:57:00,169,2,2242.01,1121.005,1666,2,244,0.0,0.0,0.0,True,2,3,5,10,At Risk,1,Growth Potential
14211,United Kingdom,2011-02-17 15:50:00,2011-10-17 13:23:00,54,9,2241.1,249.0111111111111,1242,5,296,32.8,4.0,1.4424556928624828,True,3,5,5,13,Loyal,3,Core Regulars
16743,United Kingdom,2010-12-16 12:15:00,2011-11-10 13:13:00,30,7,2238.09,319.7271428571429,2047,6,359,46.25,1.0,2.024654823712757,True,4,5,5,14,Champions,3,Core Regulars
14560,United Kingdom,2010-12-17 09:22:00,2011-12-02 15:22:00,8,22,2237.77,101.71681818181818,1260,12,358,63.59,2.0,2.7631487468279623,True,5,5,5,15,Champions,2,High-Value Loyal
14700,United Kingdom,2011-04-15 13:16:00,2011-11-07 14:40:00,33,3,2235.3,745.1,1342,3,239,0.0,0.0,0.0,True,4,3,5,12,Potential Loyalists,3,Core Regulars
16076,United Kingdom,2011-05-15 12:31:00,2011-12-06 14:59:00,4,10,2234.73,223.473,1435,7,209,61.199999999999996,1.0,2.665586494361762,True,5,5,5,15,Champions,2,High-Value Loyal
15834,United Kingdom,2011-03-07 17:52:00,2011-09-30 14:41:00,71,4,2233.75,558.4375,965,3,278,148.85,2.0,6.247376815243851,True,3,4,5,12,Loyal,1,Growth Potential
18242,United Kingdom,2011-05-10 11:20:00,2011-09-28 13:43:00,73,4,2232.4900000000002,558.1225000000001,1017,2,214,0.0,0.0,0.0,True,2,4,5,11,At Risk,1,Growth Potential
14226,United Kingdom,2011-03-15 15:36:00,2011-11-11 11:34:00,29,5,2232.19,446.438,1308,4,270,30.55,2.0,1.3501330245631402,True,4,4,5,13,Champions,3,Core Regulars
14825,United Kingdom,2010-12-06 12:30:00,2011-12-06 11:38:00,4,12,2226.91,185.57583333333332,991,10,369,0.0,0.0,0.0,True,5,5,5,15,Champions,2,High-Value Loyal
17591,United Kingdom,2010-12-07 15:39:00,2011-09-27 13:42:00,74,7,2225.9700000000003,317.9957142857143,1009,7,368,10.95,1.0,0.48951236521645836,True,2,5,5,12,At Risk,3,Core Regulars
12783,Portugal,2011-09-25 15:35:00,2011-12-07 15:56:00,3,6,2225.91,370.98499999999996,624,4,76,622.04,2.0,21.841675591214734,True,5,5,5,15,Champions,3,Core Regulars
13365,United Kingdom,2011-05-06 12:00:00,2011-11-06 12:36:00,34,2,2225.37,1112.685,1247,2,218,34.150000000000006,1.0,1.5113829485908514,True,3,2,5,10,Occasional,1,Growth Potential
15722,United Kingdom,2011-02-22 12:24:00,2011-11-04 11:43:00,36,5,2222.56,444.512,1026,4,291,41.35,1.0,1.8264860352222483,True,3,4,5,12,Loyal,3,Core Regulars
15811,United Kingdom,2010-12-09 15:29:00,2011-11-17 15:31:00,23,6,2218.62,369.77,1071,5,366,47.3,3.0,2.0874523372405025,True,4,5,5,14,Champions,3,Core Regulars
12876,Belgium,2011-05-27 13:34:00,2011-10-13 12:26:00,58,2,2218.02,1109.01,1941,2,197,0.0,0.0,0.0,True,3,2,5,10,Occasional,1,Growth Potential
12653,Israel,2011-02-16 10:53:00,2011-07-14 10:41:00,149,2,2209.85,1104.925,919,2,297,0.0,0.0,0.0,True,2,2,5,9,At Risk,1,Growth Potential
13862,United Kingdom,2011-01-11 15:13:00,2011-11-21 16:24:00,19,8,2209.36,276.17,1688,8,333,22.05,2.0,0.988164434147019,True,4,5,5,14,Champions,3,Core Regulars
15797,United Kingdom,2011-01-24 15:47:00,2011-08-18 17:04:00,114,4,2207.4,551.85,873,4,320,0.0,0.0,0.0,True,2,4,5,11,At Risk,1,Growth Potential
15179,United Kingdom,2011-01-24 13:48:00,2011-11-21 12:53:00,19,5,2206.95,441.39,1938,4,320,20.75,2.0,0.9314539659738744,True,4,4,5,13,Champions,3,Core Regulars
13831,United Kingdom,2010-12-05 12:13:00,2011-11-23 15:41:00,17,6,2202.99,367.16499999999996,745,5,370,0.0,0.0,0.0,True,4,5,5,14,Champions,3,Core Regulars
17406,United Kingdom,2010-12-08 10:35:00,2011-01-10 15:07:00,334,3,2200.42,733.4733333333334,787,2,367,271.7,2.0,10.990566800964356,True,1,4,5,10,At Risk,1,Growth Potential
15123,United Kingdom,2011-05-17 14:57:00,2011-12-02 13:12:00,8,2,2199.31,1099.655,1195,2,207,0.0,0.0,0.0,True,5,3,5,13,Potential Loyalists,3,Core Regulars
16628,United Kingdom,2011-04-19 08:55:00,2011-11-10 12:45:00,30,5,2188.05,437.61,1205,5,235,5.01,1.0,0.22844792208147516,True,4,4,5,13,Champions,3,Core Regulars
15394,United Kingdom,2010-12-16 12:46:00,2011-11-30 11:49:00,10,4,2183.54,545.885,910,4,359,0.0,0.0,0.0,True,5,4,5,14,Champions,3,Core Regulars
14341,United Kingdom,2011-01-25 13:55:00,2011-10-25 15:48:00,46,8,2182.28,272.785,1403,5,319,15.9,1.0,0.723325660318991,True,3,5,5,13,Loyal,3,Core Regulars
12856,United Kingdom,2011-10-07 12:38:00,2011-12-02 10:52:00,8,6,2179.93,363.32166666666666,1079,3,64,17.25,2.0,0.785097261034599,True,5,5,5,15,Champions,3,Core Regulars
12909,United Kingdom,2011-03-31 12:51:00,2011-10-31 12:43:00,40,5,2178.67,435.73400000000004,1280,4,254,49.84,3.0,2.2364719027511653,True,3,4,5,12,Loyal,3,Core Regulars
12501,Germany,2011-01-07 12:28:00,2011-01-07 12:28:00,337,1,2169.39,2169.39,1783,1,337,79.71000000000001,1.0,3.544084300386822,False,1,1,5,7,At Risk,1,Growth Potential
12633,Germany,2011-02-25 08:44:00,2011-10-12 11:40:00,59,4,2163.98,540.995,1162,4,288,23.35,1.0,1.067511532324798,True,3,4,5,12,Loyal,1,Growth Potential
13755,United Kingdom,2011-10-07 15:45:00,2011-12-06 12:26:00,4,9,2161.35,240.14999999999998,1264,3,64,6.67,1.0,0.30765398843184105,True,5,5,5,15,Champions,2,High-Value Loyal
12935,United Kingdom,2011-01-24 13:58:00,2011-12-07 17:25:00,3,7,2160.7,308.6714285714285,1853,6,320,4.25,1.0,0.19630938358853556,True,5,5,5,15,Champions,3,Core Regulars
16456,United Kingdom,2010-12-01 14:11:00,2011-09-01 13:50:00,100,5,2158.37,431.674,1148,5,374,0.0,0.0,0.0,True,2,4,5,11,At Risk,1,Growth Potential
14407,United Kingdom,2011-03-08 11:59:00,2011-08-24 14:02:00,108,6,2157.73,359.62166666666667,1415,4,277,46.65,3.0,2.116241301409013,True,2,5,5,12,At Risk,1,Growth Potential
16379,United Kingdom,2011-09-22 09:33:00,2011-12-05 15:38:00,5,4,2157.4,539.35,1410,3,79,25.5,1.0,1.1681707819872647,True,5,4,5,14,Champions,3,Core Regulars
13224,United Kingdom,2011-07-11 14:10:00,2011-10-10 14:55:00,61,2,2155.95,1077.975,1518,2,152,5.1,1.0,0.23599639064343722,True,3,2,5,10,Occasional,1,Growth Potential
16966,United Kingdom,2011-04-13 14:17:00,2011-12-01 13:40:00,9,7,2154.97,307.8528571428571,1981,6,241,6.5,3.0,0.3007212683960453,True,5,5,5,15,Champions,3,Core Regulars
17272,United Kingdom,2011-03-22 12:05:00,2011-10-28 16:37:00,43,4,2148.63,537.1575,1778,3,263,4.1,1.0,0.19045583979412187,True,3,4,5,12,Loyal,3,Core Regulars
14828,United Kingdom,2011-01-07 09:50:00,2011-05-27 10:16:00,197,3,2139.76,713.2533333333334,2172,3,337,0.0,0.0,0.0,True,1,3,5,9,At Risk,1,Growth Potential
12560,Germany,2011-07-19 15:55:00,2011-12-04 13:54:00,6,3,2134.01,711.3366666666667,1110,3,144,32.620000000000005,1.0,1.5055639403128362,True,5,3,5,13,Potential Loyalists,3,Core Regulars
17400,United Kingdom,2010-12-21 17:16:00,2011-08-05 15:38:00,127,5,2129.96,425.992,1097,4,354,0.0,0.0,0.0,True,2,4,5,11,At Risk,1,Growth Potential
13517,United Kingdom,2011-06-13 08:44:00,2011-10-11 11:43:00,60,3,2128.42,709.4733333333334,1369,3,180,19.35,2.0,0.9009344576002087,True,3,3,5,11,Occasional,1,Growth Potential
14360,United Kingdom,2011-09-06 11:58:00,2011-11-08 09:12:00,32,4,2128.23,532.0575,1151,3,95,0.0,0.0,0.0,True,4,4,5,13,Champions,3,Core Regulars
16407,United Kingdom,2011-01-31 14:02:00,2011-11-27 11:05:00,13,10,2126.93,212.69299999999998,1124,8,313,0.0,0.0,0.0,True,5,5,5,15,Champions,3,Core Regulars
14640,United Kingdom,2011-04-26 12:31:00,2011-11-15 13:07:00,25,6,2125.08,354.18,886,6,228,82.92999999999999,2.0,3.755870670875585,True,4,5,5,14,Champions,3,Core Regulars
15058,United Kingdom,2011-01-31 15:35:00,2011-11-14 14:57:00,26,11,2124.9900000000002,193.18090909090913,1069,8,313,0.0,0.0,0.0,True,4,5,5,14,Champions,3,Core Regulars
13632,United Kingdom,2011-04-10 15:07:00,2011-11-15 10:51:00,25,5,2121.27,424.254,1037,4,244,4.25,1.0,0.19995107079679325,True,4,4,5,13,Champions,3,Core Regulars
18061,United Kingdom,2010-12-08 13:03:00,2011-11-18 11:20:00,22,10,2119.41,211.94099999999997,955,10,367,0.0,0.0,0.0,True,4,5,5,14,Champions,3,Core Regulars
18008,United Kingdom,2011-01-25 12:26:00,2011-09-30 15:17:00,71,9,2116.19,235.13222222222223,1581,5,319,0.0,0.0,0.0,True,3,5,5,13,Loyal,3,Core Regulars
14691,United Kingdom,2011-05-11 09:55:00,2011-11-09 12:30:00,31,5,2114.33,422.866,707,3,213,0.0,0.0,0.0,True,4,4,5,13,Champions,3,Core Regulars
13265,United Kingdom,2011-03-11 09:54:00,2011-10-17 15:02:00,54,5,2107.66,421.532,1752,5,274,0.0,0.0,0.0,True,3,4,5,12,Loyal,3,Core Regulars
18173,United Kingdom,2011-03-10 11:56:00,2011-09-14 11:26:00,87,4,2106.84,526.71,1220,4,275,0.0,0.0,0.0,True,2,4,5,11,At Risk,1,Growth Potential
18093,United Kingdom,2011-02-10 12:15:00,2011-09-07 15:43:00,94,4,2106.52,526.63,1392,3,303,23.1,1.0,1.0847005569068662,True,2,4,5,11,At Risk,1,Growth Potential
14461,United Kingdom,2011-03-23 12:15:00,2011-07-14 17:11:00,149,3,2103.06,701.02,766,3,262,0.0,0.0,0.0,True,2,3,5,10,At Risk,1,Growth Potential
14515,United Kingdom,2011-05-05 12:13:00,2011-11-22 11:37:00,18,6,2102.09,350.34833333333336,1134,4,219,0.0,0.0,0.0,True,4,5,5,14,Champions,3,Core Regulars
17861,United Kingdom,2011-01-24 11:34:00,2011-12-06 16:21:00,4,8,2100.8,262.6,1988,5,320,41.6,1.0,1.941747572815534,True,5,5,5,15,Champions,3,Core Regulars
15815,United Kingdom,2011-03-25 08:43:00,2011-10-07 12:42:00,64,5,2100.6,420.12,1856,5,260,0.0,0.0,0.0,True,3,4,5,12,Loyal,1,Growth Potential
13126,United Kingdom,2010-12-08 11:42:00,2011-12-05 10:00:00,5,8,2099.64,262.455,2143,6,367,43.349999999999994,2.0,2.0228745817759295,True,5,5,5,15,Champions,3,Core Regulars
12610,Italy,2011-08-05 13:52:00,2011-11-17 09:34:00,23,5,2099.54,419.908,1049,3,127,41.55,2.0,1.9406003484206642,True,4,4,5,13,Champions,3,Core Regulars
16875,United Kingdom,2011-01-04 10:37:00,2011-10-03 13:39:00,68,5,2095.53,419.10600000000005,1069,4,340,72.06,4.0,3.324429435455967,True,3,4,5,12,Loyal,1,Growth Potential
17191,United Kingdom,2010-12-06 14:36:00,2011-11-11 16:58:00,29,7,2095.13,299.30428571428575,1167,5,369,0.0,0.0,0.0,True,4,5,5,14,Champions,3,Core Regulars
18283,United Kingdom,2011-01-06 14:14:00,2011-12-06 12:02:00,4,16,2094.88,130.93,1397,10,338,0.0,0.0,0.0,True,5,5,5,15,Champions,2,High-Value Loyal
14306,United Kingdom,2011-09-15 10:31:00,2011-10-19 13:23:00,52,2,2093.32,1046.66,1075,2,86,9.9,1.0,0.4707068209697511,True,3,3,5,11,Occasional,1,Growth Potential
17490,United Kingdom,2011-06-16 09:15:00,2011-12-09 09:08:00,1,7,2092.32,298.90285714285716,1134,4,177,165.44,4.0,7.327616752887817,True,5,5,5,15,Champions,3,Core Regulars
13571,United Kingdom,2011-03-31 12:43:00,2011-11-27 10:47:00,13,12,2092.32,174.36,1759,9,254,0.0,0.0,0.0,True,5,5,5,15,Champions,2,High-Value Loyal
13297,United Kingdom,2011-10-03 15:08:00,2011-12-02 09:32:00,8,4,2089.85,522.4625,963,3,68,0.0,0.0,0.0,True,5,4,5,14,Champions,3,Core Regulars
18044,United Kingdom,2010-12-14 12:25:00,2011-12-05 14:26:00,5,10,2088.6,208.85999999999999,1033,8,361,2.95,1.0,0.14104372355430186,True,5,5,5,15,Champions,2,High-Value Loyal
14810,United Kingdom,2010-12-05 12:08:00,2011-10-30 11:19:00,41,11,2087.88,189.80727272727273,1016,9,370,0.0,0.0,0.0,True,3,5,5,13,Loyal,3,Core Regulars
16954,United Kingdom,2010-12-15 10:41:00,2011-12-09 09:46:00,1,9,2085.08,231.67555555555555,1054,6,360,0.0,0.0,0.0,True,5,5,5,15,Champions,2,High-Value Loyal
18231,United Kingdom,2011-02-24 09:08:00,2011-05-31 14:18:00,193,5,2083.27,416.654,821,4,289,17.1,1.0,0.8141422701714461,True,1,4,5,10,At Risk,1,Growth Potential
14696,United Kingdom,2010-12-01 15:37:00,2011-12-05 13:43:00,5,7,2078.95,296.99285714285713,1630,7,374,7.98,2.0,0.3823798594107134,True,5,5,5,15,Champions,3,Core Regulars
14209,United Kingdom,2011-01-11 12:56:00,2011-11-29 10:18:00,11,6,2073.43,345.57166666666666,691,6,333,6.300000000000001,1.0,0.30292393724185357,True,5,5,5,15,Champions,3,Core Regulars
18241,United Kingdom,2011-05-06 09:22:00,2011-11-30 12:10:00,10,17,2073.09,121.9464705882353,1051,7,218,15.0,1.0,0.7183598408114592,True,5,5,5,15,Champions,2,High-Value Loyal
18219,United Kingdom,2010-12-06 10:05:00,2011-12-07 11:43:00,3,10,2069.77,206.977,885,8,369,50.0,1.0,2.3587464677771646,True,5,5,5,15,Champions,2,High-Value Loyal
14482,United Kingdom,2011-04-14 16:41:00,2011-11-21 13:14:00,19,6,2068.15,344.69166666666666,1646,4,240,0.0,0.0,0.0,True,4,5,5,14,Champions,3,Core Regulars
12948,United Kingdom,2011-03-20 10:17:00,2011-11-23 17:10:00,17,7,2064.95,294.99285714285713,1080,5,265,11.25,1.0,0.5418553125903093,True,4,5,5,14,Champions,3,Core Regulars
12928,United Kingdom,2010-12-15 15:45:00,2011-11-04 14:24:00,36,5,2062.7000000000003,412.5400000000001,1472,5,360,0.0,0.0,0.0,True,3,4,5,12,Loyal,3,Core Regulars
16281,United Kingdom,2011-09-28 14:57:00,2011-09-28 14:57:00,73,1,2062.06,2062.06,934,1,73,0.0,0.0,0.0,False,2,2,5,9,At Risk,1,Growth Potential
14409,United Kingdom,2010-12-06 15:03:00,2011-09-29 18:18:00,72,6,2059.4500000000003,343.24166666666673,1230,5,369,151.20000000000002,1.0,6.839617307126864,True,3,5,5,13,Loyal,1,Growth Potential
12518,Germany,2011-08-21 13:18:00,2011-12-09 10:13:00,1,5,2056.89,411.378,1318,5,111,0.0,0.0,0.0,True,5,4,4,13,Champions,3,Core Regulars
17667,United Kingdom,2011-02-14 09:24:00,2011-10-04 14:32:00,67,5,2055.51,411.10200000000003,1033,4,299,0.0,0.0,0.0,True,3,4,4,11,Loyal,1,Growth Potential
14188,United Kingdom,2011-02-02 13:46:00,2011-11-09 12:45:00,31,6,2054.36,342.3933333333334,1162,6,311,35.45,4.0,1.696326460300219,True,4,5,4,13,Champions,3,Core Regulars
16150,United Kingdom,2010-12-02 18:27:00,2011-10-28 12:39:00,43,5,2053.02,410.604,1047,5,373,146.95,5.0,6.679636540498279,True,3,4,4,11,Loyal,3,Core Regulars
17086,United Kingdom,2011-10-07 11:22:00,2011-12-02 13:54:00,8,6,2050.08,341.68,1859,3,64,0.0,0.0,0.0,True,5,5,4,14,Champions,3,Core Regulars
17612,United Kingdom,2011-02-15 10:40:00,2011-10-17 14:59:00,54,6,2048.45,341.4083333333333,1808,6,298,55.69,4.0,2.646687007518511,True,3,5,4,12,Loyal,3,Core Regulars
14232,United Kingdom,2011-03-20 12:44:00,2011-10-28 11:09:00,43,5,2048.07,409.61400000000003,1941,5,265,4.14,3.0,0.20173374069905123,True,3,4,4,11,Loyal,3,Core Regulars
17625,United Kingdom,2011-03-27 12:21:00,2011-11-21 13:36:00,19,4,2047.0,511.75,1198,4,258,0.0,0.0,0.0,True,4,4,4,12,Champions,3,Core Regulars
13495,United Kingdom,2010-12-06 15:14:00,2011-12-02 11:21:00,8,5,2044.8700000000001,408.97400000000005,829,4,369,54.75,1.0,2.6076147112334613,True,5,4,4,13,Champions,3,Core Regulars
17597,United Kingdom,2011-05-10 11:54:00,2011-05-10 11:54:00,214,1,2044.3700000000001,2044.3700000000001,1176,1,214,0.0,0.0,0.0,False,1,2,4,7,At Risk,1,Growth Potential
17090,United Kingdom,2010-12-20 13:52:00,2011-12-05 13:44:00,5,7,2043.95,291.99285714285713,921,6,355,2.1,1.0,0.10263678795728355,True,5,5,4,14,Champions,3,Core Regulars
13450,United Kingdom,2011-05-05 19:48:00,2011-11-13 11:54:00,27,6,2043.7199999999998,340.61999999999995,1982,5,219,0.0,0.0,0.0,True,4,5,4,13,Champions,3,Core Regulars
14001,United Kingdom,2010-12-01 12:58:00,2011-10-25 10:31:00,46,3,2043.0800000000002,681.0266666666668,962,3,374,12.75,1.0,0.6201874668625325,True,3,3,4,10,Occasional,1,Growth Potential
12585,Germany,2010-12-23 12:58:00,2011-04-19 13:39:00,235,2,2040.1,1020.05,1279,2,352,57.29,2.0,2.731490090064318,True,1,2,4,7,At Risk,1,Growth Potential
13593,United Kingdom,2011-01-07 16:32:00,2011-08-23 13:35:00,109,5,2037.0800000000002,407.41600000000005,731,4,337,46.8,1.0,2.2458106992725106,True,2,4,4,10,At Risk,1,Growth Potential
18069,United Kingdom,2011-01-16 15:50:00,2011-11-13 16:03:00,27,5,2036.67,407.334,1311,5,328,14.850000000000001,2.0,0.7238535329901733,True,4,4,4,12,Champions,3,Core Regulars
17846,United Kingdom,2011-09-15 15:20:00,2011-09-15 15:20:00,86,1,2033.1,2033.1,1,1,86,0.0,0.0,0.0,False,2,2,4,8,At Risk,1,Growth Potential
13630,United Kingdom,2011-02-27 12:49:00,2011-12-04 15:16:00,6,7,2031.78,290.2542857142857,1391,6,286,36.1,4.0,1.7457492697835464,True,5,5,4,14,Champions,3,Core Regulars
16409,United Kingdom,2011-01-26 14:51:00,2011-11-03 16:45:00,37,5,2028.88,405.776,1306,5,318,0.0,0.0,0.0,True,3,4,4,11,Loyal,3,Core Regulars
17337,United Kingdom,2011-02-02 17:06:00,2011-07-11 14:55:00,152,4,2027.8700000000001,506.96750000000003,1269,4,311,83.55000000000001,3.0,3.9570525996722594,True,2,4,4,10,At Risk,1,Growth Potential
16358,United Kingdom,2011-06-08 15:05:00,2011-12-08 15:09:00,2,4,2027.5,506.875,1302,4,185,2.55,1.0,0.12561266963867884,True,5,4,4,13,Champions,3,Core Regulars
14544,United Kingdom,2010-12-13 12:50:00,2011-11-15 15:06:00,25,2,2024.45,1012.225,1543,2,362,0.0,0.0,0.0,True,4,3,4,11,Potential Loyalists,3,Core Regulars
15341,United Kingdom,2011-09-20 09:40:00,2011-09-20 09:40:00,81,1,2020.52,2020.52,812,1,81,0.0,0.0,0.0,False,2,1,4,7,At Risk,1,Growth Potential
14506,United Kingdom,2010-12-05 14:25:00,2011-11-22 13:02:00,18,5,2012.17,402.434,730,5,370,0.0,0.0,0.0,True,4,4,4,12,Champions,3,Core Regulars
15531,United Kingdom,2011-11-09 17:47:00,2011-12-01 18:43:00,9,2,2007.44,1003.72,1105,2,31,0.0,0.0,0.0,True,5,3,4,12,Potential Loyalists,3,Core Regulars
15372,United Kingdom,2011-07-25 16:39:00,2011-07-25 16:39:00,138,1,2007.3999999999999,2007.3999999999999,2924,1,138,0.0,0.0,0.0,False,2,1,4,7,At Risk,1,Growth Potential
16098,United Kingdom,2010-12-01 09:45:00,2011-09-13 09:59:00,88,7,2005.63,286.5185714285714,613,7,374,0.0,0.0,0.0,True,2,5,4,11,At Risk,1,Growth Potential
14730,United Kingdom,2011-03-08 12:49:00,2011-12-08 14:39:00,2,8,2005.06,250.6325,1132,6,277,0.0,0.0,0.0,True,5,5,4,14,Champions,3,Core Regulars
14217,United Kingdom,2010-12-08 13:28:00,2011-12-08 11:53:00,2,17,2004.98,117.94,689,12,367,79.62,7.0,3.8194377818286482,True,5,5,4,14,Champions,2,High-Value Loyal
14462,United Kingdom,2011-01-04 12:45:00,2011-10-04 15:55:00,67,11,2004.02,182.18363636363637,964,9,340,38.120000000000005,4.0,1.866669278306091,True,3,5,4,12,Loyal,3,Core Regulars
17082,United Kingdom,2011-01-25 14:36:00,2011-11-06 15:17:00,34,2,2003.85,1001.925,1049,2,319,0.0,0.0,0.0,True,3,3,4,10,Occasional,1,Growth Potential
16754,United Kingdom,2010-12-02 17:38:00,2010-12-02 17:38:00,373,1,2002.4,2002.4,4280,1,373,0.0,0.0,0.0,False,1,2,4,7,At Risk,1,Growth Potential
15493,United Kingdom,2011-03-14 11:44:00,2011-11-07 12:04:00,33,5,2001.8,400.36,560,4,271,34.55,2.0,1.6966631472978613,True,4,4,4,12,Champions,3,Core Regulars
18188,United Kingdom,2011-02-22 14:43:00,2011-11-24 16:46:00,16,3,2001.04,667.0133333333333,1168,3,291,2.55,1.0,0.12727154757210807,True,4,4,4,12,Champions,3,Core Regulars
13305,United Kingdom,2010-12-02 12:10:00,2011-12-05 15:15:00,5,10,2000.86,200.08599999999998,1232,9,373,0.0,0.0,0.0,True,5,5,4,14,Champions,2,High-Value Loyal
16698,United Kingdom,2011-03-31 13:33:00,2011-04-27 10:52:00,227,2,1998.0,999.0,840,2,254,0.0,0.0,0.0,True,1,3,4,8,At Risk,1,Growth Potential
17827,United Kingdom,2010-12-10 10:18:00,2011-12-04 15:00:00,6,5,1995.46,399.092,1247,3,365,0.0,0.0,0.0,True,5,4,4,13,Champions,3,Core Regulars
18204,United Kingdom,2011-05-31 15:26:00,2011-09-29 16:44:00,72,3,1993.7,664.5666666666667,1200,3,193,14.4,1.0,0.7170957621632388,True,2,4,4,10,At Risk,1,Growth Potential
17679,United Kingdom,2011-09-15 10:35:00,2011-10-18 07:43:00,53,2,1992.1100000000001,996.0550000000001,729,2,86,0.0,0.0,0.0,True,3,3,4,10,Occasional,1,Growth Potential
17088,United Kingdom,2011-03-31 09:48:00,2011-11-11 14:23:00,29,4,1991.01,497.7525,868,4,254,0.0,0.0,0.0,True,4,4,4,12,Champions,3,Core Regulars
13246,United Kingdom,2011-01-13 13:36:00,2011-11-21 16:50:00,19,6,1987.3,331.21666666666664,1602,5,331,65.2,1.0,3.176613885505481,True,4,5,4,13,Champions,3,Core Regulars
13590,United Kingdom,2011-02-09 13:25:00,2011-11-28 12:54:00,12,6,1981.92,330.32,1848,6,304,5.800000000000001,1.0,0.2917916004266195,True,5,5,4,14,Champions,3,Core Regulars
13725,United Kingdom,2011-02-04 12:18:00,2011-10-21 10:03:00,50,8,1980.56,247.57,806,5,309,170.75,3.0,7.93702441768039,True,3,5,4,12,Loyal,3,Core Regulars
17422,United Kingdom,2011-02-16 14:44:00,2011-11-23 13:27:00,17,6,1979.37,329.895,2253,6,297,126.24000000000001,4.0,5.9954122558308525,True,4,5,4,13,Champions,3,Core Regulars
16341,United Kingdom,2011-05-22 13:20:00,2011-11-15 09:12:00,25,4,1971.87,492.9675,1398,3,202,12.49,2.0,0.629422080670846,True,4,4,4,12,Champions,3,Core Regulars
17997,United Kingdom,2011-06-28 17:28:00,2011-09-26 16:13:00,75,8,1970.6699999999998,246.33374999999998,2298,3,165,459.37,4.0,18.903804052608187,True,2,5,4,11,At Risk,3,Core Regulars
12674,France,2011-05-16 09:10:00,2011-11-01 12:12:00,39,4,1970.6,492.65,1133,4,208,51.29,3.0,2.53673543071087,True,3,4,4,11,Loyal,3,Core Regulars
17790,United Kingdom,2010-12-10 10:47:00,2011-11-13 11:30:00,27,14,1965.55,140.39642857142857,836,8,365,0.0,0.0,0.0,True,4,5,4,13,Champions,2,High-Value Loyal
17218,United Kingdom,2010-12-06 15:25:00,2011-12-05 13:52:00,5,10,1960.72,196.072,958,6,369,0.0,0.0,0.0,True,5,5,4,14,Champions,2,High-Value Loyal
15351,United Kingdom,2010-12-05 11:49:00,2011-11-27 12:52:00,13,7,1960.1100000000001,280.0157142857143,753,4,370,97.97,3.0,4.76026199175931,True,5,5,4,14,Champions,3,Core Regulars
14498,United Kingdom,2010-12-13 11:29:00,2011-10-28 12:09:00,43,5,1957.32,391.464,1098,5,362,0.0,0.0,0.0,True,3,4,4,11,Loyal,3,Core Regulars
12853,United Kingdom,2011-01-28 10:28:00,2011-07-28 11:29:00,135,6,1957.1000000000001,326.18333333333334,800,3,316,75.4,3.0,3.7097170971709716,True,2,5,4,11,At Risk,1,Growth Potential
17554,United Kingdom,2011-07-14 20:01:00,2011-12-08 14:15:00,2,5,1952.45,390.49,1763,5,149,0.0,0.0,0.0,True,5,4,4,13,Champions,3,Core Regulars
14533,United Kingdom,2010-12-22 11:07:00,2011-11-15 12:05:00,25,7,1949.72,278.5314285714286,4019,5,353,137.10000000000002,2.0,6.569804774729014,True,4,5,4,13,Champions,3,Core Regulars
14653,United Kingdom,2011-01-05 13:40:00,2011-12-08 13:45:00,2,7,1947.55,278.2214285714286,950,4,339,0.0,0.0,0.0,True,5,5,4,14,Champions,3,Core Regulars
15814,United Kingdom,2011-10-20 09:04:00,2011-11-23 08:17:00,17,4,1945.33,486.3325,1271,2,51,102.6,2.0,5.009936863076375,True,4,4,4,12,Champions,3,Core Regulars
15518,United Kingdom,2011-01-11 12:55:00,2011-10-06 13:05:00,65,8,1942.45,242.80625,1273,5,333,30.56,5.0,1.5489024384062928,True,3,5,4,12,Loyal,3,Core Regulars
14418,United Kingdom,2011-08-23 17:18:00,2011-12-06 11:39:00,4,3,1937.25,645.75,1711,3,109,0.0,0.0,0.0,True,5,3,4,12,Potential Loyalists,3,Core Regulars
14472,United Kingdom,2010-12-19 14:03:00,2011-08-28 11:01:00,104,8,1936.84,242.105,1160,7,356,0.0,0.0,0.0,True,2,5,4,11,At Risk,1,Growth Potential
15864,United Kingdom,2011-01-27 16:43:00,2011-11-17 13:32:00,23,6,1936.3200000000002,322.72,1192,5,317,166.54000000000002,2.0,7.91969032650771,True,4,5,4,13,Champions,3,Core Regulars
15157,United Kingdom,2010-12-16 13:44:00,2011-12-06 11:28:00,4,3,1936.07,645.3566666666667,2392,3,359,66.57,2.0,3.324112171933048,True,5,3,4,12,Potential Loyalists,3,Core Regulars
12528,Germany,2011-01-31 09:05:00,2011-11-30 14:40:00,10,6,1933.48,322.24666666666667,756,6,313,11.2,2.0,0.5759302301664027,True,5,5,4,14,Champions,3,Core Regulars
14655,United Kingdom,2011-05-01 14:59:00,2011-12-01 16:28:00,9,4,1932.23,483.0575,1089,4,223,2.08,1.0,0.10753188475477043,True,5,4,4,13,Champions,3,Core Regulars
14978,United Kingdom,2011-01-13 12:03:00,2011-09-28 13:07:00,73,5,1931.42,386.284,525,4,331,0.0,0.0,0.0,True,2,4,4,10,At Risk,1,Growth Potential
16983,United Kingdom,2010-12-05 12:34:00,2011-11-27 12:10:00,13,7,1931.25,275.89285714285717,1379,6,370,11.049999999999999,1.0,0.5689131442104721,True,5,5,4,14,Champions,3,Core Regulars
13094,United Kingdom,2010-12-06 10:34:00,2011-11-18 14:07:00,22,12,1927.3200000000002,160.61,1716,10,369,218.46,4.0,10.180913234348347,True,4,5,4,13,Champions,2,High-Value Loyal
16942,United Kingdom,2011-04-26 11:59:00,2011-11-27 12:40:00,13,9,1920.59,213.39888888888888,811,5,228,26.479999999999997,1.0,1.3599921933982855,True,5,5,4,14,Champions,3,Core Regulars
15021,United Kingdom,2010-12-08 12:17:00,2011-12-01 11:53:00,9,9,1914.82,212.75777777777776,847,8,367,42.54,4.0,2.173335513140148,True,5,5,4,14,Champions,3,Core Regulars
17368,United Kingdom,2011-01-06 11:57:00,2011-11-16 15:26:00,24,8,1912.67,239.08375,1391,5,338,563.15,1.0,22.745999305280673,True,4,5,4,13,Champions,3,Core Regulars
14285,United Kingdom,2011-06-16 12:36:00,2011-11-18 14:50:00,22,4,1910.01,477.5025,541,3,177,0.0,0.0,0.0,True,4,4,4,12,Champions,3,Core Regulars
16426,United Kingdom,2011-03-08 15:45:00,2011-12-07 14:01:00,3,10,1908.25,190.825,1243,5,277,0.0,0.0,0.0,True,5,5,4,14,Champions,2,High-Value Loyal
17228,United Kingdom,2010-12-02 16:00:00,2011-11-24 10:24:00,16,8,1906.09,238.26125,1532,6,373,0.0,0.0,0.0,True,4,5,4,13,Champions,3,Core Regulars
14210,United Kingdom,2010-12-03 12:43:00,2011-08-26 12:36:00,106,6,1905.8400000000001,317.64000000000004,760,6,372,4.95,1.0,0.2590551551975884,True,2,5,4,11,At Risk,1,Growth Potential
15819,United Kingdom,2011-03-08 09:45:00,2011-10-21 14:50:00,50,4,1905.45,476.3625,1357,4,277,0.0,0.0,0.0,True,3,4,4,11,Loyal,1,Growth Potential
14250,United Kingdom,2011-09-11 13:44:00,2011-12-02 14:30:00,8,3,1904.05,634.6833333333333,1200,2,90,0.0,0.0,0.0,True,5,3,4,12,Potential Loyalists,3,Core Regulars
12762,Portugal,2011-11-14 14:23:00,2011-12-02 10:23:00,8,2,1898.52,949.26,1227,2,26,0.0,0.0,0.0,True,5,2,4,11,Potential Loyalists,3,Core Regulars
17463,United Kingdom,2011-01-30 15:48:00,2011-11-23 13:40:00,17,5,1896.41,379.28200000000004,1095,5,314,15.05,1.0,0.7873562617057118,True,4,4,4,12,Champions,3,Core Regulars
17870,United Kingdom,2010-12-08 08:12:00,2011-12-07 15:07:00,3,12,1894.35,157.86249999999998,1401,7,367,4.95,1.0,0.2606223345443058,True,5,5,4,14,Champions,2,High-Value Loyal
14934,Channel Islands,2011-03-02 11:48:00,2011-09-19 10:10:00,82,2,1890.94,945.47,1042,2,283,2.1,1.0,0.11093267971094113,True,2,3,4,9,At Risk,1,Growth Potential
12371,Switzerland,2011-10-11 10:43:00,2011-10-26 10:16:00,45,2,1887.96,943.98,591,1,60,0.0,0.0,0.0,True,3,2,4,9,Occasional,1,Growth Potential
15641,United Kingdom,2010-12-15 14:45:00,2011-08-26 14:04:00,106,4,1887.2,471.8,1562,3,360,0.0,0.0,0.0,True,2,4,4,10,At Risk,1,Growth Potential
16170,United Kingdom,2011-04-05 13:42:00,2011-10-20 08:21:00,51,6,1885.05,314.175,1770,5,249,4.63,1.0,0.24501502899961897,True,3,5,4,12,Loyal,3,Core Regulars
13890,United Kingdom,2010-12-16 09:31:00,2011-12-08 15:36:00,2,10,1883.8100000000002,188.38100000000003,831,5,359,22.95,4.0,1.2036124105813,True,5,5,4,14,Champions,2,High-Value Loyal
16128,United Kingdom,2011-03-02 12:21:00,2011-11-22 11:14:00,18,5,1880.22,376.044,988,4,283,0.0,0.0,0.0,True,4,4,4,12,Champions,3,Core Regulars
17738,United Kingdom,2011-03-02 16:26:00,2011-11-20 15:05:00,20,4,1879.05,469.7625,1029,3,283,15.7,1.0,0.8286053569072437,True,4,4,4,12,Champions,3,Core Regulars
15367,United Kingdom,2011-03-09 13:53:00,2011-10-13 14:13:00,58,4,1877.59,469.3975,1057,3,276,9.9,1.0,0.5245060900984906,True,3,4,4,11,Loyal,1,Growth Potential
17293,United Kingdom,2010-12-13 14:55:00,2011-12-01 14:37:00,9,9,1875.1100000000001,208.34555555555556,1140,8,362,0.0,0.0,0.0,True,5,5,4,14,Champions,3,Core Regulars
16986,United Kingdom,2011-11-09 15:52:00,2011-11-10 11:55:00,30,2,1873.2,936.6,1040,1,31,0.0,0.0,0.0,True,4,3,4,11,Potential Loyalists,1,Growth Potential
13982,United Kingdom,2010-12-09 13:57:00,2011-10-31 16:24:00,40,4,1871.81,467.9525,1136,4,366,10.7,1.0,0.5683900749531211,True,3,4,4,11,Loyal,3,Core Regulars
16474,United Kingdom,2011-07-17 14:51:00,2011-12-02 13:02:00,8,7,1871.5,267.35714285714283,943,5,146,60.03,4.0,3.1078989195094047,True,5,5,4,14,Champions,3,Core Regulars
17469,United Kingdom,2011-05-19 08:55:00,2011-11-23 13:15:00,17,5,1870.97,374.194,787,5,205,27.91,1.0,1.469813784967981,True,4,4,4,12,Champions,3,Core Regulars
16841,United Kingdom,2011-02-25 12:40:00,2011-11-03 11:51:00,37,6,1869.82,311.63666666666666,2250,5,288,95.2,1.0,4.844734404738883,True,3,5,4,12,Loyal,3,Core Regulars
14524,United Kingdom,2010-12-14 11:01:00,2011-11-08 12:29:00,32,9,1867.68,207.52,676,6,361,0.0,0.0,0.0,True,4,5,4,13,Champions,3,Core Regulars
17787,United Kingdom,2010-12-03 13:43:00,2011-07-10 11:24:00,153,4,1865.19,466.2975,910,4,372,0.0,0.0,0.0,True,2,4,4,10,At Risk,1,Growth Potential
16201,United Kingdom,2011-08-22 10:47:00,2011-12-06 16:02:00,4,4,1863.47,465.8675,1286,4,110,41.95,1.0,2.2016143422447545,True,5,4,4,13,Champions,3,Core Regulars
14887,United Kingdom,2011-09-21 15:32:00,2011-09-21 15:32:00,80,1,1862.0,1862.0,1100,1,80,0.0,0.0,0.0,False,2,1,4,7,At Risk,1,Growth Potential
12423,Belgium,2010-12-21 10:54:00,2011-12-09 10:10:00,1,8,1859.31,232.41375,1339,8,354,10.2,1.0,0.5455975095078389,True,5,5,4,14,Champions,2,High-Value Loyal
17873,United Kingdom,2010-12-01 14:54:00,2011-09-20 16:41:00,81,5,1859.16,371.832,1047,5,374,94.80000000000001,1.0,4.851685807283671,True,2,4,4,10,At Risk,1,Growth Potential
14305,United Kingdom,2011-07-27 14:14:00,2011-09-29 15:29:00,72,3,1858.96,619.6533333333333,1089,3,136,55.2,2.0,2.883771471559326,True,3,3,4,10,Occasional,1,Growth Potential
12963,United Kingdom,2010-12-09 09:14:00,2011-12-01 12:55:00,9,8,1856.63,232.07875,881,5,366,15.6,1.0,0.8332309598713833,True,5,5,4,14,Champions,3,Core Regulars
16979,United Kingdom,2011-02-15 09:20:00,2011-12-06 12:21:00,4,6,1852.0,308.6666666666667,865,5,298,42.95,2.0,2.2665505686165863,True,5,5,4,14,Champions,3,Core Regulars
13421,United Kingdom,2011-02-22 15:46:00,2011-10-30 14:21:00,41,2,1851.08,925.54,1181,2,291,2.1,1.0,0.11331872780841581,True,3,2,4,9,Occasional,1,Growth Potential
12383,Belgium,2010-12-22 14:28:00,2011-06-08 08:02:00,185,5,1850.56,370.11199999999997,1532,5,353,11.25,1.0,0.604250702273594,True,1,4,4,9,At Risk,1,Growth Potential
12381,Norway,2011-08-12 09:57:00,2011-12-05 12:44:00,5,5,1845.31,369.062,808,4,120,41.35,1.0,2.1917038576108046,True,5,4,4,13,Champions,3,Core Regulars
17519,United Kingdom,2010-12-06 15:18:00,2011-11-22 16:43:00,18,6,1844.02,307.33666666666664,1236,6,369,4.949999999999999,1.0,0.26771662060498547,True,4,5,4,13,Champions,3,Core Regulars
18180,United Kingdom,2011-07-20 08:59:00,2011-12-05 08:39:00,5,6,1843.75,307.2916666666667,1721,4,143,0.0,0.0,0.0,True,5,5,4,14,Champions,3,Core Regulars
12950,United Kingdom,2011-11-15 13:48:00,2011-12-07 13:17:00,3,3,1843.0,614.3333333333334,1380,2,25,0.0,0.0,0.0,True,5,3,4,12,Potential Loyalists,3,Core Regulars
17015,United Kingdom,2011-06-07 13:19:00,2011-11-11 10:45:00,29,3,1842.56,614.1866666666666,1981,3,186,0.0,0.0,0.0,True,4,4,4,12,Champions,3,Core Regulars
16102,United Kingdom,2011-08-03 12:50:00,2011-10-28 13:19:00,43,3,1842.14,614.0466666666667,942,3,129,0.0,0.0,0.0,True,3,4,4,11,Loyal,1,Growth Potential
16455,United Kingdom,2010-12-03 16:44:00,2011-10-07 12:17:00,64,7,1841.18,263.0257142857143,988,5,372,0.0,0.0,0.0,True,3,5,4,12,Loyal,3,Core Regulars
14113,United Kingdom,2010-12-20 12:14:00,2011-12-06 12:18:00,4,4,1840.42,460.105,745,4,355,462.5,4.0,20.08319872162298,True,5,4,4,13,Champions,3,Core Regulars
14216,United Kingdom,2011-11-02 10:51:00,2011-12-06 14:56:00,4,4,1839.3,459.825,594,2,38,0.0,0.0,0.0,True,5,4,4,13,Champions,3,Core Regulars
13924,United Kingdom,2011-09-28 15:07:00,2011-12-08 09:39:00,2,6,1838.8500000000001,306.475,1575,4,73,156.77,5.0,7.855703991741915,True,5,5,4,14,Champions,3,Core Regulars
14459,United Kingdom,2011-07-07 13:35:00,2011-07-07 13:35:00,156,1,1837.92,1837.92,760,1,156,0.0,0.0,0.0,False,2,1,4,7,At Risk,1,Growth Potential
18287,United Kingdom,2011-05-22 10:39:00,2011-10-28 09:29:00,43,3,1837.28,612.4266666666666,1586,2,202,0.0,0.0,0.0,True,3,4,4,11,Loyal,1,Growth Potential
13650,United Kingdom,2011-03-17 12:37:00,2011-11-23 12:22:00,17,6,1836.34,306.0566666666667,922,5,268,27.0,1.0,1.449010915882233,True,4,5,4,13,Champions,3,Core Regulars
15827,United Kingdom,2010-12-02 13:06:00,2011-09-27 15:35:00,74,14,1836.0900000000001,131.14928571428572,882,10,373,194.61,6.0,9.583394888462106,True,2,5,4,11,At Risk,3,Core Regulars
13048,United Kingdom,2011-01-16 14:36:00,2011-11-25 13:23:00,15,4,1835.91,458.9775,1238,4,328,30.0,1.0,1.6077945881634161,True,4,4,4,12,Champions,3,Core Regulars
14665,United Kingdom,2011-02-02 09:08:00,2011-10-10 09:14:00,61,5,1835.7,367.14,740,3,311,577.32,2.0,23.925205758758736,True,3,4,4,11,Loyal,1,Growth Potential
16152,United Kingdom,2011-03-16 09:47:00,2011-03-16 09:47:00,269,1,1829.04,1829.04,642,1,269,0.0,0.0,0.0,False,1,2,4,7,At Risk,1,Growth Potential
15203,United Kingdom,2011-02-01 12:29:00,2011-11-14 08:16:00,26,6,1827.8,304.6333333333333,1753,6,312,0.0,0.0,0.0,True,4,5,4,13,Champions,3,Core Regulars
18122,United Kingdom,2011-07-12 11:37:00,2011-12-01 13:08:00,9,6,1826.21,304.36833333333334,1234,5,151,0.0,0.0,0.0,True,5,5,4,14,Champions,3,Core Regulars
17702,United Kingdom,2011-05-17 16:23:00,2011-11-09 16:03:00,31,4,1824.37,456.0925,1353,4,207,104.65,2.0,5.425034473463209,True,4,4,4,12,Champions,3,Core Regulars
16153,United Kingdom,2010-12-20 09:22:00,2011-10-21 10:50:00,50,5,1824.23,364.846,1073,5,355,0.0,0.0,0.0,True,3,4,4,11,Loyal,3,Core Regulars
17705,United Kingdom,2011-02-11 10:57:00,2011-12-06 13:45:00,4,9,1823.52,202.61333333333334,963,8,302,42.4,1.0,2.272337506431144,True,5,5,4,14,Champions,3,Core Regulars
16169,United Kingdom,2011-09-25 11:33:00,2011-12-01 15:28:00,9,4,1822.97,455.7425,1325,4,76,0.0,0.0,0.0,True,5,4,4,13,Champions,3,Core Regulars
17828,Malta,2011-06-08 08:31:00,2011-11-17 08:41:00,23,4,1820.09,455.0225,667,3,185,220.12,5.0,10.789085437283417,True,4,4,4,12,Champions,3,Core Regulars
17629,United Kingdom,2010-12-15 09:58:00,2011-12-04 10:56:00,6,8,1814.12,226.765,1629,8,360,30.0,1.0,1.626792182721298,True,5,5,4,14,Champions,3,Core Regulars
15260,United Kingdom,2010-12-02 12:09:00,2011-08-31 13:55:00,101,7,1810.77,258.68142857142857,885,6,373,30.0,1.0,1.629752766505321,True,2,5,4,11,At Risk,1,Growth Potential
13481,United Kingdom,2011-03-28 09:07:00,2011-10-25 09:07:00,46,5,1804.56,360.912,1142,4,257,27.75,3.0,1.5144817197963227,True,3,4,4,11,Loyal,3,Core Regulars
17663,United Kingdom,2011-02-25 14:11:00,2011-11-14 08:56:00,26,7,1802.91,257.55857142857144,797,6,288,14.64,2.0,0.8054799042667327,True,4,5,4,13,Champions,3,Core Regulars
15812,United Kingdom,2011-01-26 12:12:00,2011-08-24 14:19:00,108,5,1801.14,360.228,922,5,318,0.0,0.0,0.0,True,2,4,4,10,At Risk,1,Growth Potential
16249,United Kingdom,2011-04-14 13:50:00,2011-10-18 10:07:00,53,5,1800.07,360.014,950,5,240,0.0,0.0,0.0,True,3,4,4,11,Loyal,3,Core Regulars
13562,United Kingdom,2011-04-08 12:42:00,2011-09-19 10:51:00,82,3,1799.33,599.7766666666666,757,3,246,0.0,0.0,0.0,True,2,3,4,9,At Risk,1,Growth Potential
13196,United Kingdom,2011-03-22 14:24:00,2011-11-28 13:54:00,12,4,1797.78,449.445,1224,3,263,0.0,0.0,0.0,True,5,4,4,13,Champions,3,Core Regulars
17750,United Kingdom,2011-06-28 15:44:00,2011-12-04 14:09:00,6,9,1797.57,199.73,3957,7,165,0.0,0.0,0.0,True,5,5,4,14,Champions,3,Core Regulars
17648,United Kingdom,2011-04-04 10:29:00,2011-10-10 09:41:00,61,4,1797.5,449.375,487,3,250,7.95,1.0,0.4403334348777313,True,3,4,4,11,Loyal,1,Growth Potential
12348,Finland,2010-12-16 19:09:00,2011-09-25 13:13:00,76,4,1797.24,449.31,2341,4,359,0.0,0.0,0.0,True,2,4,4,10,At Risk,1,Growth Potential
18235,United Kingdom,2011-05-06 13:35:00,2011-09-29 08:27:00,72,3,1796.48,598.8266666666667,1578,3,218,0.0,0.0,0.0,True,2,4,4,10,At Risk,1,Growth Potential
13134,United Kingdom,2011-04-13 12:57:00,2011-09-15 10:35:00,86,4,1793.58,448.395,1059,3,241,52.95,3.0,2.8675407385745153,True,2,4,4,10,At Risk,1,Growth Potential
18179,United Kingdom,2011-01-07 14:22:00,2011-11-30 16:23:00,10,6,1793.17,298.8616666666667,1360,5,337,0.0,0.0,0.0,True,5,5,4,14,Champions,3,Core Regulars
13510,United Kingdom,2011-06-09 09:32:00,2011-12-08 13:46:00,2,4,1791.56,447.89,1386,4,184,6.4,1.0,0.35595897572804736,True,5,4,4,13,Champions,3,Core Regulars
16719,United Kingdom,2010-12-06 12:06:00,2011-11-25 09:27:00,15,7,1790.42,255.77428571428572,1204,7,369,16.5,1.0,0.9131560888141146,True,4,5,4,13,Champions,3,Core Regulars
12523,France,2011-01-12 09:43:00,2011-11-20 12:55:00,20,11,1789.77,162.70636363636365,865,9,332,44.2,2.0,2.4100721385846007,True,4,5,4,13,Champions,3,Core Regulars
14215,United Kingdom,2010-12-06 15:34:00,2011-11-28 12:19:00,12,6,1789.72,298.2866666666667,1358,5,369,11.8,1.0,0.6550024423819886,True,5,5,4,14,Champions,3,Core Regulars
14621,United Kingdom,2010-12-16 13:00:00,2011-12-08 16:22:00,2,5,1788.3600000000001,357.672,993,5,359,22.6,1.0,1.247956884746212,True,5,4,4,13,Champions,3,Core Regulars
13875,United Kingdom,2011-02-11 15:39:00,2011-10-17 09:36:00,54,5,1786.79,357.358,1316,5,302,0.0,0.0,0.0,True,3,4,4,11,Loyal,3,Core Regulars
14608,United Kingdom,2010-12-12 14:49:00,2011-12-05 16:52:00,5,4,1785.15,446.2875,437,4,363,0.0,0.0,0.0,True,5,4,4,13,Champions,3,Core Regulars
14935,Channel Islands,2011-02-15 14:44:00,2011-02-15 14:44:00,298,1,1784.71,1784.71,935,1,298,0.0,0.0,0.0,False,1,1,4,6,At Risk,1,Growth Potential
15050,United Kingdom,2011-09-29 13:22:00,2011-11-14 16:17:00,26,3,1782.09,594.03,1224,2,72,54.919999999999995,2.0,2.9896407749549536,True,4,3,4,11,Potential Loyalists,3,Core Regulars
16380,United Kingdom,2011-10-09 15:40:00,2011-10-09 15:40:00,62,1,1780.59,1780.59,1524,1,62,0.0,0.0,0.0,False,3,2,4,9,Occasional,1,Growth Potential
15220,United Kingdom,2011-03-04 10:24:00,2011-10-19 12:39:00,52,6,1778.96,296.49333333333334,1393,6,281,20.04,1.0,1.113952195664258,True,3,5,4,12,Loyal,3,Core Regulars
17092,United Kingdom,2011-03-07 14:51:00,2011-10-20 19:51:00,51,4,1777.78,444.445,1131,4,278,0.0,0.0,0.0,True,3,4,4,11,Loyal,1,Growth Potential
12645,Germany,2011-01-27 13:08:00,2011-11-06 12:38:00,34,4,1775.18,443.795,1084,4,317,19.799999999999997,1.0,1.1030763573967397,True,3,4,4,11,Loyal,3,Core Regulars
17754,United Kingdom,2011-03-24 13:54:00,2011-12-09 11:20:00,1,5,1772.26,354.452,1869,5,261,32.34,1.0,1.7920868890612882,True,5,4,4,13,Champions,3,Core Regulars
15594,United Kingdom,2011-04-19 10:08:00,2011-11-24 08:53:00,16,5,1771.78,354.356,983,3,235,4.25,1.0,0.2392977596099165,True,4,4,4,12,Champions,3,Core Regulars
15473,United Kingdom,2011-10-10 11:12:00,2011-11-25 15:15:00,15,7,1771.2,253.02857142857144,672,2,61,306.0,3.0,14.731369150779898,True,4,5,4,13,Champions,3,Core Regulars
17813,United Kingdom,2011-09-29 15:57:00,2011-11-25 16:13:00,15,5,1770.8799999999999,354.176,790,3,72,56.28,2.0,3.080190021672979,True,4,4,4,12,Champions,3,Core Regulars
14387,United Kingdom,2011-08-22 14:13:00,2011-11-07 12:29:00,33,3,1770.56,590.1866666666666,819,3,110,0.0,0.0,0.0,True,4,3,4,11,Potential Loyalists,3,Core Regulars
16681,United Kingdom,2011-03-31 13:46:00,2011-09-28 11:11:00,73,6,1770.34,295.0566666666667,1407,5,254,0.0,0.0,0.0,True,2,5,4,11,At Risk,1,Growth Potential
13456,United Kingdom,2011-05-16 15:34:00,2011-11-22 09:18:00,18,6,1766.72,294.4533333333333,765,5,208,28.9,1.0,1.609471937269578,True,4,5,4,13,Champions,3,Core Regulars
15950,United Kingdom,2010-12-15 11:56:00,2011-11-08 11:09:00,32,4,1765.51,441.3775,729,4,360,60.25,1.0,3.2999956182630794,True,4,4,4,12,Champions,3,Core Regulars
16751,United Kingdom,2011-11-09 10:48:00,2011-11-09 10:48:00,31,1,1764.72,1764.72,1031,1,31,0.0,0.0,0.0,False,4,2,4,10,Potential Loyalists,1,Growth Potential
12424,Australia,2011-06-30 12:06:00,2011-06-30 12:06:00,163,2,1760.96,880.48,740,1,163,0.0,0.0,0.0,True,2,2,4,8,At Risk,1,Growth Potential
12823,United Kingdom,2011-02-16 12:15:00,2011-09-26 07:35:00,75,5,1759.5,351.9,230,4,297,0.0,0.0,0.0,True,2,4,4,10,At Risk,1,Growth Potential
12349,Italy,2011-11-21 09:51:00,2011-11-21 09:51:00,19,1,1757.55,1757.55,631,1,19,0.0,0.0,0.0,False,4,1,4,9,Occasional,4,Recent Starters
15241,United Kingdom,2011-03-01 11:02:00,2011-10-04 09:05:00,67,8,1756.44,219.555,1818,7,284,17.85,1.0,1.006036217303823,True,3,5,4,12,Loyal,3,Core Regulars
16359,United Kingdom,2011-01-12 10:49:00,2011-12-02 17:04:00,8,9,1750.92,194.54666666666668,1183,9,332,290.55,3.0,14.232391365045777,True,5,5,4,14,Champions,3,Core Regulars
13564,United Kingdom,2010-12-06 17:26:00,2011-07-18 14:33:00,145,3,1749.02,583.0066666666667,661,2,369,1101.28,2.0,38.63733642072764,True,2,3,4,9,At Risk,1,Growth Potential
13808,United Kingdom,2011-09-04 12:07:00,2011-12-04 12:18:00,6,5,1747.66,349.53200000000004,782,3,97,0.0,0.0,0.0,True,5,4,4,13,Champions,3,Core Regulars
15067,United Kingdom,2011-03-02 12:10:00,2011-09-22 13:20:00,79,3,1744.76,581.5866666666667,954,2,283,0.0,0.0,0.0,True,2,3,4,9,At Risk,1,Growth Potential
13157,United Kingdom,2011-02-14 14:03:00,2011-10-21 13:50:00,50,4,1741.22,435.305,1439,4,299,19.65,1.0,1.115925650388728,True,3,4,4,11,Loyal,1,Growth Potential
14595,United Kingdom,2011-01-30 13:36:00,2011-11-20 12:12:00,20,6,1740.6,290.09999999999997,978,4,314,0.0,0.0,0.0,True,4,5,4,13,Champions,3,Core Regulars
17930,United Kingdom,2011-04-14 15:46:00,2011-11-04 10:23:00,36,5,1740.48,348.096,1594,5,240,0.0,0.0,0.0,True,3,4,4,11,Loyal,3,Core Regulars
17353,United Kingdom,2011-07-08 16:17:00,2011-08-02 17:19:00,130,2,1740.0,870.0,1200,2,155,0.0,0.0,0.0,True,2,3,4,9,At Risk,1,Growth Potential
17457,United Kingdom,2011-01-04 14:33:00,2011-08-05 12:48:00,127,5,1737.7,347.54,826,5,340,0.0,0.0,0.0,True,2,4,4,10,At Risk,1,Growth Potential
14673,United Kingdom,2010-12-07 12:49:00,2011-12-06 14:31:00,4,5,1736.4,347.28000000000003,1004,3,368,0.0,0.0,0.0,True,5,4,4,13,Champions,3,Core Regulars
17043,United Kingdom,2011-03-18 14:53:00,2011-11-07 15:33:00,33,4,1735.18,433.795,998,4,267,0.0,0.0,0.0,True,3,4,4,11,Loyal,3,Core Regulars
16791,United Kingdom,2011-01-11 15:42:00,2011-11-10 19:12:00,30,7,1721.78,245.96857142857144,763,6,333,15.5,1.0,0.8921993000552588,True,4,5,4,13,Champions,3,Core Regulars
17451,United Kingdom,2011-08-26 11:54:00,2011-12-08 15:02:00,2,7,1721.4,245.91428571428574,1203,5,106,72.45,3.0,4.0387992307049085,True,5,5,4,14,Champions,3,Core Regulars
14834,United Kingdom,2011-04-13 15:00:00,2011-11-22 10:30:00,18,6,1720.3,286.71666666666664,734,5,241,21.95,2.0,1.2598651169464772,True,4,5,4,13,Champions,3,Core Regulars
15267,United Kingdom,2011-06-10 10:24:00,2011-11-17 15:59:00,23,5,1717.36,343.472,944,4,183,0.0,0.0,0.0,True,4,4,4,12,Champions,3,Core Regulars
17162,United Kingdom,2011-02-07 12:27:00,2011-11-11 11:34:00,29,10,1715.46,171.546,1001,6,306,8.25,1.0,0.47861879318446837,True,4,5,4,13,Champions,3,Core Regulars
13763,United Kingdom,2011-10-07 15:13:00,2011-10-07 15:13:00,64,1,1714.96,1714.96,728,1,64,25.5,2.0,1.4651299081851923,False,3,1,4,8,Occasional,1,Growth Potential
17147,United Kingdom,2011-02-01 09:36:00,2011-11-17 12:32:00,23,4,1714.59,428.6475,882,4,312,34.95,2.0,1.997667958434789,True,4,4,4,12,Champions,3,Core Regulars
14441,United Kingdom,2011-03-29 12:01:00,2011-12-09 09:07:00,1,4,1712.89,428.2225,446,4,256,167.75,6.0,8.919835800578525,True,5,4,4,13,Champions,3,Core Regulars
12405,Finland,2011-07-14 08:52:00,2011-07-14 08:52:00,149,1,1710.39,1710.39,857,1,149,0.0,0.0,0.0,False,2,1,4,7,At Risk,1,Growth Potential
15947,United Kingdom,2011-09-18 10:46:00,2011-09-18 10:46:00,83,1,1708.24,1708.24,898,1,83,0.0,0.0,0.0,False,2,2,4,8,At Risk,1,Growth Potential
12407,Belgium,2011-03-20 13:21:00,2011-10-21 10:11:00,50,5,1708.1200000000001,341.624,1416,4,265,0.0,0.0,0.0,True,3,4,4,11,Loyal,3,Core Regulars
16902,United Kingdom,2011-08-15 14:17:00,2011-08-15 14:17:00,117,1,1706.88,1706.88,629,1,117,0.0,0.0,0.0,False,2,2,4,8,At Risk,1,Growth Potential
15240,United Kingdom,2011-02-01 08:23:00,2011-10-26 09:50:00,45,5,1706.57,341.31399999999996,1369,5,312,21.0,2.0,1.2155802659226544,True,3,4,4,11,Loyal,3,Core Regulars
16398,United Kingdom,2011-03-31 09:38:00,2011-07-08 15:16:00,155,2,1705.8,852.9,758,2,254,74.65,2.0,4.192760257238339,True,2,3,4,9,At Risk,1,Growth Potential
17282,United Kingdom,2011-02-13 11:36:00,2011-08-01 14:29:00,131,3,1703.41,567.8033333333334,1877,3,300,0.0,0.0,0.0,True,2,4,4,10,At Risk,1,Growth Potential
12843,United Kingdom,2011-03-20 14:38:00,2011-10-05 12:09:00,66,8,1702.26,212.7825,781,5,265,21.5,1.0,1.2472734023297907,True,3,5,4,12,Loyal,3,Core Regulars
16007,United Kingdom,2011-05-08 13:32:00,2011-10-23 11:05:00,48,4,1701.94,425.485,1393,3,216,0.0,0.0,0.0,True,3,4,4,11,Loyal,1,Growth Potential
13184,United Kingdom,2011-02-22 17:25:00,2011-11-25 12:02:00,15,10,1701.29,170.129,1692,6,291,52.5,2.0,2.9935168976901454,True,4,5,4,13,Champions,3,Core Regulars
17193,United Kingdom,2011-06-16 10:04:00,2011-11-04 12:47:00,36,7,1699.3000000000002,242.7571428571429,1254,4,177,24.84,2.0,1.4407182711380746,True,3,5,4,12,Loyal,3,Core Regulars
13824,United Kingdom,2011-02-02 13:07:00,2011-11-07 12:41:00,33,5,1698.94,339.788,768,5,311,0.0,0.0,0.0,True,4,4,4,12,Champions,3,Core Regulars
16775,United Kingdom,2010-12-07 15:15:00,2011-11-29 15:22:00,11,11,1695.66,154.1509090909091,440,10,368,0.0,0.0,0.0,True,5,5,4,14,Champions,3,Core Regulars
12764,Lebanon,2011-01-27 10:19:00,2011-01-27 10:19:00,317,1,1693.88,1693.88,386,1,317,0.0,0.0,0.0,False,1,1,4,6,At Risk,1,Growth Potential
14245,United Kingdom,2011-03-21 10:41:00,2011-05-04 08:40:00,220,2,1693.45,846.725,976,2,264,15.97,3.0,0.9342350036854605,True,1,3,4,8,At Risk,1,Growth Potential
15549,United Kingdom,2011-01-27 15:38:00,2011-09-23 16:22:00,78,3,1693.26,564.42,698,3,317,37.5,1.0,2.1666782222838523,True,2,3,4,9,At Risk,1,Growth Potential
16813,United Kingdom,2011-05-19 13:28:00,2011-12-01 14:03:00,9,10,1692.98,169.298,1525,7,205,0.0,0.0,0.0,True,5,5,4,14,Champions,3,Core Regulars
16671,United Kingdom,2011-06-28 11:20:00,2011-11-11 13:40:00,29,3,1692.27,564.09,875,2,165,0.0,0.0,0.0,True,4,4,4,12,Champions,3,Core Regulars
15380,United Kingdom,2010-12-09 15:01:00,2011-12-01 12:13:00,9,5,1690.2600000000002,338.052,376,5,366,7.9,1.0,0.46520940311866954,True,5,4,4,13,Champions,3,Core Regulars
17152,United Kingdom,2011-03-21 16:20:00,2011-05-29 12:19:00,195,3,1689.5,563.1666666666666,517,2,264,186.0,1.0,9.917355371900827,True,1,4,4,9,At Risk,1,Growth Potential
12635,Germany,2011-07-08 08:43:00,2011-09-11 11:04:00,90,2,1689.18,844.59,1172,2,155,0.0,0.0,0.0,True,2,2,4,8,At Risk,1,Growth Potential
13162,United Kingdom,2011-01-09 10:43:00,2011-08-09 15:59:00,123,4,1688.29,422.0725,1713,4,335,43.3,1.0,2.500591941510404,True,2,4,4,10,At Risk,1,Growth Potential
13577,United Kingdom,2011-04-12 10:33:00,2011-11-14 15:19:00,26,4,1687.6000000000001,421.90000000000003,791,4,242,29.3,1.0,1.706564156328266,True,4,4,4,12,Champions,3,Core Regulars
16638,United Kingdom,2010-12-06 10:19:00,2011-11-17 11:09:00,23,10,1680.72,168.072,1255,7,369,4.25,1.0,0.2522300100298522,True,4,5,4,13,Champions,3,Core Regulars
13647,United Kingdom,2011-04-19 09:49:00,2011-11-30 12:00:00,10,4,1678.1200000000001,419.53000000000003,895,4,235,7.9,1.0,0.4685590918257197,True,5,4,4,13,Champions,3,Core Regulars
13149,United Kingdom,2011-02-23 13:57:00,2011-11-25 13:09:00,15,4,1676.06,419.015,1280,4,290,0.0,0.0,0.0,True,4,4,4,12,Champions,3,Core Regulars
17656,United Kingdom,2011-08-03 10:45:00,2011-09-27 13:04:00,74,5,1674.69,334.938,1399,2,129,0.0,0.0,0.0,True,2,4,4,10,At Risk,1,Growth Potential
16115,United Kingdom,2011-02-20 12:14:00,2011-11-30 11:32:00,10,8,1667.97,208.49625,1001,8,293,0.0,0.0,0.0,True,5,5,4,14,Champions,3,Core Regulars
12912,United Kingdom,2011-10-30 11:35:00,2011-12-07 08:55:00,3,5,1662.3,332.46,670,3,41,0.0,0.0,0.0,True,5,4,4,13,Champions,3,Core Regulars
12530,Germany,2011-01-07 10:04:00,2011-10-11 12:34:00,60,4,1662.28,415.57,913,4,337,38.650000000000006,1.0,2.2722863374742053,True,3,4,4,11,Loyal,1,Growth Potential
13012,United Kingdom,2011-02-18 09:43:00,2011-11-30 13:05:00,10,8,1661.8400000000001,207.73000000000002,824,5,295,350.22,3.0,17.406041569336896,True,5,5,4,14,Champions,3,Core Regulars
15214,United Kingdom,2011-04-11 09:46:00,2011-12-08 12:07:00,2,8,1661.44,207.68,1254,6,243,0.0,0.0,0.0,True,5,5,4,14,Champions,3,Core Regulars
15024,United Kingdom,2010-12-07 13:20:00,2011-11-30 12:06:00,10,10,1661.33,166.13299999999998,920,5,368,0.0,0.0,0.0,True,5,5,4,14,Champions,3,Core Regulars
15332,Lithuania,2010-12-05 12:00:00,2010-12-08 14:43:00,367,4,1661.06,415.265,652,1,370,0.0,0.0,0.0,True,1,4,4,9,At Risk,1,Growth Potential
12967,United Kingdom,2010-12-03 09:49:00,2010-12-16 19:10:00,359,2,1660.9,830.45,438,1,372,466.15,2.0,21.91532874168449,True,1,2,4,7,At Risk,1,Growth Potential
14045,United Kingdom,2010-12-01 11:32:00,2011-08-22 15:27:00,110,4,1659.75,414.9375,535,3,374,0.0,0.0,0.0,True,2,4,4,10,At Risk,1,Growth Potential
15953,United Kingdom,2010-12-05 15:15:00,2011-11-24 15:32:00,16,8,1659.3799999999999,207.42249999999999,892,6,370,24.849999999999998,2.0,1.4754516900898336,True,4,5,4,13,Champions,3,Core Regulars
15826,United Kingdom,2011-05-13 10:44:00,2011-10-14 16:05:00,57,3,1654.31,551.4366666666666,963,2,211,4.95,1.0,0.29832575967600017,True,3,4,4,11,Loyal,1,Growth Potential
14573,United Kingdom,2010-12-02 19:59:00,2011-06-13 11:15:00,180,9,1653.42,183.71333333333334,544,5,373,49.699999999999996,4.0,2.918173704730142,True,1,5,4,10,At Risk,1,Growth Potential
17284,United Kingdom,2011-01-07 14:31:00,2011-10-10 14:38:00,61,6,1652.58,275.43,1364,5,337,10.9,1.0,0.6552528434366509,True,3,5,4,12,Loyal,3,Core Regulars
16711,United Kingdom,2010-12-17 12:43:00,2011-12-06 16:32:00,4,5,1651.03,330.206,833,5,358,0.0,0.0,0.0,True,5,4,4,13,Champions,3,Core Regulars
14837,United Kingdom,2011-05-22 12:49:00,2011-09-11 10:58:00,90,4,1649.5,412.375,1436,4,202,8.3,1.0,0.5006635299794909,True,2,4,4,10,At Risk,1,Growth Potential
13750,United Kingdom,2011-01-07 11:49:00,2011-10-17 12:16:00,54,5,1647.26,329.452,516,5,337,0.0,0.0,0.0,True,3,4,4,11,Loyal,1,Growth Potential
12657,France,2011-09-22 11:40:00,2011-11-28 15:47:00,12,4,1643.18,410.795,1044,3,79,491.12,1.0,23.010823220728106,True,5,4,4,13,Champions,3,Core Regulars
15002,United Kingdom,2010-12-07 13:16:00,2011-08-16 10:44:00,116,4,1641.76,410.44,862,4,368,0.0,0.0,0.0,True,2,4,4,10,At Risk,1,Growth Potential
13627,United Kingdom,2010-12-17 09:52:00,2011-10-11 14:20:00,60,5,1638.47,327.694,1269,5,358,14.45,2.0,0.8742104881058974,True,3,4,4,11,Loyal,1,Growth Potential
12398,Switzerland,2011-10-25 10:27:00,2011-10-25 10:27:00,46,1,1635.6599999999999,1635.6599999999999,1394,1,46,0.0,0.0,0.0,False,3,1,4,8,Occasional,1,Growth Potential
15122,United Kingdom,2011-02-15 09:59:00,2011-08-17 16:48:00,115,3,1633.78,544.5933333333334,800,3,298,21.650000000000002,3.0,1.307817304265357,True,2,3,4,9,At Risk,1,Growth Potential
14164,United Kingdom,2011-09-20 12:18:00,2011-09-30 12:24:00,71,2,1631.77,815.885,1033,1,81,0.0,0.0,0.0,True,3,3,4,10,Occasional,1,Growth Potential
17673,United Kingdom,2011-01-23 15:16:00,2011-12-08 12:50:00,2,6,1629.12,271.52,1487,5,321,6.9,1.0,0.42175523526607256,True,5,5,4,14,Champions,3,Core Regulars
12377,Switzerland,2010-12-20 09:37:00,2011-01-28 15:45:00,316,2,1628.12,814.06,944,2,355,0.0,0.0,0.0,True,1,2,4,7,At Risk,1,Growth Potential
16515,United Kingdom,2011-02-01 13:09:00,2011-10-18 13:10:00,53,5,1627.13,325.42600000000004,833,5,312,0.0,0.0,0.0,True,3,4,4,11,Loyal,3,Core Regulars
14759,United Kingdom,2011-04-21 10:55:00,2011-12-05 12:03:00,5,3,1625.97,541.99,569,3,233,0.0,0.0,0.0,True,5,3,4,12,Potential Loyalists,3,Core Regulars
16987,United Kingdom,2011-05-18 15:55:00,2011-12-06 17:26:00,4,7,1625.05,232.15,402,4,206,0.0,0.0,0.0,True,5,5,4,14,Champions,3,Core Regulars
13425,United Kingdom,2011-02-18 08:34:00,2011-08-23 17:13:00,109,3,1624.21,541.4033333333333,1123,3,295,0.0,0.0,0.0,True,2,3,4,9,At Risk,1,Growth Potential
15172,United Kingdom,2011-04-17 11:56:00,2011-12-01 11:51:00,9,5,1624.05,324.81,1611,5,237,0.0,0.0,0.0,True,5,4,4,13,Champions,3,Core Regulars
14937,Channel Islands,2011-08-01 14:16:00,2011-10-14 12:29:00,57,3,1621.88,540.6266666666667,484,2,131,4.25,1.0,0.26135671809756905,True,3,3,4,10,Occasional,1,Growth Potential
17101,United Kingdom,2011-06-14 14:49:00,2011-11-29 13:57:00,11,4,1621.73,405.4325,815,3,179,0.0,0.0,0.0,True,5,4,4,13,Champions,3,Core Regulars
14178,United Kingdom,2011-06-10 12:51:00,2011-12-01 12:01:00,9,7,1620.93,231.5614285714286,1505,6,183,0.0,0.0,0.0,True,5,5,4,14,Champions,3,Core Regulars
16801,United Kingdom,2011-03-11 13:56:00,2011-06-29 15:33:00,164,4,1619.73,404.9325,499,3,274,751.9,1.0,31.70393358154518,True,2,4,4,10,At Risk,1,Growth Potential
18161,United Kingdom,2011-01-24 11:56:00,2011-11-24 16:40:00,16,5,1618.69,323.738,812,5,320,5.9,1.0,0.36316855329652403,True,4,4,4,12,Champions,3,Core Regulars
14336,United Kingdom,2011-03-08 16:48:00,2011-11-23 11:40:00,17,4,1614.91,403.7275,1759,3,277,0.0,0.0,0.0,True,4,4,4,12,Champions,3,Core Regulars
16992,United Kingdom,2011-02-28 10:37:00,2011-11-29 11:50:00,11,5,1614.31,322.86199999999997,860,4,285,12.45,1.0,0.7653249403722737,True,5,4,4,13,Champions,3,Core Regulars
15791,United Kingdom,2011-05-19 15:15:00,2011-10-27 10:14:00,44,2,1612.69,806.345,731,2,205,8.25,1.0,0.5089639345071378,True,3,3,4,10,Occasional,1,Growth Potential
14312,United Kingdom,2011-01-06 16:35:00,2011-10-24 09:46:00,47,6,1611.59,268.5983333333333,1012,6,338,0.0,0.0,0.0,True,3,5,4,12,Loyal,3,Core Regulars
13614,United Kingdom,2011-01-13 12:37:00,2011-11-15 14:47:00,25,4,1610.46,402.615,570,4,331,0.0,0.0,0.0,True,4,4,4,12,Champions,3,Core Regulars
14918,United Kingdom,2011-07-08 12:50:00,2011-08-16 11:50:00,116,2,1610.15,805.075,675,2,155,0.0,0.0,0.0,True,2,3,4,9,At Risk,1,Growth Potential
12868,United Kingdom,2010-12-01 12:50:00,2011-06-07 10:42:00,186,6,1607.0600000000002,267.84333333333336,928,5,374,0.0,0.0,0.0,True,1,5,4,10,At Risk,1,Growth Potential
16817,United Kingdom,2010-12-06 14:19:00,2011-12-07 11:03:00,3,9,1604.75,178.30555555555554,822,7,369,157.8,4.0,8.952937505319,True,5,5,4,14,Champions,3,Core Regulars
12947,United Kingdom,2010-12-01 16:21:00,2011-07-19 10:06:00,144,6,1603.99,267.33166666666665,1165,5,374,196.7,5.0,10.923590401457218,True,2,5,4,11,At Risk,1,Growth Potential
16466,United Kingdom,2011-02-20 11:39:00,2011-11-06 11:35:00,34,7,1603.46,229.06571428571428,789,6,293,0.0,0.0,0.0,True,3,5,4,12,Loyal,3,Core Regulars
14719,United Kingdom,2011-04-04 14:17:00,2011-12-08 12:43:00,2,5,1602.13,320.42600000000004,1032,5,250,9.95,1.0,0.6172150265495507,True,5,4,4,13,Champions,3,Core Regulars
14587,United Kingdom,2011-01-12 13:16:00,2011-11-21 11:34:00,19,9,1601.14,177.90444444444447,761,7,332,2.9,1.0,0.1807934964215356,True,4,5,4,13,Champions,3,Core Regulars
15660,United Kingdom,2010-12-09 09:49:00,2011-11-14 16:58:00,26,9,1600.86,177.87333333333333,1050,6,366,48.85,3.0,2.961126501021392,True,4,5,4,13,Champions,3,Core Regulars
16496,United Kingdom,2011-01-27 09:42:00,2011-12-01 10:31:00,9,3,1599.52,533.1733333333333,1111,3,317,37.3,1.0,2.2788089099595554,True,5,4,4,13,Champions,3,Core Regulars
13850,United Kingdom,2011-08-02 14:04:00,2011-08-02 14:04:00,130,1,1595.48,1595.48,944,1,130,8.67,1.0,0.5404731477729638,False,2,1,4,7,At Risk,1,Growth Potential
17837,United Kingdom,2011-06-29 16:44:00,2011-10-28 16:13:00,43,8,1593.38,199.1725,518,4,164,32.85,2.0,2.0200094697552005,True,3,5,4,12,Loyal,3,Core Regulars
16332,United Kingdom,2011-02-07 14:16:00,2011-11-11 14:22:00,29,7,1593.2,227.6,801,6,306,10.0,1.0,0.62375249500998,True,4,5,4,13,Champions,3,Core Regulars
16676,United Kingdom,2011-01-06 13:00:00,2011-11-06 12:01:00,34,4,1592.1200000000001,398.03000000000003,636,4,338,33.4,1.0,2.0547271027117473,True,3,4,4,11,Loyal,3,Core Regulars
14970,United Kingdom,2011-01-27 12:23:00,2011-10-02 13:44:00,69,4,1592.06,398.015,250,4,317,0.0,0.0,0.0,True,3,4,4,11,Loyal,1,Growth Potential
15611,United Kingdom,2011-01-09 11:32:00,2011-11-30 12:36:00,10,13,1591.45,122.41923076923078,504,7,335,23.060000000000002,2.0,1.4282971303986969,True,5,5,4,14,Champions,2,High-Value Loyal
18178,United Kingdom,2010-12-10 12:42:00,2011-08-03 09:30:00,129,4,1590.81,397.7025,983,4,365,17.4,2.0,1.0819482530266569,True,2,4,4,10,At Risk,1,Growth Potential
14442,Channel Islands,2011-01-27 09:33:00,2011-05-19 11:36:00,205,2,1589.82,794.91,482,2,317,45.2,3.0,2.764492177465719,True,1,3,4,8,At Risk,1,Growth Potential
12393,Australia,2011-01-11 09:47:00,2011-09-28 15:41:00,73,4,1582.6000000000001,395.65000000000003,816,3,333,0.0,0.0,0.0,True,2,4,4,10,At Risk,1,Growth Potential
15532,United Kingdom,2010-12-16 16:45:00,2011-11-14 14:51:00,26,4,1580.93,395.2325,521,4,359,63.849999999999994,2.0,3.881978136893687,True,4,4,4,12,Champions,3,Core Regulars
12607,USA,2011-10-10 16:06:00,2011-10-10 16:06:00,61,1,1579.51,1579.51,1228,1,61,1579.51,1.0,50.0,False,3,1,4,8,Occasional,1,Growth Potential
13814,Germany,2011-07-25 13:54:00,2011-09-08 13:48:00,93,2,1579.12,789.56,864,2,138,17.0,1.0,1.0650828258526928,True,2,2,4,8,At Risk,1,Growth Potential
16889,United Kingdom,2011-01-07 10:47:00,2011-05-29 11:05:00,195,3,1578.67,526.2233333333334,925,3,337,0.0,0.0,0.0,True,1,4,4,9,At Risk,1,Growth Potential
13186,United Kingdom,2011-08-03 09:09:00,2011-10-31 11:40:00,40,3,1575.89,525.2966666666667,820,3,129,36.2,2.0,2.2455321973338958,True,3,3,4,10,Occasional,1,Growth Potential
13634,United Kingdom,2011-01-16 15:30:00,2011-11-06 13:40:00,34,5,1575.16,315.03200000000004,704,5,328,0.0,0.0,0.0,True,3,4,4,11,Loyal,3,Core Regulars
13659,United Kingdom,2011-01-23 12:08:00,2011-05-18 12:37:00,206,2,1573.2,786.6,894,2,321,22.35,1.0,1.400770894049074,True,1,2,4,7,At Risk,1,Growth Potential
17671,United Kingdom,2010-12-09 14:27:00,2011-11-24 12:21:00,16,4,1572.71,393.1775,772,4,366,288.63,2.0,15.506570535205817,True,4,4,4,12,Champions,3,Core Regulars
16283,United Kingdom,2011-05-15 13:37:00,2011-12-04 12:08:00,6,5,1570.81,314.162,1236,5,209,39.300000000000004,2.0,2.4408270242405803,True,5,4,4,13,Champions,3,Core Regulars
12865,Austria,2011-08-08 10:11:00,2011-11-13 14:31:00,27,2,1568.23,784.115,925,2,124,20.16,1.0,1.2692097029067169,True,4,2,4,10,Potential Loyalists,1,Growth Potential
15906,United Kingdom,2011-03-29 13:28:00,2011-11-20 12:24:00,20,7,1567.69,223.9557142857143,544,5,256,45.900000000000006,1.0,2.8445887740999884,True,4,5,4,13,Champions,3,Core Regulars
15111,United Kingdom,2010-12-02 11:45:00,2011-11-10 16:58:00,30,3,1567.48,522.4933333333333,710,3,373,0.0,0.0,0.0,True,4,3,4,11,Potential Loyalists,3,Core Regulars
17085,United Kingdom,2010-12-12 12:24:00,2011-08-08 14:15:00,124,5,1566.65,313.33000000000004,786,4,363,11.6,1.0,0.7349912878187866,True,2,4,4,10,At Risk,1,Growth Potential
17204,United Kingdom,2011-03-21 12:42:00,2011-06-17 14:46:00,176,4,1564.56,391.14,646,3,264,211.65,5.0,11.915820764436637,True,2,4,4,10,At Risk,1,Growth Potential
18239,United Kingdom,2010-12-02 17:48:00,2011-05-05 12:38:00,219,5,1561.6100000000001,312.322,795,4,373,0.0,0.0,0.0,True,1,4,4,9,At Risk,1,Growth Potential
14038,United Kingdom,2011-05-16 14:05:00,2011-09-22 13:37:00,79,3,1560.38,520.1266666666667,965,3,208,5.9,1.0,0.3766887146614909,True,2,3,4,9,At Risk,1,Growth Potential
16394,United Kingdom,2011-02-23 10:58:00,2011-10-14 09:48:00,57,5,1555.34,311.068,2604,5,290,143.28,4.0,8.435082596460656,True,3,4,4,11,Loyal,1,Growth Potential
13313,United Kingdom,2011-01-04 10:00:00,2011-11-17 16:48:00,23,5,1555.32,311.06399999999996,851,4,340,0.0,0.0,0.0,True,4,4,4,12,Champions,3,Core Regulars
16369,United Kingdom,2011-05-27 09:39:00,2011-11-21 16:25:00,19,3,1553.66,517.8866666666667,1035,3,197,0.0,0.0,0.0,True,4,4,4,12,Champions,3,Core Regulars
15620,United Kingdom,2010-12-16 14:34:00,2011-10-14 12:41:00,57,3,1553.18,517.7266666666667,915,3,359,28.78,3.0,1.8192621810918101,True,3,3,4,10,Occasional,1,Growth Potential
15117,United Kingdom,2011-05-08 12:38:00,2011-11-25 08:12:00,15,5,1551.78,310.356,1948,4,216,1.65,1.0,0.10621656592186322,True,4,4,4,12,Champions,3,Core Regulars
13320,United Kingdom,2011-05-10 10:29:00,2011-09-22 18:07:00,79,4,1548.7,387.175,1096,3,214,57.0,2.0,3.5498536463847543,True,2,4,4,10,At Risk,1,Growth Potential
14229,United Kingdom,2011-01-10 12:03:00,2011-10-19 10:04:00,52,3,1547.2,515.7333333333333,610,3,334,96.6,2.0,5.876627326925417,True,3,3,4,10,Occasional,1,Growth Potential
14704,United Kingdom,2011-06-12 13:59:00,2011-11-28 12:51:00,12,9,1546.91,171.8788888888889,1082,5,181,0.0,0.0,0.0,True,5,5,4,14,Champions,3,Core Regulars
16790,United Kingdom,2011-11-02 11:23:00,2011-12-06 11:53:00,4,6,1545.6200000000001,257.60333333333335,898,2,38,25.5,2.0,1.6230459799378787,True,5,5,4,14,Champions,3,Core Regulars
13397,United Kingdom,2011-01-04 13:50:00,2011-09-28 10:56:00,73,5,1544.13,308.826,430,5,340,4.95,1.0,0.31954450383453403,True,2,4,4,10,At Risk,1,Growth Potential
15701,United Kingdom,2011-08-21 12:36:00,2011-12-07 14:39:00,3,4,1542.14,385.535,923,4,111,0.0,0.0,0.0,True,5,4,4,13,Champions,3,Core Regulars
12818,Austria,2011-03-23 12:06:00,2011-03-23 12:06:00,262,1,1542.08,1542.08,929,1,262,24.2,1.0,1.5450621855606916,False,1,1,4,6,At Risk,1,Growth Potential
16365,United Kingdom,2010-12-07 17:19:00,2011-11-22 11:24:00,18,9,1540.42,171.1577777777778,504,5,368,0.0,0.0,0.0,True,4,5,4,13,Champions,3,Core Regulars
17159,United Kingdom,2011-06-21 09:49:00,2011-11-18 10:52:00,22,3,1538.88,512.96,1111,3,172,4.15,1.0,0.26895134896923584,True,4,4,4,12,Champions,3,Core Regulars
13849,United Kingdom,2011-06-22 10:11:00,2011-10-19 10:59:00,52,2,1537.95,768.975,1016,2,171,0.0,0.0,0.0,True,3,2,4,9,Occasional,1,Growth Potential
12877,United Kingdom,2010-12-16 12:23:00,2011-12-06 10:30:00,4,12,1535.77,127.98083333333334,1178,11,359,0.0,0.0,0.0,True,5,5,4,14,Champions,2,High-Value Loyal
15392,United Kingdom,2010-12-14 15:50:00,2011-12-05 11:01:00,5,4,1535.53,383.8825,1277,4,361,19.799999999999997,1.0,1.2730417339085596,True,5,4,4,13,Champions,3,Core Regulars
15625,United Kingdom,2011-04-18 14:01:00,2011-08-28 10:21:00,104,4,1534.26,383.565,1188,3,236,29.7,4.0,1.8990255505255889,True,2,4,4,10,At Risk,1,Growth Potential
13107,United Kingdom,2011-01-10 12:28:00,2011-10-26 14:52:00,45,4,1531.6200000000001,382.90500000000003,1293,4,334,7.550000000000001,1.0,0.4905241136456662,True,3,4,4,11,Loyal,1,Growth Potential
12759,Netherlands,2011-03-09 08:09:00,2011-10-18 14:49:00,53,3,1531.44,510.48,902,3,276,0.0,0.0,0.0,True,3,3,4,10,Occasional,1,Growth Potential
14321,United Kingdom,2011-01-10 11:35:00,2011-11-29 09:47:00,11,5,1530.75,306.15,2406,5,334,0.0,0.0,0.0,True,5,4,4,13,Champions,3,Core Regulars
14567,United Kingdom,2011-08-01 13:48:00,2011-10-14 10:21:00,57,2,1530.3600000000001,765.1800000000001,412,2,131,5.9,1.0,0.3840495749417416,True,3,3,4,10,Occasional,1,Growth Potential
15916,United Kingdom,2010-12-08 13:07:00,2011-11-23 13:46:00,17,8,1528.09,191.01125,757,6,367,36.85,2.0,2.3547228647743688,True,4,5,4,13,Champions,3,Core Regulars
16244,United Kingdom,2010-12-02 11:41:00,2011-05-12 10:18:00,212,2,1522.75,761.375,855,2,373,0.0,0.0,0.0,True,1,3,4,8,At Risk,1,Growth Potential
16434,United Kingdom,2011-02-13 12:17:00,2011-11-10 14:28:00,30,7,1522.25,217.46428571428572,767,6,300,0.0,0.0,0.0,True,4,5,4,13,Champions,3,Core Regulars
16066,United Kingdom,2011-08-07 14:33:00,2011-11-23 11:54:00,17,5,1521.87,304.37399999999997,936,3,125,0.0,0.0,0.0,True,4,4,4,12,Champions,3,Core Regulars
13764,United Kingdom,2011-01-06 14:53:00,2011-09-30 12:03:00,71,3,1521.76,507.25333333333333,932,3,338,0.0,0.0,0.0,True,3,3,4,10,Occasional,1,Growth Potential
13213,United Kingdom,2011-05-24 12:22:00,2011-10-14 11:42:00,57,5,1520.58,304.116,1360,4,200,2.15,1.0,0.14119377696636962,True,3,4,4,11,Loyal,1,Growth Potential
16880,United Kingdom,2011-06-03 16:45:00,2011-11-09 11:33:00,31,7,1519.08,217.01142857142855,753,5,190,0.0,0.0,0.0,True,4,5,4,13,Champions,3,Core Regulars
14267,United Kingdom,2011-03-24 11:38:00,2011-06-30 10:09:00,163,3,1516.24,505.41333333333336,530,2,261,237.15,4.0,13.525228272090065,True,2,3,4,9,At Risk,1,Growth Potential
13791,United Kingdom,2011-06-24 16:38:00,2011-08-04 11:44:00,128,2,1516.0,758.0,1200,2,169,468.32,1.0,23.60103209159813,True,2,2,4,8,At Risk,1,Growth Potential
16748,United Kingdom,2011-01-09 13:50:00,2011-11-22 10:17:00,18,5,1515.9,303.18,880,4,335,0.0,0.0,0.0,True,4,4,4,12,Champions,3,Core Regulars
16053,United Kingdom,2011-08-09 14:57:00,2011-11-07 11:21:00,33,2,1511.95,755.975,1793,2,123,0.0,0.0,0.0,True,4,3,4,11,Potential Loyalists,1,Growth Potential
16910,United Kingdom,2011-09-09 14:14:00,2011-12-05 12:51:00,5,8,1510.06,188.7575,886,4,92,0.0,0.0,0.0,True,5,5,4,14,Champions,3,Core Regulars
16279,United Kingdom,2011-06-16 11:50:00,2011-11-18 15:00:00,22,3,1509.58,503.1933333333333,1054,3,177,12.9,1.0,0.8473017707950187,True,4,4,4,12,Champions,3,Core Regulars
16016,United Kingdom,2010-12-08 12:36:00,2011-12-06 14:35:00,4,8,1508.76,188.595,620,6,367,25.45,2.0,1.6588341882793098,True,5,5,4,14,Champions,3,Core Regulars
15265,United Kingdom,2011-04-18 12:16:00,2011-07-11 14:46:00,152,2,1506.1200000000001,753.0600000000001,612,2,236,0.0,0.0,0.0,True,2,3,4,9,At Risk,1,Growth Potential
12937,United Kingdom,2011-03-17 14:19:00,2011-11-24 15:05:00,16,4,1504.27,376.0675,1007,4,268,0.0,0.0,0.0,True,4,4,4,12,Champions,3,Core Regulars
15530,United Kingdom,2011-04-07 11:16:00,2011-11-18 12:25:00,22,4,1502.35,375.5875,950,4,247,0.0,0.0,0.0,True,4,4,4,12,Champions,3,Core Regulars
16762,United Kingdom,2011-07-18 12:52:00,2011-11-20 11:43:00,20,3,1501.38,500.46000000000004,618,3,145,0.0,0.0,0.0,True,4,4,4,12,Champions,3,Core Regulars
13810,Germany,2011-10-14 12:57:00,2011-11-11 08:33:00,29,3,1499.01,499.67,312,2,57,599.5,1.0,28.567888644800355,True,4,3,4,11,Potential Loyalists,3,Core Regulars
17571,United Kingdom,2011-02-14 15:15:00,2011-10-20 15:57:00,51,4,1498.51,374.6275,905,4,299,0.0,0.0,0.0,True,3,4,4,11,Loyal,1,Growth Potential
14414,United Kingdom,2010-12-16 11:11:00,2011-09-09 12:09:00,92,7,1496.98,213.8542857142857,2512,4,359,11.850000000000001,1.0,0.7853767488716424,True,2,5,4,11,At Risk,1,Growth Potential
16755,United Kingdom,2011-01-28 10:47:00,2011-08-17 13:21:00,115,3,1496.83,498.9433333333333,1064,3,316,12.2,2.0,0.8084663658111503,True,2,4,4,10,At Risk,1,Growth Potential
17002,United Kingdom,2011-02-22 11:46:00,2011-09-15 12:40:00,86,3,1493.73,497.91,679,3,291,5.95,1.0,0.39675130694548166,True,2,4,4,10,At Risk,1,Growth Potential
15057,United Kingdom,2011-01-28 09:09:00,2011-03-09 15:17:00,276,2,1489.5,744.75,668,2,316,0.0,0.0,0.0,True,1,3,4,8,At Risk,1,Growth Potential
13110,United Kingdom,2011-02-01 15:24:00,2011-11-08 14:30:00,32,7,1488.67,212.66714285714286,388,5,312,35.8,1.0,2.3483571339547513,True,4,5,4,13,Champions,3,Core Regulars
13692,United Kingdom,2011-04-17 12:57:00,2011-11-15 11:17:00,25,3,1488.32,496.1066666666666,1226,3,237,21.45,2.0,1.4207462063758056,True,4,3,4,11,Potential Loyalists,3,Core Regulars
14963,United Kingdom,2011-06-09 12:30:00,2011-11-30 12:16:00,10,5,1487.8,297.56,1176,3,184,0.0,0.0,0.0,True,5,4,4,13,Champions,3,Core Regulars
17553,United Kingdom,2011-08-02 10:00:00,2011-08-02 10:00:00,130,1,1487.6,1487.6,1048,1,130,0.0,0.0,0.0,False,2,2,4,8,At Risk,1,Growth Potential
16395,United Kingdom,2011-01-13 12:10:00,2011-10-10 12:50:00,61,5,1486.9,297.38,1476,4,331,0.0,0.0,0.0,True,3,4,4,11,Loyal,1,Growth Potential
14878,United Kingdom,2010-12-16 12:11:00,2011-11-27 11:15:00,13,9,1485.54,165.06,802,7,359,0.0,0.0,0.0,True,5,5,4,14,Champions,3,Core Regulars
14758,United Kingdom,2011-03-25 12:10:00,2011-07-18 08:21:00,145,4,1484.06,371.015,419,4,260,0.0,0.0,0.0,True,2,4,4,10,At Risk,1,Growth Potential
18016,United Kingdom,2010-12-10 17:14:00,2011-11-07 13:25:00,33,5,1483.56,296.712,1029,5,365,0.0,0.0,0.0,True,3,4,4,11,Loyal,3,Core Regulars
15427,United Kingdom,2011-10-23 14:47:00,2011-11-06 14:29:00,34,3,1483.14,494.38000000000005,1013,2,48,0.0,0.0,0.0,True,3,3,4,10,Occasional,1,Growth Potential
17590,United Kingdom,2011-10-30 14:05:00,2011-12-07 12:55:00,3,3,1479.22,493.0733333333333,828,3,41,0.0,0.0,0.0,True,5,4,4,13,Champions,3,Core Regulars
14403,United Kingdom,2011-04-06 14:23:00,2011-08-01 12:57:00,131,4,1475.81,368.9525,519,4,248,49.5,1.0,3.2452419508165553,True,2,4,4,10,At Risk,1,Growth Potential
15983,United Kingdom,2010-12-01 12:15:00,2011-11-17 17:34:00,23,4,1475.02,368.755,892,2,374,0.0,0.0,0.0,True,4,4,4,12,Champions,3,Core Regulars
12826,United Kingdom,2010-12-09 15:21:00,2011-12-07 10:25:00,3,7,1474.72,210.67428571428573,1058,6,366,6.6,1.0,0.44554856479356253,True,5,5,4,14,Champions,3,Core Regulars
14404,United Kingdom,2010-12-05 16:00:00,2011-11-06 12:30:00,34,6,1474.32,245.72,839,6,370,39.6,1.0,2.6157260621433105,True,3,5,4,12,Loyal,3,Core Regulars
14246,United Kingdom,2011-04-08 08:25:00,2011-08-21 11:50:00,111,3,1474.06,491.3533333333333,804,3,246,0.0,0.0,0.0,True,2,3,4,9,At Risk,1,Growth Potential
15128,United Kingdom,2011-05-04 12:32:00,2011-10-10 13:54:00,61,4,1471.0,367.75,1343,4,220,51.46,4.0,3.3800559620614004,True,3,4,4,11,Loyal,1,Growth Potential
16348,United Kingdom,2011-04-13 15:49:00,2011-11-07 15:44:00,33,7,1469.45,209.92142857142858,819,5,241,0.0,0.0,0.0,True,3,5,4,12,Loyal,3,Core Regulars
14875,United Kingdom,2011-03-22 11:53:00,2011-08-24 12:20:00,108,2,1465.3200000000002,732.6600000000001,558,2,263,16.6,3.0,1.1201684301446773,True,2,3,4,9,At Risk,1,Growth Potential
12882,United Kingdom,2011-11-06 11:22:00,2011-11-30 16:18:00,10,2,1463.04,731.52,246,1,34,0.0,0.0,0.0,True,5,2,4,11,Potential Loyalists,3,Core Regulars
14233,United Kingdom,2011-01-26 12:43:00,2011-10-21 15:54:00,50,4,1462.72,365.68,680,4,318,15.209999999999999,1.0,1.029142110925416,True,3,4,4,11,Loyal,1,Growth Potential
14541,United Kingdom,2011-01-24 14:16:00,2011-10-12 10:08:00,59,8,1461.65,182.70625,647,6,320,0.0,0.0,0.0,True,3,5,4,12,Loyal,3,Core Regulars
17063,United Kingdom,2011-02-23 13:44:00,2011-11-18 16:19:00,22,7,1461.14,208.73428571428573,770,4,290,39.55,4.0,2.635454357662142,True,4,5,4,13,Champions,3,Core Regulars
16059,United Kingdom,2010-12-07 10:36:00,2011-10-05 09:56:00,66,6,1459.8600000000001,243.31000000000003,643,6,368,0.0,0.0,0.0,True,3,5,4,12,Loyal,1,Growth Potential
16996,United Kingdom,2010-12-21 13:22:00,2011-11-09 16:43:00,31,6,1456.96,242.82666666666668,544,5,354,29.500000000000004,3.0,1.9845808161672702,True,4,5,4,13,Champions,3,Core Regulars
13309,United Kingdom,2011-02-04 12:29:00,2011-12-02 16:34:00,8,5,1456.79,291.358,1544,5,309,0.0,0.0,0.0,True,5,4,4,13,Champions,3,Core Regulars
13477,United Kingdom,2011-02-21 12:29:00,2011-11-02 12:04:00,38,6,1454.58,242.42999999999998,1021,6,292,13.05,2.0,0.8891886919727725,True,3,5,4,12,Loyal,3,Core Regulars
15987,United Kingdom,2010-12-06 08:34:00,2011-11-27 15:38:00,13,7,1451.28,207.32571428571427,1556,5,369,0.0,0.0,0.0,True,5,5,4,14,Champions,3,Core Regulars
14740,United Kingdom,2011-03-01 08:35:00,2011-05-26 18:17:00,198,3,1448.21,482.7366666666667,735,3,284,25.0,1.0,1.6969746336231766,True,1,3,4,8,At Risk,1,Growth Potential
15426,United Kingdom,2010-12-05 13:55:00,2011-11-20 15:36:00,20,5,1447.39,289.478,674,3,370,17.49,2.0,1.1939544536071212,True,4,4,4,12,Champions,3,Core Regulars
14591,United Kingdom,2011-05-10 14:09:00,2011-11-24 13:57:00,16,4,1447.14,361.785,1297,2,214,0.0,0.0,0.0,True,4,4,4,12,Champions,3,Core Regulars
17073,United Kingdom,2011-08-22 14:37:00,2011-11-22 11:47:00,18,4,1446.09,361.5225,759,4,110,0.0,0.0,0.0,True,4,4,4,12,Champions,3,Core Regulars
13717,United Kingdom,2011-02-14 13:21:00,2011-11-07 14:13:00,33,6,1445.01,240.835,1959,6,299,12.75,1.0,0.8746295686532762,True,4,5,4,13,Champions,3,Core Regulars
13461,United Kingdom,2011-06-29 10:23:00,2011-11-01 09:01:00,39,3,1445.0,481.6666666666667,1170,3,164,0.0,0.0,0.0,True,3,3,4,10,Occasional,1,Growth Potential
17175,United Kingdom,2011-02-16 14:56:00,2011-10-26 15:31:00,45,4,1443.69,360.9225,866,4,297,12.75,1.0,0.8754222625030897,True,3,4,4,11,Loyal,1,Growth Potential
15478,United Kingdom,2011-10-14 11:09:00,2011-10-30 14:19:00,41,2,1441.42,720.71,585,1,57,0.0,0.0,0.0,True,3,3,4,10,Occasional,1,Growth Potential
15858,United Kingdom,2010-12-07 14:31:00,2011-11-24 12:48:00,16,5,1438.85,287.77,1167,5,368,0.0,0.0,0.0,True,4,4,4,12,Champions,3,Core Regulars
14071,United Kingdom,2011-03-20 11:33:00,2011-12-06 12:27:00,4,8,1438.82,179.8525,995,4,265,131.41,1.0,8.368837686198837,True,5,5,4,14,Champions,3,Core Regulars
13159,United Kingdom,2011-08-16 11:44:00,2011-12-01 11:20:00,9,4,1437.85,359.4625,1059,3,116,58.10000000000001,1.0,3.8838196463785564,True,5,4,4,13,Champions,3,Core Regulars
14566,Channel Islands,2011-08-21 11:05:00,2011-08-21 11:05:00,111,1,1432.0,1432.0,800,1,111,0.0,0.0,0.0,False,2,1,4,7,At Risk,1,Growth Potential
16503,United Kingdom,2010-12-14 13:50:00,2011-08-25 11:46:00,107,4,1431.93,357.9825,569,4,361,10.5,1.0,0.7279382708346331,True,2,4,4,10,At Risk,1,Growth Potential
13475,United Kingdom,2011-02-14 12:36:00,2011-06-01 13:52:00,192,4,1431.78,357.945,1012,4,299,0.0,0.0,0.0,True,1,4,4,9,At Risk,1,Growth Potential
16103,United Kingdom,2011-04-20 12:28:00,2011-12-02 14:16:00,8,6,1429.64,238.27333333333334,558,5,234,0.0,0.0,0.0,True,5,5,4,14,Champions,3,Core Regulars
16271,United Kingdom,2010-12-16 16:36:00,2011-12-07 12:45:00,3,5,1429.24,285.848,1038,5,359,5.95,1.0,0.4145792543147597,True,5,4,4,13,Champions,3,Core Regulars
14035,United Kingdom,2011-02-15 12:48:00,2011-11-11 10:03:00,29,5,1428.02,285.604,739,5,298,0.0,0.0,0.0,True,4,4,4,12,Champions,3,Core Regulars
15681,United Kingdom,2011-03-04 13:46:00,2011-11-14 16:30:00,26,5,1426.16,285.232,816,3,281,479.8,1.0,25.173665764234297,True,4,4,4,12,Champions,3,Core Regulars
15106,United Kingdom,2011-03-15 12:52:00,2011-11-22 09:16:00,18,5,1422.52,284.504,1181,5,270,14.79,2.0,1.0290055729105065,True,4,4,4,12,Champions,3,Core Regulars
16463,United Kingdom,2011-05-19 14:45:00,2011-11-18 14:01:00,22,4,1422.4,355.6,1163,3,205,38.7,3.0,2.648689343645199,True,4,4,4,12,Champions,3,Core Regulars
16571,United Kingdom,2011-03-03 09:41:00,2011-11-13 11:46:00,27,3,1421.69,473.8966666666667,1239,3,282,136.47,2.0,8.758407352261642,True,4,4,4,12,Champions,3,Core Regulars
14019,United Kingdom,2011-07-24 15:39:00,2011-10-24 10:13:00,47,3,1421.61,473.86999999999995,1037,3,139,22.65,1.0,1.5682771800091397,True,3,3,4,10,Occasional,1,Growth Potential
14901,United Kingdom,2010-12-02 11:20:00,2011-11-28 17:09:00,12,9,1421.29,157.92111111111112,661,4,373,6.3,1.0,0.4413031752814184,True,5,5,4,14,Champions,3,Core Regulars
14443,United Kingdom,2010-12-06 11:03:00,2011-10-17 10:10:00,54,4,1420.2,355.05,938,4,369,19.32,3.0,1.3421140380126708,True,3,4,4,11,Loyal,1,Growth Potential
17288,United Kingdom,2010-12-16 13:33:00,2011-11-30 16:09:00,10,7,1419.73,202.81857142857143,1203,6,359,0.0,0.0,0.0,True,5,5,4,14,Champions,3,Core Regulars
16173,United Kingdom,2011-09-02 15:23:00,2011-11-24 10:53:00,16,6,1418.32,236.38666666666666,575,3,99,11.75,1.0,0.8216381016313887,True,4,5,4,13,Champions,3,Core Regulars
15444,United Kingdom,2011-10-30 16:12:00,2011-11-30 17:37:00,10,2,1418.26,709.13,764,2,41,0.0,0.0,0.0,True,5,3,4,12,Potential Loyalists,3,Core Regulars
18116,United Kingdom,2010-12-10 12:14:00,2011-10-03 11:00:00,68,8,1418.03,177.25375,848,4,365,0.0,0.0,0.0,True,3,5,4,12,Loyal,3,Core Regulars
17856,United Kingdom,2011-03-03 11:40:00,2011-12-08 09:40:00,2,4,1418.03,354.5075,842,3,282,24.240000000000002,2.0,1.6806839218731584,True,5,4,4,13,Champions,3,Core Regulars
14649,United Kingdom,2011-05-11 14:37:00,2011-12-05 12:30:00,5,4,1417.29,354.3225,1018,3,213,0.0,0.0,0.0,True,5,4,4,13,Champions,3,Core Regulars
14748,United Kingdom,2010-12-06 10:19:00,2011-11-10 18:33:00,30,5,1415.75,283.15,1223,4,369,103.96000000000001,1.0,6.840778832803627,True,4,4,4,12,Champions,3,Core Regulars
16012,United Kingdom,2011-07-07 18:02:00,2011-11-04 13:25:00,36,3,1415.29,471.7633333333333,799,3,156,0.0,0.0,0.0,True,3,4,4,11,Loyal,1,Growth Potential
16245,United Kingdom,2011-03-28 09:30:00,2011-11-16 10:14:00,24,3,1413.66,471.22,1014,3,257,61.300000000000004,2.0,4.156044909692466,True,4,4,4,12,Champions,3,Core Regulars
17004,United Kingdom,2011-09-08 12:16:00,2011-10-24 14:25:00,47,2,1412.94,706.47,819,2,93,0.0,0.0,0.0,True,3,3,4,10,Occasional,1,Growth Potential
15237,United Kingdom,2011-04-26 15:04:00,2011-12-08 09:46:00,2,4,1412.32,353.08,1071,4,228,0.0,0.0,0.0,True,5,4,4,13,Champions,3,Core Regulars
15596,United Kingdom,2010-12-09 16:10:00,2011-08-31 10:55:00,101,5,1406.59,281.318,561,5,366,63.25,4.0,4.303189462798672,True,2,4,4,10,At Risk,1,Growth Potential
17083,United Kingdom,2011-02-09 11:38:00,2011-08-22 15:43:00,110,3,1405.78,468.5933333333333,772,2,304,0.0,0.0,0.0,True,2,4,4,10,At Risk,1,Growth Potential
15563,United Kingdom,2010-12-16 11:27:00,2011-11-17 14:50:00,23,4,1400.44,350.11,1501,3,359,80.75,3.0,5.451697621507031,True,4,4,4,12,Champions,3,Core Regulars
14741,United Kingdom,2010-12-02 08:43:00,2011-11-28 08:48:00,12,6,1400.34,233.39,841,5,373,0.0,0.0,0.0,True,5,5,4,14,Champions,3,Core Regulars
18202,United Kingdom,2011-02-01 13:36:00,2011-05-24 12:12:00,200,3,1396.99,465.66333333333336,581,2,312,0.0,0.0,0.0,True,1,4,4,9,At Risk,1,Growth Potential
13995,United Kingdom,2011-04-08 08:20:00,2011-11-24 14:22:00,16,5,1393.69,278.738,879,5,246,10.2,1.0,0.7265526501364066,True,4,4,4,12,Champions,3,Core Regulars
17354,United Kingdom,2011-10-20 10:34:00,2011-10-20 10:34:00,51,1,1393.06,1393.06,1006,1,51,0.0,0.0,0.0,False,3,2,4,9,Occasional,1,Growth Potential
15810,United Kingdom,2011-02-16 09:11:00,2011-09-22 09:38:00,79,4,1391.98,347.995,861,4,297,246.55,3.0,15.047023856749648,True,2,4,4,10,At Risk,1,Growth Potential
15051,United Kingdom,2011-07-12 15:29:00,2011-11-16 15:38:00,24,3,1391.61,463.86999999999995,1011,3,151,0.0,0.0,0.0,True,4,3,4,11,Potential Loyalists,3,Core Regulars
13414,United Kingdom,2011-02-16 12:13:00,2011-07-29 11:45:00,134,3,1390.5,463.5,1574,2,297,0.0,0.0,0.0,True,2,3,4,9,At Risk,1,Growth Potential
13516,United Kingdom,2011-04-15 11:06:00,2011-11-18 13:15:00,22,3,1389.41,463.1366666666667,985,3,239,0.0,0.0,0.0,True,4,3,4,11,Potential Loyalists,3,Core Regulars
15898,United Kingdom,2010-12-06 11:01:00,2011-12-08 15:23:00,2,5,1388.88,277.776,570,4,369,4.2,1.0,0.3014902231027651,True,5,4,4,13,Champions,3,Core Regulars
16539,United Kingdom,2010-12-01 15:40:00,2011-12-07 08:41:00,3,4,1388.81,347.2025,477,3,374,0.0,0.0,0.0,True,5,4,4,13,Champions,3,Core Regulars
15453,United Kingdom,2011-06-05 12:37:00,2011-12-08 10:59:00,2,7,1388.37,198.3385714285714,845,6,188,0.0,0.0,0.0,True,5,5,4,14,Champions,3,Core Regulars
15134,United Kingdom,2011-04-13 11:05:00,2011-11-25 08:55:00,15,8,1387.99,173.49875,887,7,241,0.0,0.0,0.0,True,4,5,4,13,Champions,3,Core Regulars
12952,United Kingdom,2011-09-22 16:37:00,2011-12-04 10:35:00,6,4,1387.79,346.9475,653,3,79,4.95,1.0,0.3554145066559444,True,5,4,4,13,Champions,3,Core Regulars
17676,United Kingdom,2010-12-08 13:49:00,2011-12-05 15:16:00,5,6,1387.68,231.28,932,4,367,4.41,1.0,0.3167898627243928,True,5,5,4,14,Champions,3,Core Regulars
12775,Netherlands,2011-02-01 13:45:00,2011-11-22 16:33:00,18,5,1386.04,277.20799999999997,877,5,312,34.8,1.0,2.4492553700627795,True,4,4,4,12,Champions,3,Core Regulars
13308,United Kingdom,2011-05-20 13:13:00,2011-11-17 09:31:00,23,3,1385.51,461.83666666666664,843,3,204,17.9,1.0,1.2754647608325433,True,4,3,4,11,Potential Loyalists,3,Core Regulars
18167,United Kingdom,2011-08-26 11:40:00,2011-11-16 15:56:00,24,3,1384.8600000000001,461.62000000000006,382,2,106,29.35,3.0,2.075363630578203,True,4,4,4,12,Champions,3,Core Regulars
17311,United Kingdom,2011-01-27 10:56:00,2011-09-22 14:11:00,79,2,1384.85,692.425,1005,2,317,0.0,0.0,0.0,True,2,3,4,9,At Risk,1,Growth Potential
13572,United Kingdom,2011-05-18 11:59:00,2011-05-18 11:59:00,206,1,1384.25,1384.25,534,1,206,0.0,0.0,0.0,False,1,1,4,6,At Risk,1,Growth Potential
14507,United Kingdom,2011-03-08 17:23:00,2011-11-16 12:21:00,24,6,1383.18,230.53,600,5,277,15.0,1.0,1.0728232416427068,True,4,5,4,13,Champions,3,Core Regulars
14116,United Kingdom,2011-08-10 12:44:00,2011-11-20 10:29:00,20,5,1382.74,276.548,707,4,122,0.0,0.0,0.0,True,4,4,4,12,Champions,3,Core Regulars
16389,United Kingdom,2011-03-01 15:47:00,2011-10-17 14:41:00,54,4,1382.07,345.5175,1242,4,284,19.799999999999997,1.0,1.4123991525605084,True,3,4,4,11,Loyal,1,Growth Potential
16726,United Kingdom,2010-12-13 13:28:00,2011-11-13 14:53:00,27,5,1382.02,276.404,977,4,362,0.0,0.0,0.0,True,4,4,4,12,Champions,3,Core Regulars
17621,United Kingdom,2010-12-20 13:31:00,2011-11-18 17:11:00,22,3,1379.9,459.9666666666667,514,3,355,43.8,1.0,3.0764908337430636,True,4,4,4,12,Champions,3,Core Regulars
12886,United Kingdom,2011-05-04 11:21:00,2011-10-03 10:09:00,68,2,1378.4,689.2,770,2,220,27.310000000000002,1.0,1.9427904759872234,True,3,2,4,9,Occasional,1,Growth Potential
15569,United Kingdom,2011-01-11 13:26:00,2011-08-28 10:15:00,104,5,1375.71,275.142,666,3,333,0.0,0.0,0.0,True,2,4,4,10,At Risk,1,Growth Potential
16669,United Kingdom,2011-09-22 14:13:00,2011-11-16 12:26:00,24,3,1374.8700000000001,458.29,888,2,79,4.0,1.0,0.2900926120664022,True,4,4,4,12,Champions,3,Core Regulars
14434,United Kingdom,2011-09-28 15:31:00,2011-11-18 08:56:00,22,6,1372.8,228.79999999999998,368,3,73,0.0,0.0,0.0,True,4,5,4,13,Champions,3,Core Regulars
15095,United Kingdom,2011-05-20 14:27:00,2011-08-28 12:01:00,104,4,1370.6,342.65,1079,3,204,5.9,1.0,0.42862332001452963,True,2,4,4,10,At Risk,1,Growth Potential
13813,Germany,2011-07-28 10:33:00,2011-10-31 10:38:00,40,4,1366.8600000000001,341.71500000000003,552,3,135,13.45,1.0,0.9744187899819604,True,3,4,4,11,Loyal,3,Core Regulars
14897,United Kingdom,2011-02-16 08:37:00,2011-12-02 10:32:00,8,4,1366.38,341.595,468,4,297,0.0,0.0,0.0,True,5,4,4,13,Champions,3,Core Regulars
13396,United Kingdom,2011-01-24 13:37:00,2011-11-10 16:59:00,30,2,1360.99,680.495,600,2,320,35.7,2.0,2.5560432164617777,True,4,2,4,10,Potential Loyalists,1,Growth Potential
14102,United Kingdom,2011-10-26 12:46:00,2011-12-04 15:38:00,6,5,1360.28,272.056,961,3,45,45.55,3.0,3.24007881465042,True,5,4,4,13,Champions,3,Core Regulars
15411,United Kingdom,2011-06-10 12:30:00,2011-11-13 15:19:00,27,4,1358.88,339.72,530,4,183,12.5,1.0,0.9114906152926249,True,4,4,4,12,Champions,3,Core Regulars
13232,United Kingdom,2011-04-10 13:48:00,2011-11-27 10:39:00,13,7,1357.6,193.94285714285712,778,5,244,0.0,0.0,0.0,True,5,5,4,14,Champions,3,Core Regulars
17054,United Kingdom,2011-04-08 13:14:00,2011-11-11 12:56:00,29,5,1356.33,271.26599999999996,804,4,246,2.5,1.0,0.18398180787883694,True,4,4,4,12,Champions,3,Core Regulars
14064,United Kingdom,2011-03-10 12:59:00,2011-11-10 13:14:00,30,5,1353.74,270.748,1788,4,275,165.42,2.0,10.888912293635956,True,4,4,4,12,Champions,3,Core Regulars
14859,United Kingdom,2011-05-19 14:42:00,2011-11-27 11:18:00,13,4,1353.74,338.435,671,3,205,1.7,1.0,0.1254205276515375,True,5,4,4,13,Champions,3,Core Regulars
15116,United Kingdom,2011-05-19 08:50:00,2011-11-22 12:25:00,18,4,1352.75,338.1875,648,4,205,0.0,0.0,0.0,True,4,4,4,12,Champions,3,Core Regulars
16079,United Kingdom,2011-10-30 13:06:00,2011-11-23 12:48:00,17,3,1352.0,450.6666666666667,864,2,41,0.0,0.0,0.0,True,4,4,4,12,Champions,3,Core Regulars
16493,United Kingdom,2011-01-14 08:16:00,2011-09-21 11:10:00,80,4,1351.63,337.9075,1164,4,330,21.97,2.0,1.5994467093768199,True,2,4,4,10,At Risk,1,Growth Potential
12770,Japan,2011-05-13 09:33:00,2011-05-13 09:33:00,211,1,1351.45,1351.45,743,1,211,0.0,0.0,0.0,False,1,1,4,6,At Risk,1,Growth Potential
12646,USA,2011-10-21 12:52:00,2011-12-05 10:14:00,5,2,1346.97,673.485,897,2,50,0.0,0.0,0.0,True,5,2,4,11,Potential Loyalists,3,Core Regulars
14154,United Kingdom,2011-04-14 15:58:00,2011-04-14 16:26:00,240,2,1345.62,672.81,465,1,240,0.0,0.0,0.0,True,1,3,4,8,At Risk,1,Growth Potential
15398,United Kingdom,2011-09-22 14:56:00,2011-11-23 16:47:00,17,2,1345.53,672.765,769,2,79,5.9,1.0,0.4365745913587829,True,4,3,4,11,Potential Loyalists,3,Core Regulars
12463,Belgium,2011-04-12 12:47:00,2011-10-17 13:44:00,54,4,1344.78,336.195,776,4,242,41.15,3.0,2.9691254248050045,True,3,4,4,11,Loyal,1,Growth Potential
17372,United Kingdom,2010-12-12 12:00:00,2011-10-30 11:37:00,41,8,1342.68,167.835,749,5,363,0.0,0.0,0.0,True,3,5,4,12,Loyal,3,Core Regulars
16317,United Kingdom,2011-02-15 14:30:00,2011-08-12 12:46:00,120,3,1341.65,447.2166666666667,890,3,298,0.0,0.0,0.0,True,2,4,4,10,At Risk,1,Growth Potential
13743,United Kingdom,2011-03-25 14:46:00,2011-12-07 10:09:00,3,7,1341.6,191.65714285714284,1776,6,260,1.45,1.0,0.10796321804847177,True,5,5,4,14,Champions,3,Core Regulars
18177,United Kingdom,2011-03-29 08:46:00,2011-11-08 14:44:00,32,6,1341.42,223.57000000000002,710,5,256,27.25,1.0,1.9909839479202436,True,4,5,4,13,Champions,3,Core Regulars
16045,United Kingdom,2011-02-22 14:55:00,2011-08-12 12:41:00,120,4,1340.7,335.175,897,4,291,0.0,0.0,0.0,True,2,4,4,10,At Risk,1,Growth Potential
13501,Switzerland,2011-02-24 18:59:00,2011-02-24 18:59:00,289,1,1340.32,1340.32,560,1,289,29.849999999999998,1.0,2.178561784304138,False,1,1,4,6,At Risk,1,Growth Potential
15734,United Kingdom,2011-05-23 14:59:00,2011-08-17 10:50:00,115,2,1339.45,669.725,346,2,201,0.0,0.0,0.0,True,2,3,4,9,At Risk,1,Growth Potential
12620,France,2011-05-19 12:10:00,2011-11-25 10:20:00,15,3,1339.41,446.47,1181,3,205,0.0,0.0,0.0,True,4,3,4,11,Potential Loyalists,3,Core Regulars
15059,United Kingdom,2011-01-09 11:54:00,2011-10-30 11:35:00,41,9,1337.72,148.63555555555556,604,6,335,11.9,2.0,0.8817296720558379,True,3,5,4,12,Loyal,3,Core Regulars
16110,United Kingdom,2011-02-01 14:01:00,2011-10-25 14:35:00,46,3,1337.48,445.82666666666665,733,3,312,0.0,0.0,0.0,True,3,4,4,11,Loyal,1,Growth Potential
12919,United Kingdom,2011-06-23 09:22:00,2011-12-01 13:47:00,9,6,1335.19,222.53166666666667,673,5,170,33.75,2.0,2.4654111940625594,True,5,5,4,14,Champions,3,Core Regulars
15680,United Kingdom,2010-12-08 14:43:00,2011-11-30 13:46:00,10,3,1333.68,444.56,952,3,367,0.0,0.0,0.0,True,5,3,4,12,Potential Loyalists,3,Core Regulars
17932,United Kingdom,2011-05-12 13:58:00,2011-11-10 19:49:00,30,3,1331.57,443.8566666666666,789,3,212,0.0,0.0,0.0,True,4,4,4,12,Champions,3,Core Regulars
12676,Sweden,2011-02-01 15:41:00,2011-11-15 12:25:00,25,6,1331.39,221.89833333333334,670,6,312,0.0,0.0,0.0,True,4,5,4,13,Champions,3,Core Regulars
16295,United Kingdom,2011-10-06 10:45:00,2011-11-30 08:17:00,10,4,1328.55,332.1375,841,2,65,0.0,0.0,0.0,True,5,4,4,13,Champions,3,Core Regulars
15146,United Kingdom,2011-02-21 13:07:00,2011-06-28 12:09:00,165,2,1327.16,663.58,1473,2,292,13.5,1.0,1.0069667178852206,True,2,3,4,9,At Risk,1,Growth Potential
17633,United Kingdom,2011-08-11 15:43:00,2011-11-08 13:25:00,32,4,1324.84,331.21,644,3,121,82.5,2.0,5.862122870095358,True,4,4,4,12,Champions,3,Core Regulars
12854,United Kingdom,2011-01-25 13:35:00,2011-09-22 12:15:00,79,3,1324.5,441.5,627,3,319,35.35,2.0,2.599551421112623,True,2,3,4,9,At Risk,1,Growth Potential
17095,United Kingdom,2011-01-09 11:05:00,2011-11-17 12:21:00,23,3,1324.16,441.3866666666667,618,3,335,235.95999999999998,3.0,15.124477604286847,True,4,4,4,12,Champions,3,Core Regulars
16370,United Kingdom,2011-04-28 16:40:00,2011-09-18 15:55:00,83,4,1320.56,330.14,647,4,226,0.0,0.0,0.0,True,2,4,4,10,At Risk,1,Growth Potential
14794,United Kingdom,2011-01-09 16:11:00,2011-12-07 10:11:00,3,7,1319.91,188.55857142857144,673,5,335,47.8,2.0,3.494892923207405,True,5,5,4,14,Champions,3,Core Regulars
13168,United Kingdom,2011-01-25 13:55:00,2011-11-03 12:56:00,37,4,1319.19,329.7975,682,4,319,9.05,1.0,0.6813527675721256,True,3,4,4,11,Loyal,3,Core Regulars
16083,United Kingdom,2010-12-14 11:51:00,2011-08-31 10:47:00,101,2,1317.62,658.81,908,2,361,0.0,0.0,0.0,True,2,3,4,9,At Risk,1,Growth Potential
12526,Germany,2011-09-06 14:19:00,2011-12-09 12:09:00,1,3,1316.66,438.8866666666667,632,3,95,0.0,0.0,0.0,True,5,3,4,12,Potential Loyalists,3,Core Regulars
14921,United Kingdom,2011-05-22 12:51:00,2011-11-09 13:17:00,31,2,1316.07,658.035,953,2,202,0.0,0.0,0.0,True,4,3,4,11,Potential Loyalists,1,Growth Potential
12576,Poland,2011-02-08 11:31:00,2011-11-04 10:11:00,36,5,1315.83,263.166,967,5,305,8.850000000000001,1.0,0.6680858773439625,True,3,4,4,11,Loyal,3,Core Regulars
14511,United Kingdom,2011-07-29 12:13:00,2011-11-28 17:05:00,12,5,1314.81,262.962,784,4,134,47.400000000000006,1.0,3.479639703129474,True,5,4,4,13,Champions,3,Core Regulars
16464,United Kingdom,2011-07-20 13:53:00,2011-11-20 12:11:00,20,3,1314.68,438.2266666666667,963,3,143,0.0,0.0,0.0,True,4,4,4,12,Champions,3,Core Regulars
14738,United Kingdom,2011-01-27 14:10:00,2011-10-28 08:56:00,43,7,1314.45,187.77857142857144,601,5,317,24.509999999999998,2.0,1.8305251837246819,True,3,5,4,12,Loyal,3,Core Regulars
14973,United Kingdom,2011-04-28 12:22:00,2011-08-24 15:51:00,108,3,1314.45,438.15000000000003,369,3,226,0.0,0.0,0.0,True,2,3,4,9,At Risk,1,Growth Potential
16040,United Kingdom,2011-03-16 09:58:00,2011-10-05 13:47:00,66,3,1313.55,437.84999999999997,684,3,269,0.0,0.0,0.0,True,3,4,4,11,Loyal,1,Growth Potential
12364,Belgium,2011-08-19 15:24:00,2011-12-02 10:22:00,8,4,1313.1,328.275,1506,4,113,0.0,0.0,0.0,True,5,4,4,13,Champions,3,Core Regulars
12516,Germany,2011-06-12 11:37:00,2011-09-23 09:13:00,78,2,1312.06,656.03,875,2,181,0.0,0.0,0.0,True,2,2,4,8,At Risk,1,Growth Potential
14856,United Kingdom,2011-10-14 09:35:00,2011-11-03 14:53:00,37,3,1311.3799999999999,437.1266666666666,714,2,57,0.0,0.0,0.0,True,3,3,4,10,Occasional,1,Growth Potential
14477,United Kingdom,2011-02-15 15:44:00,2011-11-20 11:11:00,20,4,1309.6,327.4,720,4,298,1.79,1.0,0.13649638932735494,True,4,4,4,12,Champions,3,Core Regulars
16120,United Kingdom,2011-10-11 14:10:00,2011-10-11 14:22:00,60,4,1309.14,327.285,878,1,60,15.0,1.0,1.1328107299832344,True,3,4,4,11,Loyal,1,Growth Potential
14047,United Kingdom,2010-12-02 10:09:00,2011-12-01 11:43:00,9,5,1308.6100000000001,261.72200000000004,381,5,373,18.6,2.0,1.4014360952675162,True,5,4,4,13,Champions,3,Core Regulars
13328,United Kingdom,2011-01-27 15:22:00,2011-01-27 15:22:00,317,1,1308.48,1308.48,680,1,317,0.0,0.0,0.0,False,1,1,4,6,At Risk,1,Growth Potential
14297,United Kingdom,2011-03-10 08:31:00,2011-11-22 09:06:00,18,4,1305.33,326.3325,865,3,275,21.270000000000003,2.0,1.603346901854365,True,4,4,4,12,Champions,3,Core Regulars
12507,Spain,2011-02-14 09:24:00,2011-07-28 17:09:00,135,3,1304.81,434.93666666666667,894,2,299,46.75,1.0,3.4589659356595344,True,2,3,4,9,At Risk,1,Growth Potential
16744,United Kingdom,2011-06-19 15:13:00,2011-11-28 13:06:00,12,7,1304.76,186.3942857142857,805,5,174,0.0,0.0,0.0,True,5,5,4,14,Champions,3,Core Regulars
17919,United Kingdom,2011-09-12 13:41:00,2011-09-12 13:41:00,89,1,1304.04,1304.04,756,1,89,0.0,0.0,0.0,False,2,2,4,8,At Risk,1,Growth Potential
15813,United Kingdom,2011-04-14 09:09:00,2011-05-16 08:13:00,208,2,1303.9099999999999,651.9549999999999,603,2,240,0.0,0.0,0.0,True,1,3,4,8,At Risk,1,Growth Potential
14898,United Kingdom,2010-12-03 15:25:00,2011-11-16 14:54:00,24,6,1303.52,217.25333333333333,1020,6,372,75.2,2.0,5.454334455146803,True,4,5,4,13,Champions,3,Core Regulars
15108,European Community,2011-04-26 10:54:00,2011-07-21 10:24:00,142,4,1300.25,325.0625,499,3,228,8.5,1.0,0.6494746895893028,True,2,4,4,10,At Risk,1,Growth Potential
15494,United Kingdom,2011-08-10 15:29:00,2011-11-18 14:51:00,22,2,1299.23,649.615,1148,2,122,0.0,0.0,0.0,True,4,3,4,11,Potential Loyalists,3,Core Regulars
12488,France,2011-09-25 10:34:00,2011-11-30 08:50:00,10,3,1298.66,432.8866666666667,529,3,76,0.0,0.0,0.0,True,5,3,4,12,Potential Loyalists,3,Core Regulars
12372,Denmark,2011-02-16 12:46:00,2011-09-29 12:12:00,72,3,1298.04,432.68,794,3,297,0.0,0.0,0.0,True,3,3,4,10,Occasional,1,Growth Potential
15602,United Kingdom,2010-12-06 15:35:00,2011-12-01 14:14:00,9,9,1297.8700000000001,144.20777777777778,1137,6,369,214.24,6.0,14.168281408098617,True,5,5,4,14,Champions,3,Core Regulars
17961,United Kingdom,2010-12-02 19:18:00,2011-11-18 16:55:00,22,39,1296.44,33.242051282051285,560,11,373,0.0,0.0,0.0,True,4,5,4,13,Champions,2,High-Value Loyal
16929,United Kingdom,2011-07-07 12:39:00,2011-12-06 08:37:00,4,7,1295.39,185.0557142857143,929,5,156,0.0,0.0,0.0,True,5,5,4,14,Champions,3,Core Regulars
16224,United Kingdom,2011-04-04 12:00:00,2011-10-13 17:51:00,58,4,1295.3,323.825,1116,3,250,0.0,0.0,0.0,True,3,4,4,11,Loyal,1,Growth Potential
15621,United Kingdom,2011-11-18 11:49:00,2011-12-05 14:01:00,5,4,1293.03,323.2575,501,2,22,134.26000000000002,2.0,9.406637754065398,True,5,4,4,13,Champions,3,Core Regulars
16101,United Kingdom,2011-09-30 10:18:00,2011-09-30 10:18:00,71,1,1290.7,1290.7,757,1,71,44.74,2.0,3.3502066734559395,False,3,2,4,9,Occasional,1,Growth Potential
15171,United Kingdom,2011-01-12 15:36:00,2011-01-12 15:36:00,332,1,1289.5,1289.5,290,1,332,254.99999999999997,1.0,16.51019747491097,False,1,1,4,6,At Risk,1,Growth Potential
15136,United Kingdom,2011-09-04 16:05:00,2011-12-07 12:26:00,3,4,1286.7,321.675,776,3,97,4.25,1.0,0.3292149192455169,True,5,4,4,13,Champions,3,Core Regulars
16949,United Kingdom,2011-01-27 12:11:00,2011-12-06 11:07:00,4,6,1286.27,214.37833333333333,791,6,317,125.0,1.0,8.857270401836644,True,5,5,4,14,Champions,3,Core Regulars
17350,United Kingdom,2011-10-19 16:05:00,2011-12-01 15:47:00,9,4,1286.07,321.5175,795,2,52,29.88,1.0,2.2706029864356547,True,5,4,4,13,Champions,3,Core Regulars
17802,United Kingdom,2010-12-02 13:44:00,2011-09-18 14:56:00,83,3,1285.04,428.34666666666664,752,3,373,33.2,1.0,2.5185095278553224,True,2,4,4,10,At Risk,1,Growth Potential
16899,United Kingdom,2010-12-14 13:11:00,2011-12-02 12:03:00,8,6,1281.56,213.59333333333333,522,6,361,0.0,0.0,0.0,True,5,5,4,14,Champions,3,Core Regulars
13878,United Kingdom,2011-10-16 12:19:00,2011-10-16 12:19:00,55,1,1281.53,1281.53,475,1,55,0.0,0.0,0.0,False,3,1,4,8,Occasional,1,Growth Potential
13538,United Kingdom,2011-01-28 10:40:00,2011-10-27 16:34:00,44,7,1280.85,182.97857142857143,175,7,316,0.0,0.0,0.0,True,3,5,4,12,Loyal,3,Core Regulars
16951,United Kingdom,2011-02-08 14:58:00,2011-07-28 12:05:00,135,3,1277.75,425.9166666666667,1318,2,305,15.0,1.0,1.1603171533552505,True,2,4,4,10,At Risk,1,Growth Potential
16692,United Kingdom,2011-02-23 15:41:00,2011-03-28 14:46:00,257,2,1276.0,638.0,152,2,290,0.0,0.0,0.0,True,1,3,4,8,At Risk,1,Growth Potential
17019,United Kingdom,2010-12-06 12:55:00,2011-11-28 13:06:00,12,4,1272.61,318.1525,827,4,369,0.0,0.0,0.0,True,5,4,4,13,Champions,3,Core Regulars
12394,Belgium,2011-05-06 14:01:00,2011-10-07 08:08:00,64,2,1272.48,636.24,819,2,218,0.0,0.0,0.0,True,3,2,4,9,Occasional,1,Growth Potential
12630,Finland,2011-10-27 10:41:00,2011-11-30 10:48:00,10,2,1270.88,635.44,548,2,44,0.0,0.0,0.0,True,5,2,4,11,Potential Loyalists,3,Core Regulars
14669,United Kingdom,2011-01-11 12:30:00,2011-04-12 11:43:00,242,3,1269.99,423.33,775,2,333,0.0,0.0,0.0,True,1,3,4,8,At Risk,1,Growth Potential
13492,Switzerland,2011-05-09 10:06:00,2011-07-26 14:25:00,137,3,1269.84,423.28,408,2,215,0.0,0.0,0.0,True,2,3,4,9,At Risk,1,Growth Potential
13431,United Kingdom,2011-09-12 11:25:00,2011-10-03 13:49:00,68,2,1269.1,634.55,672,2,89,0.0,0.0,0.0,True,3,2,4,9,Occasional,1,Growth Potential
14916,United Kingdom,2011-01-19 15:30:00,2011-09-30 09:20:00,71,4,1268.98,317.245,1136,3,325,4.14,1.0,0.3251853713711197,True,3,4,4,11,Loyal,1,Growth Potential
15199,United Kingdom,2011-02-04 14:04:00,2011-10-11 15:12:00,60,4,1268.7,317.175,396,4,309,0.0,0.0,0.0,True,3,4,4,11,Loyal,1,Growth Potential
16660,United Kingdom,2011-01-24 12:44:00,2011-11-23 14:53:00,17,4,1267.6499999999999,316.91249999999997,571,3,320,457.2,1.0,26.506652752413256,True,4,4,4,12,Champions,3,Core Regulars
17037,United Kingdom,2011-09-13 12:49:00,2011-09-13 12:49:00,88,1,1267.32,1267.32,656,1,88,14.100000000000001,1.0,1.1003418083064105,False,2,2,4,8,At Risk,1,Growth Potential
17158,United Kingdom,2010-12-14 13:03:00,2011-11-07 15:15:00,33,3,1266.97,422.3233333333333,778,3,361,0.0,0.0,0.0,True,3,4,4,11,Loyal,1,Growth Potential
14105,United Kingdom,2011-04-14 17:58:00,2011-04-14 17:58:00,240,1,1266.23,1266.23,800,1,240,5.9,1.0,0.4637890781602509,False,1,1,4,6,At Risk,1,Growth Potential
13989,United Kingdom,2011-04-14 15:39:00,2011-10-05 09:47:00,66,2,1266.08,633.04,1313,2,240,0.0,0.0,0.0,True,3,3,4,10,Occasional,1,Growth Potential
16842,United Kingdom,2011-02-10 14:51:00,2011-08-31 10:42:00,101,3,1264.19,421.3966666666667,693,3,303,3.75,1.0,0.29575531965234947,True,2,4,4,10,At Risk,1,Growth Potential
15497,United Kingdom,2011-01-24 10:01:00,2011-11-22 11:51:00,18,2,1262.2,631.1,624,2,320,2.5,1.0,0.197675338024828,True,4,3,4,11,Potential Loyalists,3,Core Regulars
15009,United Kingdom,2011-11-14 17:40:00,2011-11-27 13:35:00,13,3,1261.78,420.5933333333333,642,1,26,0.0,0.0,0.0,True,5,3,4,12,Potential Loyalists,3,Core Regulars
16688,United Kingdom,2011-10-10 12:23:00,2011-12-08 15:24:00,2,4,1260.86,315.215,804,3,61,0.0,0.0,0.0,True,5,4,4,13,Champions,3,Core Regulars
17388,United Kingdom,2011-02-25 12:28:00,2011-09-23 10:31:00,78,4,1259.56,314.89,1068,4,288,0.0,0.0,0.0,True,2,4,4,10,At Risk,1,Growth Potential
17412,United Kingdom,2010-12-02 16:29:00,2011-12-07 11:36:00,3,7,1258.06,179.72285714285712,738,6,373,0.0,0.0,0.0,True,5,5,4,14,Champions,3,Core Regulars
13151,United Kingdom,2011-02-17 12:29:00,2011-02-17 12:29:00,296,1,1257.8700000000001,1257.8700000000001,363,1,296,7.5,1.0,0.5927120130870812,False,1,1,4,6,At Risk,1,Growth Potential
14931,Channel Islands,2011-04-13 09:32:00,2011-12-05 10:19:00,5,5,1257.68,251.536,417,5,241,293.0,1.0,18.89493641499213,True,5,4,4,13,Champions,3,Core Regulars
16639,United Kingdom,2011-04-18 09:31:00,2011-11-08 13:20:00,32,3,1257.51,419.17,510,3,236,88.13000000000001,1.0,6.549299961356679,True,4,4,4,12,Champions,3,Core Regulars
17481,United Kingdom,2011-09-07 09:57:00,2011-12-06 12:28:00,4,4,1255.59,313.8975,1061,3,94,6.25,1.0,0.4953084384708046,True,5,4,4,13,Champions,3,Core Regulars
13848,United Kingdom,2010-12-08 15:10:00,2011-09-08 12:58:00,93,3,1255.0,418.3333333333333,3700,3,367,0.0,0.0,0.0,True,2,3,4,9,At Risk,1,Growth Potential
17262,United Kingdom,2010-12-08 13:30:00,2011-10-18 12:56:00,53,5,1253.3600000000001,250.67200000000003,367,4,367,0.0,0.0,0.0,True,3,4,4,11,Loyal,1,Growth Potential
14698,United Kingdom,2011-10-19 12:54:00,2011-12-08 12:26:00,2,5,1250.76,250.152,615,3,52,0.0,0.0,0.0,True,5,4,4,13,Champions,3,Core Regulars
14383,United Kingdom,2011-06-29 10:18:00,2011-11-01 15:53:00,39,3,1247.69,415.8966666666667,817,3,164,0.0,0.0,0.0,True,3,3,4,10,Occasional,1,Growth Potential
12689,France,2011-08-04 10:04:00,2011-11-14 08:31:00,26,2,1247.61,623.805,628,2,128,0.0,0.0,0.0,True,4,2,4,10,Potential Loyalists,1,Growth Potential
13029,United Kingdom,2010-12-21 13:53:00,2011-11-09 09:13:00,31,3,1247.5,415.8333333333333,134,3,354,0.0,0.0,0.0,True,4,3,4,11,Potential Loyalists,3,Core Regulars
15004,United Kingdom,2011-07-15 14:05:00,2011-07-15 14:05:00,148,1,1246.32,1246.32,630,1,148,0.0,0.0,0.0,False,2,1,4,7,At Risk,1,Growth Potential
12494,France,2010-12-09 11:31:00,2011-11-24 09:34:00,16,7,1246.1000000000001,178.01428571428573,707,6,366,106.75,6.0,7.890749159182466,True,4,5,4,13,Champions,3,Core Regulars
13860,United Kingdom,2011-09-14 09:27:00,2011-12-08 12:57:00,2,5,1245.9,249.18,591,4,87,5.9,1.0,0.4713212973318421,True,5,4,4,13,Champions,3,Core Regulars
14428,United Kingdom,2011-01-18 16:39:00,2011-12-02 13:17:00,8,5,1244.83,248.96599999999998,436,5,326,14.690000000000001,2.0,1.1663173272357725,True,5,4,4,13,Champions,3,Core Regulars
16531,United Kingdom,2010-12-14 13:19:00,2011-11-17 16:29:00,23,7,1244.59,177.79857142857142,915,6,361,0.0,0.0,0.0,True,4,5,4,13,Champions,3,Core Regulars
17584,United Kingdom,2011-08-04 14:12:00,2011-12-02 17:12:00,8,2,1242.3,621.15,458,2,128,15.0,1.0,1.1930326890956813,True,5,3,4,12,Potential Loyalists,3,Core Regulars
17588,United Kingdom,2011-04-21 10:31:00,2011-08-31 13:37:00,101,3,1240.2,413.40000000000003,676,3,233,0.0,0.0,0.0,True,2,4,4,10,At Risk,1,Growth Potential
17731,United Kingdom,2011-06-09 14:18:00,2011-09-21 15:02:00,80,4,1240.11,310.0275,493,3,184,361.90999999999997,1.0,22.59085404676596,True,2,4,4,10,At Risk,1,Growth Potential
12985,United Kingdom,2011-11-11 12:44:00,2011-12-09 10:46:00,1,2,1239.38,619.69,1533,2,29,23.759999999999998,1.0,1.8810266478775115,True,5,2,4,11,Potential Loyalists,3,Core Regulars
13476,United Kingdom,2011-03-03 14:43:00,2011-06-14 12:00:00,179,2,1238.47,619.235,417,2,282,145.7,2.0,10.526163693765938,True,2,2,4,8,At Risk,1,Growth Potential
14893,United Kingdom,2011-11-28 10:49:00,2011-11-30 12:31:00,10,2,1237.8500000000001,618.9250000000001,799,1,12,0.0,0.0,0.0,True,5,3,4,12,Potential Loyalists,3,Core Regulars
13931,United Kingdom,2011-03-04 08:43:00,2011-09-05 10:12:00,96,2,1237.53,618.765,725,2,281,6.6,1.0,0.5304911866123315,True,2,2,4,8,At Risk,1,Growth Potential
15201,United Kingdom,2011-04-06 14:02:00,2011-09-13 14:53:00,88,5,1236.54,247.308,1210,4,248,308.7,6.0,19.97747922652792,True,2,4,4,10,At Risk,1,Growth Potential
14684,United Kingdom,2010-12-12 12:44:00,2011-11-14 11:33:00,26,5,1236.28,247.256,853,5,363,0.0,0.0,0.0,True,4,4,4,12,Champions,3,Core Regulars
15376,United Kingdom,2011-05-01 13:45:00,2011-10-30 15:04:00,41,3,1233.3600000000001,411.12000000000006,619,3,223,0.0,0.0,0.0,True,3,3,4,10,Occasional,1,Growth Potential
15910,United Kingdom,2011-01-27 11:55:00,2011-12-09 10:51:00,1,8,1232.18,154.0225,1015,8,317,0.0,0.0,0.0,True,5,5,4,14,Champions,3,Core Regulars
18080,United Kingdom,2011-04-11 10:10:00,2011-11-21 08:02:00,19,2,1231.5,615.75,642,2,243,0.0,0.0,0.0,True,4,3,4,11,Potential Loyalists,3,Core Regulars
18171,United Kingdom,2011-01-10 09:55:00,2011-10-12 09:13:00,59,5,1231.31,246.262,481,5,334,22.8,2.0,1.818022342537736,True,3,4,4,11,Loyal,1,Growth Potential
14913,United Kingdom,2010-12-15 14:35:00,2011-11-04 08:29:00,36,4,1227.43,306.8575,1743,4,360,0.0,0.0,0.0,True,3,4,4,11,Loyal,3,Core Regulars
12997,United Kingdom,2011-01-26 15:49:00,2011-11-17 15:47:00,23,4,1226.89,306.7225,664,4,318,28.95,3.0,2.3052299656007134,True,4,4,4,12,Champions,3,Core Regulars
12412,Denmark,2011-06-23 13:51:00,2011-09-26 10:16:00,75,3,1226.88,408.96000000000004,829,3,170,0.0,0.0,0.0,True,2,3,4,9,At Risk,1,Growth Potential
17774,United Kingdom,2011-02-07 13:13:00,2011-09-04 12:49:00,97,4,1225.41,306.3525,512,4,306,9.95,1.0,0.8054332340370417,True,2,4,4,10,At Risk,1,Growth Potential
15841,United Kingdom,2011-01-05 11:25:00,2011-09-28 12:15:00,73,4,1224.06,306.015,942,3,339,14.959999999999999,2.0,1.207405853012865,True,2,4,4,10,At Risk,1,Growth Potential
13208,United Kingdom,2011-02-03 19:32:00,2011-10-12 09:54:00,59,6,1223.9,203.98333333333335,804,5,310,18.0,1.0,1.4493920605523793,True,3,5,4,12,Loyal,1,Growth Potential
16794,United Kingdom,2011-06-12 14:15:00,2011-12-08 17:54:00,2,10,1222.71,122.271,937,7,181,21.2,2.0,1.7043033659991478,True,5,5,4,14,Champions,3,Core Regulars
14745,United Kingdom,2011-02-27 15:25:00,2011-08-19 10:05:00,113,5,1220.26,244.052,1038,4,286,53.1,1.0,4.17006973675944,True,2,4,4,10,At Risk,1,Growth Potential
15227,United Kingdom,2011-01-26 15:31:00,2011-11-03 11:59:00,37,5,1219.4,243.88000000000002,750,4,318,0.0,0.0,0.0,True,3,4,4,11,Loyal,3,Core Regulars
13491,United Kingdom,2010-12-02 14:30:00,2011-10-19 08:32:00,52,10,1215.82,121.582,903,7,373,0.0,0.0,0.0,True,3,5,4,12,Loyal,3,Core Regulars
17410,United Kingdom,2011-05-08 15:21:00,2011-11-23 15:46:00,17,5,1214.72,242.94400000000002,616,4,216,0.0,0.0,0.0,True,4,4,4,12,Champions,3,Core Regulars
13055,United Kingdom,2011-05-10 08:58:00,2011-09-22 14:26:00,79,3,1214.41,404.80333333333334,894,2,214,12.450000000000001,1.0,1.0147857131213014,True,2,3,4,9,At Risk,1,Growth Potential
18263,United Kingdom,2011-04-01 11:48:00,2011-11-14 09:00:00,26,3,1213.1599999999999,404.3866666666666,1468,3,253,2.08,1.0,0.17115960633290547,True,4,4,4,12,Champions,3,Core Regulars
13918,United Kingdom,2011-03-31 18:05:00,2011-10-21 12:25:00,50,2,1212.8400000000001,606.4200000000001,1140,2,254,0.0,0.0,0.0,True,3,2,4,9,Occasional,1,Growth Potential
16653,United Kingdom,2011-09-29 13:38:00,2011-11-23 14:51:00,17,2,1212.66,606.33,733,2,72,45.74,1.0,3.634774316592498,True,4,3,4,11,Potential Loyalists,3,Core Regulars
12464,Belgium,2011-02-03 13:30:00,2011-11-29 13:33:00,11,8,1212.05,151.50625,112,5,310,0.0,0.0,0.0,True,5,5,4,14,Champions,3,Core Regulars
17653,United Kingdom,2011-08-11 15:24:00,2011-11-03 12:46:00,37,4,1207.56,301.89,1409,3,121,31.68,1.0,2.5564055388786677,True,3,4,4,11,Loyal,3,Core Regulars
15737,United Kingdom,2011-04-11 10:01:00,2011-11-25 11:21:00,15,8,1205.1200000000001,150.64000000000001,599,5,243,83.91,4.0,6.509545937643033,True,4,5,4,13,Champions,3,Core Regulars
16800,United Kingdom,2011-11-28 14:06:00,2011-11-28 14:06:00,12,1,1201.49,1201.49,540,1,12,0.0,0.0,0.0,False,5,2,4,11,New Customers,4,Recent Starters
13158,United Kingdom,2011-01-25 09:58:00,2011-09-06 11:58:00,95,4,1201.06,300.265,784,4,319,0.0,0.0,0.0,True,2,4,4,10,At Risk,1,Growth Potential
17320,United Kingdom,2010-12-06 15:38:00,2011-08-31 13:31:00,101,3,1200.6200000000001,400.2066666666667,634,3,369,0.0,0.0,0.0,True,2,4,4,10,At Risk,1,Growth Potential
17800,United Kingdom,2011-01-09 13:50:00,2011-11-02 12:57:00,38,9,1199.01,133.22333333333333,736,8,335,0.0,0.0,0.0,True,3,5,4,12,Loyal,3,Core Regulars
15605,United Kingdom,2010-12-01 13:38:00,2011-11-03 14:17:00,37,5,1198.23,239.64600000000002,441,5,374,0.0,0.0,0.0,True,3,4,4,11,Loyal,3,Core Regulars
13118,United Kingdom,2011-02-24 12:32:00,2011-11-20 12:46:00,20,5,1197.81,239.56199999999998,410,4,289,72.81,2.0,5.730273409831422,True,4,4,4,12,Champions,3,Core Regulars
13211,United Kingdom,2010-12-13 16:17:00,2011-11-29 14:43:00,11,3,1197.42,399.14000000000004,874,3,362,0.0,0.0,0.0,True,5,3,4,12,Potential Loyalists,3,Core Regulars
16042,United Kingdom,2011-01-11 13:25:00,2011-11-17 17:50:00,23,5,1197.27,239.454,755,4,333,49.9,2.0,4.001058396209017,True,4,4,4,12,Champions,3,Core Regulars
17867,United Kingdom,2011-02-24 12:25:00,2011-11-09 14:15:00,31,6,1197.1000000000001,199.51666666666668,542,4,289,574.35,2.0,32.42259166219763,True,4,5,4,13,Champions,3,Core Regulars
14487,United Kingdom,2010-12-06 13:22:00,2011-11-13 12:17:00,27,6,1196.33,199.38833333333332,735,4,369,12.75,1.0,1.054520792668806,True,4,5,4,13,Champions,3,Core Regulars
17720,United Kingdom,2010-12-07 10:43:00,2011-11-13 15:04:00,27,4,1195.94,298.985,576,4,368,0.0,0.0,0.0,True,4,4,4,12,Champions,3,Core Regulars
17526,United Kingdom,2010-12-09 12:20:00,2011-12-05 11:05:00,5,4,1195.8999999999999,298.97499999999997,310,3,366,489.19999999999993,4.0,29.03091804640674,True,5,4,4,13,Champions,3,Core Regulars
15145,United Kingdom,2011-04-05 15:20:00,2011-12-05 17:21:00,5,4,1194.73,298.6825,756,3,249,0.0,0.0,0.0,True,5,4,4,13,Champions,3,Core Regulars
12611,Italy,2011-10-18 13:12:00,2011-10-18 13:12:00,53,1,1193.32,1193.32,846,1,53,0.0,0.0,0.0,False,3,1,4,8,Occasional,1,Growth Potential
13882,United Kingdom,2011-10-06 15:28:00,2011-12-07 11:16:00,3,5,1191.13,238.22600000000003,953,3,65,59.849999999999994,1.0,4.784249148667444,True,5,4,4,13,Champions,3,Core Regulars
12462,Spain,2011-02-09 14:44:00,2011-11-21 09:11:00,19,2,1189.59,594.795,536,2,304,65.58,2.0,5.224790267453812,True,4,2,4,10,Potential Loyalists,3,Core Regulars
16612,United Kingdom,2011-02-01 10:38:00,2011-11-07 07:38:00,33,4,1187.66,296.915,506,4,312,0.0,0.0,0.0,True,3,4,4,11,Loyal,3,Core Regulars
15630,United Kingdom,2011-05-19 10:16:00,2011-10-25 15:36:00,46,2,1186.35,593.175,800,2,205,5.95,1.0,0.4990354776482429,True,3,3,4,10,Occasional,1,Growth Potential
13752,United Kingdom,2011-04-07 12:04:00,2011-08-07 14:16:00,125,6,1186.28,197.71333333333334,876,5,247,0.0,0.0,0.0,True,2,5,4,11,At Risk,1,Growth Potential
17058,United Kingdom,2011-04-14 09:18:00,2011-09-19 10:13:00,82,3,1179.89,393.2966666666667,592,3,240,0.0,0.0,0.0,True,2,4,4,10,At Risk,1,Growth Potential
16950,United Kingdom,2010-12-07 15:20:00,2011-10-14 09:06:00,57,3,1178.56,392.8533333333333,644,3,368,0.0,0.0,0.0,True,3,4,4,11,Loyal,1,Growth Potential
12885,United Kingdom,2011-08-08 11:45:00,2011-10-07 13:40:00,64,3,1175.22,391.74,655,2,124,16.95,1.0,1.4217770955484537,True,3,3,4,10,Occasional,1,Growth Potential
12640,France,2011-09-19 12:01:00,2011-11-16 11:52:00,24,3,1174.58,391.52666666666664,311,2,82,0.0,0.0,0.0,True,4,3,4,11,Potential Loyalists,3,Core Regulars
15306,United Kingdom,2011-07-14 15:22:00,2011-10-06 12:56:00,65,3,1174.35,391.45,810,3,149,0.0,0.0,0.0,True,3,3,4,10,Occasional,1,Growth Potential
14857,United Kingdom,2011-07-14 15:03:00,2011-10-11 09:23:00,60,2,1173.12,586.56,464,2,149,7.47,1.0,0.6327344802175184,True,3,3,4,10,Occasional,1,Growth Potential
13611,United Kingdom,2010-12-15 10:31:00,2011-09-11 14:51:00,90,3,1171.8,390.59999999999997,766,3,360,13.6,1.0,1.1472920533153368,True,2,3,4,9,At Risk,1,Growth Potential
18168,United Kingdom,2010-12-02 18:08:00,2011-06-16 19:21:00,177,6,1169.94,194.99,594,5,373,36.3,3.0,3.0093513728611216,True,2,5,4,11,At Risk,1,Growth Potential
12358,Austria,2011-07-12 10:04:00,2011-12-08 10:26:00,2,2,1168.06,584.03,248,2,151,0.0,0.0,0.0,True,5,2,4,11,Potential Loyalists,3,Core Regulars
13500,United Kingdom,2011-08-09 12:20:00,2011-11-16 15:35:00,24,3,1166.77,388.92333333333335,609,2,123,30.0,1.0,2.5067473282251393,True,4,3,4,11,Potential Loyalists,3,Core Regulars
14737,United Kingdom,2010-12-21 13:49:00,2011-12-06 10:16:00,4,3,1164.55,388.18333333333334,345,3,354,0.0,0.0,0.0,True,5,3,4,12,Potential Loyalists,3,Core Regulars
14261,United Kingdom,2011-09-22 10:47:00,2011-10-20 10:04:00,51,2,1163.45,581.725,406,2,79,0.0,0.0,0.0,True,3,3,4,10,Occasional,1,Growth Potential
14447,United Kingdom,2011-03-04 10:49:00,2011-11-21 08:28:00,19,5,1163.23,232.64600000000002,571,4,281,0.0,0.0,0.0,True,4,4,4,12,Champions,3,Core Regulars
16714,United Kingdom,2011-01-26 13:40:00,2011-05-05 11:09:00,219,3,1161.53,387.1766666666667,610,2,318,250.0,1.0,17.711277833273115,True,1,4,4,9,At Risk,1,Growth Potential
12546,Spain,2011-09-23 09:44:00,2011-10-24 12:09:00,47,2,1161.5,580.75,633,2,78,20.0,1.0,1.6927634363097757,True,3,2,4,9,Occasional,1,Growth Potential
15088,United Kingdom,2011-10-03 14:05:00,2011-11-18 13:14:00,22,2,1160.07,580.035,460,2,68,19.8,1.0,1.6781509827353862,True,4,3,4,11,Potential Loyalists,4,Recent Starters
17348,United Kingdom,2011-02-15 10:49:00,2011-11-25 11:25:00,15,5,1159.52,231.904,1401,3,298,0.0,0.0,0.0,True,4,4,4,12,Champions,3,Core Regulars
13499,United Kingdom,2011-03-15 08:52:00,2011-11-22 11:21:00,18,5,1159.11,231.82199999999997,1365,4,270,12.15,2.0,1.037344398340249,True,4,4,4,12,Champions,3,Core Regulars
16184,United Kingdom,2011-05-12 13:33:00,2011-10-06 17:43:00,65,6,1158.79,193.13166666666666,561,5,212,3.25,1.0,0.2796805617706792,True,3,5,4,12,Loyal,1,Growth Potential
14723,United Kingdom,2010-12-03 14:18:00,2011-11-29 15:23:00,11,6,1158.3,193.04999999999998,695,3,372,0.0,0.0,0.0,True,5,5,4,14,Champions,3,Core Regulars
13744,United Kingdom,2011-02-20 14:08:00,2011-09-05 15:19:00,96,2,1156.36,578.18,1249,2,293,0.0,0.0,0.0,True,2,2,4,8,At Risk,1,Growth Potential
16637,United Kingdom,2011-04-28 10:20:00,2011-11-07 13:17:00,33,4,1154.47,288.6175,927,4,226,29.879999999999995,1.0,2.5229028581078228,True,3,4,4,11,Loyal,3,Core Regulars
16062,United Kingdom,2010-12-10 12:00:00,2011-11-30 12:15:00,10,4,1153.62,288.405,800,4,365,0.0,0.0,0.0,True,5,4,4,13,Champions,3,Core Regulars
12710,Germany,2011-05-22 14:05:00,2011-09-04 12:00:00,97,3,1149.02,383.00666666666666,851,3,202,18.45,1.0,1.5803403941857177,True,2,3,4,9,At Risk,1,Growth Potential
17505,United Kingdom,2011-05-18 09:01:00,2011-07-01 12:50:00,162,2,1145.84,572.92,556,2,206,0.0,0.0,0.0,True,2,3,4,9,At Risk,1,Growth Potential
16766,United Kingdom,2011-03-11 13:34:00,2011-03-11 15:22:00,274,2,1145.6,572.8,536,1,274,0.0,0.0,0.0,True,1,3,4,8,At Risk,1,Growth Potential
12769,Brazil,2011-04-15 10:25:00,2011-04-15 10:25:00,239,1,1143.6,1143.6,356,1,239,0.0,0.0,0.0,False,1,1,4,6,At Risk,1,Growth Potential
17770,United Kingdom,2011-03-02 13:35:00,2011-05-25 12:34:00,199,5,1143.27,228.654,365,2,283,0.0,0.0,0.0,True,1,4,4,9,At Risk,1,Growth Potential
18125,United Kingdom,2011-01-27 15:02:00,2011-11-10 12:29:00,30,4,1142.99,285.7475,804,4,317,1.65,1.0,0.14415012580374614,True,4,4,4,12,Champions,3,Core Regulars
15985,United Kingdom,2011-04-17 11:04:00,2011-08-08 16:31:00,124,2,1142.42,571.21,1086,2,237,105.0,1.0,8.417373458819002,True,2,3,4,9,At Risk,1,Growth Potential
16270,United Kingdom,2010-12-21 14:26:00,2010-12-21 14:26:00,354,1,1141.24,1141.24,688,1,354,0.0,0.0,0.0,False,1,2,4,7,At Risk,1,Growth Potential
13330,United Kingdom,2011-01-28 10:08:00,2011-09-08 12:27:00,93,3,1140.93,380.31,751,3,316,0.0,0.0,0.0,True,2,3,4,9,At Risk,1,Growth Potential
13819,United Kingdom,2011-01-24 10:38:00,2011-02-11 10:38:00,302,3,1140.35,380.1166666666666,1109,2,320,0.0,0.0,0.0,True,1,3,4,8,At Risk,1,Growth Potential
16172,United Kingdom,2011-04-12 12:02:00,2011-09-05 13:22:00,96,5,1140.21,228.042,787,4,242,0.0,0.0,0.0,True,2,4,4,10,At Risk,1,Growth Potential
17135,United Kingdom,2010-12-03 09:31:00,2011-11-23 16:48:00,17,7,1139.73,162.81857142857143,1224,4,372,0.0,0.0,0.0,True,4,5,4,13,Champions,3,Core Regulars
17500,United Kingdom,2011-11-10 09:08:00,2011-11-22 14:25:00,18,3,1138.0,379.3333333333333,17,1,30,0.0,0.0,0.0,True,4,4,4,12,Champions,3,Core Regulars
17302,United Kingdom,2011-02-07 10:14:00,2011-11-25 09:36:00,15,5,1135.63,227.12600000000003,575,4,306,15.7,1.0,1.3636403116395819,True,4,4,4,12,Champions,3,Core Regulars
17242,United Kingdom,2011-06-12 13:04:00,2011-08-23 14:55:00,109,2,1135.04,567.52,611,2,181,0.0,0.0,0.0,True,2,3,4,9,At Risk,1,Growth Potential
15489,United Kingdom,2011-05-12 12:54:00,2011-11-17 08:53:00,23,3,1134.28,378.0933333333333,608,3,212,44.25000000000001,1.0,3.754677437146276,True,4,3,4,11,Potential Loyalists,3,Core Regulars
16989,United Kingdom,2011-07-12 09:11:00,2011-12-02 16:39:00,8,6,1133.25,188.875,1233,5,151,0.0,0.0,0.0,True,5,5,4,14,Champions,3,Core Regulars
17585,United Kingdom,2011-01-05 15:09:00,2011-08-22 13:30:00,110,4,1133.07,283.2675,1671,4,339,0.0,0.0,0.0,True,2,4,4,10,At Risk,1,Growth Potential
13282,United Kingdom,2011-05-03 12:03:00,2011-11-21 15:33:00,19,3,1132.14,377.38000000000005,307,3,221,84.3,3.0,6.93005820262405,True,4,3,4,11,Potential Loyalists,3,Core Regulars
13772,United Kingdom,2011-04-14 12:31:00,2011-11-06 11:43:00,34,3,1132.13,377.3766666666667,546,3,240,0.0,0.0,0.0,True,3,3,4,10,Occasional,1,Growth Potential
13310,United Kingdom,2011-01-19 14:50:00,2011-11-11 17:23:00,29,3,1132.03,377.3433333333333,587,3,325,48.400000000000006,3.0,4.100200774294113,True,4,3,4,11,Potential Loyalists,3,Core Regulars
13610,United Kingdom,2011-02-27 14:44:00,2011-11-27 15:38:00,13,7,1131.88,161.69714285714286,516,7,286,16.45,2.0,1.432515043585032,True,5,5,4,14,Champions,3,Core Regulars
15500,United Kingdom,2011-09-19 13:47:00,2011-12-01 13:47:00,9,4,1131.56,282.89,572,3,82,0.0,0.0,0.0,True,5,4,4,13,Champions,3,Core Regulars
13447,United Kingdom,2011-11-04 10:10:00,2011-11-16 13:38:00,24,3,1129.14,376.38000000000005,584,1,36,24.910000000000004,1.0,2.1584853342576147,True,4,3,4,11,Potential Loyalists,3,Core Regulars
14824,United Kingdom,2011-09-09 14:12:00,2011-11-29 14:20:00,11,4,1127.71,281.9275,525,2,92,0.0,0.0,0.0,True,5,4,4,13,Champions,3,Core Regulars
12609,Germany,2011-01-25 15:13:00,2011-09-22 16:34:00,79,3,1126.85,375.6166666666666,648,3,319,0.0,0.0,0.0,True,2,3,4,9,At Risk,1,Growth Potential
14708,United Kingdom,2010-12-06 12:23:00,2011-12-07 08:21:00,3,3,1126.37,375.45666666666665,621,3,369,29.700000000000003,1.0,2.5690485870232775,True,5,3,4,12,Potential Loyalists,3,Core Regulars
17470,United Kingdom,2010-12-07 09:57:00,2011-10-26 12:42:00,45,5,1125.07,225.01399999999998,1675,5,368,0.0,0.0,0.0,True,3,4,4,11,Loyal,3,Core Regulars
14129,United Kingdom,2011-03-24 08:44:00,2011-12-08 11:02:00,2,5,1123.8600000000001,224.77200000000002,592,4,261,0.0,0.0,0.0,True,5,4,4,13,Champions,3,Core Regulars
15436,United Kingdom,2011-04-19 16:52:00,2011-11-27 16:05:00,13,3,1122.53,374.1766666666667,613,3,235,0.0,0.0,0.0,True,5,3,4,12,Potential Loyalists,3,Core Regulars
13486,United Kingdom,2011-07-07 17:19:00,2011-09-22 13:13:00,79,3,1122.41,374.1366666666667,669,3,156,0.0,0.0,0.0,True,2,3,4,9,At Risk,1,Growth Potential
17562,United Kingdom,2011-06-19 13:06:00,2011-11-25 14:21:00,15,7,1122.38,160.34,817,6,174,15.0,1.0,1.31882044699221,True,4,5,4,13,Champions,3,Core Regulars
16807,United Kingdom,2011-03-14 09:46:00,2011-07-20 12:00:00,143,3,1121.59,373.8633333333333,778,3,271,0.0,0.0,0.0,True,2,4,4,10,At Risk,1,Growth Potential
16086,United Kingdom,2010-12-07 13:45:00,2011-10-11 13:09:00,60,5,1121.39,224.27800000000002,511,5,368,2.08,1.0,0.1851406802139799,True,3,4,4,11,Loyal,1,Growth Potential
15730,United Kingdom,2011-05-17 12:43:00,2011-10-05 12:31:00,66,3,1120.88,373.6266666666667,689,3,207,12.5,1.0,1.1028957631156364,True,3,3,4,10,Occasional,1,Growth Potential
17894,United Kingdom,2010-12-08 14:50:00,2011-09-29 09:23:00,72,8,1119.81,139.97625,405,4,367,0.0,0.0,0.0,True,2,5,4,11,At Risk,3,Core Regulars
14276,United Kingdom,2011-02-23 09:38:00,2011-09-02 09:45:00,99,3,1119.74,373.24666666666667,744,3,290,100.35,2.0,8.224803088296765,True,2,3,4,9,At Risk,1,Growth Potential
13064,United Kingdom,2011-01-16 13:41:00,2011-11-27 12:31:00,13,4,1119.49,279.8725,516,4,328,0.0,0.0,0.0,True,5,4,4,13,Champions,3,Core Regulars
12842,United Kingdom,2011-02-04 12:36:00,2011-09-30 15:33:00,71,2,1118.99,559.495,547,2,309,0.0,0.0,0.0,True,3,2,4,9,Occasional,1,Growth Potential
15716,United Kingdom,2010-12-05 12:26:00,2011-07-17 11:59:00,146,4,1118.81,279.7025,744,4,370,0.0,0.0,0.0,True,2,4,4,10,At Risk,1,Growth Potential
17788,United Kingdom,2011-08-02 10:38:00,2011-09-27 10:09:00,74,2,1117.9,558.95,211,2,130,0.0,0.0,0.0,True,2,3,4,9,At Risk,1,Growth Potential
13591,United Kingdom,2011-03-18 12:18:00,2011-10-06 12:26:00,65,3,1117.13,372.3766666666667,485,3,267,0.0,0.0,0.0,True,3,3,4,10,Occasional,1,Growth Potential
14971,United Kingdom,2011-10-27 13:33:00,2011-11-04 17:07:00,36,3,1116.57,372.19,644,2,44,0.0,0.0,0.0,True,3,3,4,10,Occasional,1,Growth Potential
16350,United Kingdom,2011-01-10 09:44:00,2011-11-18 15:53:00,22,4,1116.47,279.1175,545,4,334,16.0,1.0,1.41284095825938,True,4,4,4,12,Champions,3,Core Regulars
12679,France,2011-03-01 12:26:00,2011-10-12 12:30:00,59,4,1113.02,278.255,554,4,284,54.35,5.0,4.655764667586113,True,3,4,4,11,Loyal,1,Growth Potential
17609,United Kingdom,2011-01-16 16:23:00,2011-10-30 12:28:00,41,5,1112.22,222.44400000000002,723,4,328,8.3,1.0,0.7407275193660088,True,3,4,4,11,Loyal,3,Core Regulars
16049,United Kingdom,2011-09-25 14:33:00,2011-10-30 13:19:00,41,3,1111.79,370.59666666666664,793,2,76,0.0,0.0,0.0,True,3,4,4,11,Loyal,1,Growth Potential
14161,United Kingdom,2010-12-05 13:18:00,2011-05-08 11:41:00,216,3,1110.52,370.17333333333335,455,3,370,0.0,0.0,0.0,True,1,3,4,8,At Risk,1,Growth Potential
14817,United Kingdom,2011-03-07 13:51:00,2011-05-23 13:35:00,201,2,1110.34,555.17,655,2,278,0.0,0.0,0.0,True,1,3,4,8,At Risk,1,Growth Potential
15069,United Kingdom,2011-06-13 14:16:00,2011-06-13 14:16:00,180,1,1109.53,1109.53,520,1,180,0.0,0.0,0.0,False,1,1,4,6,At Risk,1,Growth Potential
12399,Belgium,2011-03-23 09:42:00,2011-08-12 13:15:00,120,4,1108.65,277.1625,1178,4,262,0.0,0.0,0.0,True,2,4,4,10,At Risk,1,Growth Potential
15933,United Kingdom,2011-09-14 12:05:00,2011-11-18 13:14:00,22,3,1107.46,369.15333333333336,885,2,87,0.0,0.0,0.0,True,4,4,4,12,Champions,3,Core Regulars
16833,United Kingdom,2011-01-09 13:02:00,2011-12-08 14:39:00,2,4,1106.53,276.6325,440,3,335,0.0,0.0,0.0,True,5,4,4,13,Champions,3,Core Regulars
12857,United Kingdom,2011-02-10 12:32:00,2011-05-13 10:20:00,211,2,1106.4,553.2,343,2,303,0.0,0.0,0.0,True,1,2,4,7,At Risk,1,Growth Potential
14410,United Kingdom,2011-02-07 09:36:00,2011-09-08 15:08:00,93,9,1105.07,122.78555555555555,571,6,306,528.77,6.0,32.36363413798169,True,2,5,4,11,At Risk,1,Growth Potential
14948,United Kingdom,2011-05-04 14:52:00,2011-11-16 17:16:00,24,6,1101.97,183.66166666666666,673,5,220,35.400000000000006,1.0,3.1124436199301897,True,4,5,4,13,Champions,3,Core Regulars
17047,United Kingdom,2011-05-18 16:50:00,2011-09-15 13:27:00,86,3,1100.9,366.9666666666667,533,2,206,0.0,0.0,0.0,True,2,4,4,10,At Risk,1,Growth Potential
14744,United Kingdom,2010-12-08 10:21:00,2011-11-23 12:51:00,17,7,1099.98,157.14000000000001,627,5,367,11.45,2.0,1.0302043313569005,True,4,5,4,13,Champions,3,Core Regulars
15978,United Kingdom,2011-09-23 15:21:00,2011-09-23 15:21:00,78,1,1098.78,1098.78,888,1,78,0.0,0.0,0.0,False,2,2,4,8,At Risk,1,Growth Potential
13104,United Kingdom,2010-12-20 11:58:00,2011-12-06 13:10:00,4,6,1098.48,183.08,504,6,355,0.0,0.0,0.0,True,5,5,4,14,Champions,3,Core Regulars
17966,United Kingdom,2011-03-23 17:25:00,2011-11-02 10:26:00,38,5,1098.43,219.686,2571,4,262,0.0,0.0,0.0,True,3,4,4,11,Loyal,3,Core Regulars
16225,United Kingdom,2011-03-07 12:17:00,2011-10-26 08:30:00,45,5,1096.32,219.26399999999998,493,4,278,0.0,0.0,0.0,True,3,4,4,11,Loyal,3,Core Regulars
16533,United Kingdom,2011-10-02 15:07:00,2011-11-20 13:08:00,20,3,1095.56,365.18666666666667,612,2,69,68.62,2.0,5.894277517222424,True,4,4,4,12,Champions,3,Core Regulars
13652,United Kingdom,2010-12-06 09:21:00,2011-10-25 08:51:00,46,3,1095.08,365.02666666666664,578,3,369,0.0,0.0,0.0,True,3,3,4,10,Occasional,1,Growth Potential
15745,United Kingdom,2011-04-17 13:04:00,2011-11-20 13:45:00,20,4,1094.59,273.6475,421,3,237,23.35,2.0,2.0886630767304153,True,4,4,4,12,Champions,3,Core Regulars
15608,United Kingdom,2011-08-11 09:56:00,2011-11-11 13:20:00,29,4,1093.68,273.42,714,3,121,0.0,0.0,0.0,True,4,4,4,12,Champions,3,Core Regulars
13521,United Kingdom,2011-11-29 15:09:00,2011-12-08 13:50:00,2,3,1093.65,364.55,736,2,11,0.0,0.0,0.0,True,5,3,4,12,Potential Loyalists,3,Core Regulars
18189,United Kingdom,2011-03-17 09:49:00,2011-09-23 12:40:00,78,2,1090.24,545.12,566,2,268,5.9,1.0,0.5382524130129362,True,2,3,4,9,At Risk,1,Growth Potential
13853,United Kingdom,2011-10-13 14:18:00,2011-10-13 14:18:00,58,1,1090.14,1090.14,312,1,58,33.2,1.0,2.955472074349707,False,3,1,4,8,Occasional,1,Growth Potential
12534,Germany,2011-08-01 10:26:00,2011-08-01 10:26:00,131,1,1089.18,1089.18,651,1,131,0.0,0.0,0.0,False,2,1,4,7,At Risk,1,Growth Potential
15763,United Kingdom,2011-09-23 12:10:00,2011-11-08 09:44:00,32,2,1086.92,543.46,271,2,78,38.25,1.0,3.399486299848023,True,4,3,4,11,Potential Loyalists,1,Growth Potential
13467,United Kingdom,2011-11-03 16:56:00,2011-11-29 10:01:00,11,2,1083.71,541.855,584,1,37,0.0,0.0,0.0,True,5,2,4,11,Potential Loyalists,3,Core Regulars
17041,United Kingdom,2010-12-14 11:43:00,2011-11-13 11:21:00,27,3,1081.57,360.5233333333333,951,3,361,15.8,1.0,1.4398060818137912,True,4,4,4,12,Champions,3,Core Regulars
14561,United Kingdom,2011-06-08 13:26:00,2011-09-25 12:39:00,76,3,1080.76,360.25333333333333,1014,2,185,0.0,0.0,0.0,True,2,3,4,9,At Risk,1,Growth Potential
16200,United Kingdom,2011-06-28 15:47:00,2011-12-05 14:40:00,5,2,1080.6200000000001,540.3100000000001,523,2,165,0.0,0.0,0.0,True,5,3,4,12,Potential Loyalists,3,Core Regulars
13726,United Kingdom,2011-08-31 11:06:00,2011-11-01 10:49:00,39,2,1079.6599999999999,539.8299999999999,1054,2,101,0.0,0.0,0.0,True,3,2,4,9,Occasional,1,Growth Potential
15197,United Kingdom,2010-12-16 18:01:00,2011-11-29 10:00:00,11,3,1079.6100000000001,359.87000000000006,469,3,359,423.17,2.0,28.159145051171823,True,5,3,4,12,Potential Loyalists,3,Core Regulars
12354,Spain,2011-04-21 13:11:00,2011-04-21 13:11:00,233,1,1079.4,1079.4,530,1,233,0.0,0.0,0.0,False,1,1,4,6,At Risk,1,Growth Potential
13715,United Kingdom,2010-12-02 08:52:00,2011-03-03 19:21:00,282,5,1079.34,215.868,563,3,373,25.4,3.0,2.2991835182938973,True,1,4,4,9,At Risk,1,Growth Potential
14352,United Kingdom,2011-03-11 14:58:00,2011-07-05 15:41:00,158,4,1078.96,269.74,538,3,274,0.0,0.0,0.0,True,2,4,4,10,At Risk,1,Growth Potential
16980,United Kingdom,2011-02-21 12:58:00,2011-03-29 16:36:00,256,2,1078.96,539.48,788,2,292,0.0,0.0,0.0,True,1,3,4,8,At Risk,1,Growth Potential
16094,United Kingdom,2011-05-04 13:57:00,2011-11-28 12:45:00,12,4,1078.23,269.5575,647,2,220,36.4,2.0,3.2656576621838633,True,5,4,4,13,Champions,3,Core Regulars
16563,United Kingdom,2011-10-17 11:51:00,2011-10-17 11:51:00,54,1,1077.74,1077.74,486,1,54,0.0,0.0,0.0,False,3,2,4,9,Occasional,1,Growth Potential
13131,United Kingdom,2011-06-05 10:54:00,2011-11-16 13:21:00,24,3,1073.3,357.76666666666665,447,3,188,34.0,1.0,3.0705319245010387,True,4,3,4,11,Potential Loyalists,3,Core Regulars
15712,United Kingdom,2011-02-25 11:32:00,2011-11-30 14:09:00,10,5,1072.3600000000001,214.47200000000004,486,5,288,0.0,0.0,0.0,True,5,4,4,13,Champions,3,Core Regulars
15238,United Kingdom,2011-06-08 16:00:00,2011-11-10 14:28:00,30,3,1071.99,357.33,692,3,185,15.45,2.0,1.4207680423747517,True,4,3,4,11,Potential Loyalists,3,Core Regulars
13635,United Kingdom,2011-10-03 10:55:00,2011-10-03 10:55:00,68,1,1071.03,1071.03,677,1,68,0.0,0.0,0.0,False,3,1,4,8,Occasional,1,Growth Potential
17522,United Kingdom,2011-05-05 16:31:00,2011-12-08 12:31:00,2,5,1070.71,214.142,1034,4,219,0.0,0.0,0.0,True,5,4,4,13,Champions,3,Core Regulars
13761,United Kingdom,2011-06-13 08:43:00,2011-10-20 14:01:00,51,2,1070.65,535.325,642,2,180,0.0,0.0,0.0,True,3,2,4,9,Occasional,1,Growth Potential
14212,United Kingdom,2011-09-11 12:45:00,2011-09-11 12:45:00,90,1,1070.48,1070.48,1152,1,90,0.0,0.0,0.0,False,2,1,4,7,At Risk,1,Growth Potential
17214,United Kingdom,2010-12-15 15:14:00,2011-10-10 13:17:00,61,6,1069.1200000000001,178.1866666666667,276,5,360,85.0,1.0,7.364918725955706,True,3,5,4,12,Loyal,1,Growth Potential
16918,United Kingdom,2011-01-26 17:37:00,2011-10-21 12:50:00,50,6,1068.82,178.13666666666666,721,4,318,25.479999999999997,1.0,2.328429132778945,True,3,5,4,12,Loyal,3,Core Regulars
15027,United Kingdom,2011-04-15 14:14:00,2011-11-09 10:16:00,31,4,1066.1499999999999,266.53749999999997,565,4,239,14.2,2.0,1.3143888554635073,True,4,4,4,12,Champions,3,Core Regulars
17277,United Kingdom,2011-01-21 12:37:00,2011-04-26 12:47:00,228,2,1065.3500000000001,532.6750000000001,430,2,323,0.0,0.0,0.0,True,1,3,4,8,At Risk,1,Growth Potential
14488,United Kingdom,2011-10-03 09:30:00,2011-10-03 09:30:00,68,1,1064.28,1064.28,799,1,68,16.85,1.0,1.558554475409988,False,3,1,4,8,Occasional,1,Growth Potential
17287,United Kingdom,2010-12-02 12:22:00,2011-11-13 13:27:00,27,7,1064.11,152.01571428571427,559,6,373,0.0,0.0,0.0,True,4,5,4,13,Champions,3,Core Regulars
12951,United Kingdom,2011-01-13 10:33:00,2011-12-01 12:14:00,9,6,1064.07,177.345,503,5,331,22.0,2.0,2.0256521218705976,True,5,5,4,14,Champions,3,Core Regulars
15801,United Kingdom,2011-08-22 09:53:00,2011-10-24 13:52:00,47,3,1063.95,354.65000000000003,570,2,110,21.759999999999998,1.0,2.0042184377043593,True,3,4,4,11,Loyal,1,Growth Potential
12936,United Kingdom,2011-09-22 13:51:00,2011-11-22 17:32:00,18,4,1063.9,265.975,559,2,79,51.0,1.0,4.574401291595659,True,4,4,4,12,Champions,3,Core Regulars
12815,Poland,2011-05-25 13:34:00,2011-07-15 10:21:00,148,2,1063.46,531.73,379,2,199,0.0,0.0,0.0,True,2,2,4,8,At Risk,1,Growth Potential
14411,United Kingdom,2011-02-02 10:56:00,2011-02-02 10:56:00,311,1,1063.0,1063.0,196,1,311,0.0,0.0,0.0,False,1,1,4,6,At Risk,1,Growth Potential
16214,United Kingdom,2011-03-15 13:23:00,2011-06-22 11:30:00,171,3,1062.75,354.25,420,3,270,0.0,0.0,0.0,True,2,4,4,10,At Risk,1,Growth Potential
15996,United Kingdom,2010-12-08 15:59:00,2011-09-12 15:14:00,89,6,1060.68,176.78,384,6,367,15.9,1.0,1.476899069274926,True,2,5,4,11,At Risk,1,Growth Potential
15706,United Kingdom,2011-08-15 14:32:00,2011-10-07 10:09:00,64,4,1060.56,265.14,321,3,117,58.75,3.0,5.248769331105771,True,3,4,4,11,Loyal,1,Growth Potential
17727,United Kingdom,2011-11-24 17:06:00,2011-11-24 17:06:00,16,1,1060.25,1060.25,645,1,16,17.700000000000003,1.0,1.642005658889559,False,4,2,4,10,Potential Loyalists,4,Recent Starters
18130,United Kingdom,2011-10-13 15:58:00,2011-11-24 14:40:00,16,3,1059.39,353.13000000000005,824,2,58,13.65,1.0,1.272086781480653,True,4,4,4,12,Champions,3,Core Regulars
14465,United Kingdom,2011-02-10 12:13:00,2011-04-07 12:38:00,247,3,1058.6200000000001,352.8733333333334,405,2,303,0.0,0.0,0.0,True,1,3,4,8,At Risk,1,Growth Potential
13455,United Kingdom,2010-12-08 13:11:00,2011-11-15 11:21:00,25,2,1058.34,529.17,354,2,367,50.99,2.0,4.596468138425897,True,4,2,4,10,Potential Loyalists,4,Recent Starters
14419,United Kingdom,2010-12-10 10:56:00,2011-11-29 11:22:00,11,6,1058.06,176.34333333333333,487,5,365,0.0,0.0,0.0,True,5,5,4,14,Champions,3,Core Regulars
15407,United Kingdom,2011-02-07 13:18:00,2011-11-06 11:55:00,34,4,1056.44,264.11,558,4,306,0.0,0.0,0.0,True,3,4,4,11,Loyal,3,Core Regulars
14514,United Kingdom,2011-01-12 15:22:00,2011-10-09 16:05:00,62,3,1055.35,351.7833333333333,589,3,332,0.0,0.0,0.0,True,3,3,4,10,Occasional,1,Growth Potential
15977,United Kingdom,2011-10-31 16:24:00,2011-11-22 13:29:00,18,2,1054.73,527.365,1016,2,40,0.0,0.0,0.0,True,4,3,4,11,Potential Loyalists,4,Recent Starters
16728,United Kingdom,2011-03-20 13:28:00,2011-10-24 14:36:00,47,4,1054.67,263.6675,677,4,265,0.0,0.0,0.0,True,3,4,4,11,Loyal,1,Growth Potential
12716,France,2011-07-29 13:28:00,2011-12-06 08:55:00,4,2,1053.49,526.745,708,2,134,0.0,0.0,0.0,True,5,2,4,11,Potential Loyalists,3,Core Regulars
14583,United Kingdom,2011-05-18 11:28:00,2011-12-04 12:32:00,6,5,1052.55,210.51,792,4,206,0.0,0.0,0.0,True,5,4,4,13,Champions,3,Core Regulars
16416,United Kingdom,2011-10-14 13:35:00,2011-11-13 12:50:00,27,3,1051.4,350.4666666666667,672,2,57,24.41,1.0,2.268988018330374,True,4,4,4,12,Champions,3,Core Regulars
12849,United Kingdom,2011-03-16 12:26:00,2011-11-08 13:41:00,32,2,1050.8899999999999,525.4449999999999,623,2,269,0.0,0.0,0.0,True,4,2,4,10,Potential Loyalists,1,Growth Potential
14224,United Kingdom,2011-01-23 13:58:00,2011-08-21 13:24:00,111,4,1050.12,262.53,514,4,321,0.0,0.0,0.0,True,2,4,4,10,At Risk,1,Growth Potential
15329,United Kingdom,2011-06-21 10:37:00,2011-10-31 15:36:00,40,3,1049.7,349.90000000000003,486,3,172,44.2,2.0,4.0405887192613585,True,3,3,4,10,Occasional,1,Growth Potential
14078,United Kingdom,2010-12-01 12:54:00,2011-08-30 12:16:00,102,6,1049.37,174.89499999999998,310,6,374,0.0,0.0,0.0,True,2,5,4,11,At Risk,1,Growth Potential
15464,United Kingdom,2011-01-05 15:56:00,2011-01-05 15:56:00,339,1,1048.85,1048.85,350,1,339,0.0,0.0,0.0,False,1,1,4,6,At Risk,1,Growth Potential
15839,United Kingdom,2011-07-14 16:35:00,2011-11-06 13:54:00,34,3,1048.49,349.49666666666667,675,3,149,27.75,2.0,2.5784211699992565,True,3,4,4,11,Loyal,1,Growth Potential
15777,United Kingdom,2010-12-13 16:38:00,2011-04-12 16:43:00,242,4,1047.11,261.7775,378,3,362,25.5,1.0,2.377378543925565,True,1,4,4,9,At Risk,1,Growth Potential
16520,United Kingdom,2010-12-09 13:08:00,2011-06-06 13:24:00,187,3,1046.57,348.8566666666666,558,3,366,9.95,1.0,0.9417710975655926,True,1,4,4,9,At Risk,1,Growth Potential
14293,United Kingdom,2010-12-06 10:18:00,2011-12-06 15:17:00,4,4,1046.56,261.64,709,4,369,0.0,0.0,0.0,True,5,4,4,13,Champions,3,Core Regulars
17042,United Kingdom,2011-04-06 14:53:00,2011-12-07 12:26:00,3,5,1044.3799999999999,208.87599999999998,994,5,248,0.0,0.0,0.0,True,5,4,4,13,Champions,3,Core Regulars
15192,United Kingdom,2010-12-09 14:56:00,2011-08-12 11:41:00,120,3,1044.32,348.1066666666666,918,3,366,0.0,0.0,0.0,True,2,3,4,9,At Risk,1,Growth Potential
14389,United Kingdom,2011-06-02 12:04:00,2011-10-05 15:17:00,66,2,1043.46,521.73,729,2,191,43.74,3.0,4.02317880794702,True,3,3,4,10,Occasional,1,Growth Potential
15073,United Kingdom,2011-06-06 09:59:00,2011-11-30 10:44:00,10,3,1043.41,347.80333333333334,491,2,187,430.98,1.0,29.231071833097076,True,5,3,4,12,Potential Loyalists,3,Core Regulars
12497,Germany,2011-09-19 12:29:00,2011-09-19 12:29:00,82,1,1043.1,1043.1,1236,1,82,0.0,0.0,0.0,False,2,1,4,7,At Risk,1,Growth Potential
14584,United Kingdom,2011-05-25 17:31:00,2011-06-23 18:33:00,170,4,1042.26,260.565,383,2,199,13.0,1.0,1.231923886056517,True,2,4,4,10,At Risk,1,Growth Potential
13719,United Kingdom,2011-04-19 13:56:00,2011-11-24 15:26:00,16,5,1041.68,208.336,609,4,235,0.0,0.0,0.0,True,4,4,4,12,Champions,3,Core Regulars
18221,United Kingdom,2011-05-12 14:13:00,2011-11-17 14:40:00,23,5,1041.61,208.32199999999997,791,5,212,8.3,1.0,0.7905439513863095,True,4,4,4,12,Champions,3,Core Regulars
15434,United Kingdom,2011-05-23 14:18:00,2011-12-01 13:33:00,9,5,1041.48,208.296,647,4,201,44.0,1.0,4.053506282934738,True,5,4,4,13,Champions,3,Core Regulars
14446,United Kingdom,2011-04-07 12:10:00,2011-12-09 11:34:00,1,4,1039.58,259.895,933,4,247,0.0,0.0,0.0,True,5,4,4,13,Champions,3,Core Regulars
16320,Unspecified,2011-05-10 15:31:00,2011-06-20 15:25:00,173,2,1038.46,519.23,732,2,214,0.0,0.0,0.0,True,2,3,4,9,At Risk,1,Growth Potential
16175,United Kingdom,2011-04-13 14:38:00,2011-09-06 14:32:00,95,4,1037.59,259.3975,533,4,241,0.0,0.0,0.0,True,2,4,4,10,At Risk,1,Growth Potential
12691,France,2010-12-17 14:46:00,2011-11-11 16:49:00,29,6,1035.8,172.63333333333333,394,5,358,0.0,0.0,0.0,True,4,5,4,13,Champions,3,Core Regulars
16260,United Kingdom,2011-10-20 09:40:00,2011-10-20 09:40:00,51,1,1035.45,1035.45,311,1,51,0.0,0.0,0.0,False,3,2,4,9,Occasional,1,Growth Potential
13639,United Kingdom,2011-09-26 13:36:00,2011-09-26 13:36:00,75,1,1033.34,1033.34,800,1,75,0.0,0.0,0.0,False,2,1,4,7,At Risk,1,Growth Potential
17724,United Kingdom,2011-07-24 13:26:00,2011-09-29 15:26:00,72,3,1033.0,344.3333333333333,300,2,139,37.35,1.0,3.489512776194703,True,2,4,4,10,At Risk,1,Growth Potential
12599,France,2011-02-08 13:28:00,2011-11-10 13:34:00,30,7,1032.58,147.51142857142855,956,6,305,0.0,0.0,0.0,True,4,5,4,13,Champions,3,Core Regulars
17405,United Kingdom,2011-07-12 14:17:00,2011-12-08 17:12:00,2,3,1031.41,343.80333333333334,726,3,151,64.19,2.0,5.858890105878057,True,5,4,4,13,Champions,3,Core Regulars
12724,France,2011-01-11 15:00:00,2011-12-04 16:02:00,6,4,1031.41,257.8525,445,4,333,0.0,0.0,0.0,True,5,4,4,13,Champions,3,Core Regulars
13235,United Kingdom,2011-05-11 17:13:00,2011-05-11 17:13:00,213,1,1031.07,1031.07,441,1,213,929.9,1.0,47.4204092872405,False,1,1,4,6,At Risk,1,Growth Potential
12717,Greece,2011-04-08 10:32:00,2011-07-11 14:47:00,152,2,1030.98,515.49,506,2,246,50.0,1.0,4.625432477936687,True,2,2,4,8,At Risk,1,Growth Potential
13253,United Kingdom,2011-01-04 15:43:00,2011-07-06 10:09:00,157,2,1030.4,515.2,1572,2,340,0.0,0.0,0.0,True,2,2,4,8,At Risk,1,Growth Potential
17033,United Kingdom,2010-12-15 13:21:00,2011-09-14 14:34:00,87,3,1030.14,343.38000000000005,750,3,360,0.0,0.0,0.0,True,2,4,4,10,At Risk,1,Growth Potential
15333,United Kingdom,2011-05-15 13:27:00,2011-05-15 13:27:00,209,1,1028.56,1028.56,344,1,209,0.0,0.0,0.0,False,1,1,4,6,At Risk,1,Growth Potential
16682,United Kingdom,2011-06-05 11:02:00,2011-12-05 12:13:00,5,5,1028.0,205.6,1040,5,188,0.0,0.0,0.0,True,5,4,4,13,Champions,3,Core Regulars
15104,United Kingdom,2011-03-02 14:16:00,2011-05-27 12:29:00,197,2,1027.44,513.72,637,2,283,24.9,1.0,2.3661554250527392,True,1,3,4,8,At Risk,1,Growth Potential
13956,United Kingdom,2011-03-13 12:51:00,2011-12-04 13:20:00,6,5,1026.42,205.28400000000002,491,5,272,0.0,0.0,0.0,True,5,4,4,13,Champions,3,Core Regulars
16160,United Kingdom,2011-09-15 10:53:00,2011-10-05 14:19:00,66,2,1025.44,512.72,1162,2,86,15.99,2.0,1.5353888403445262,True,3,3,4,10,Occasional,1,Growth Potential
14904,United Kingdom,2011-11-14 09:13:00,2011-12-07 12:55:00,3,2,1025.44,512.72,1985,2,26,0.0,0.0,0.0,True,5,3,4,12,Potential Loyalists,3,Core Regulars
15658,United Kingdom,2010-12-02 10:53:00,2011-06-02 15:22:00,191,5,1024.1000000000001,204.82000000000002,242,5,373,65.2,3.0,5.985495272193151,True,1,4,4,9,At Risk,1,Growth Potential
17096,United Kingdom,2011-03-23 12:05:00,2011-11-24 15:01:00,16,4,1022.13,255.5325,339,4,262,29.45,3.0,2.8005477471994524,True,4,4,4,12,Champions,3,Core Regulars
14346,United Kingdom,2011-02-15 13:52:00,2011-08-11 09:47:00,121,2,1021.58,510.79,605,2,298,0.0,0.0,0.0,True,2,3,4,9,At Risk,1,Growth Potential
13165,United Kingdom,2010-12-23 14:06:00,2011-10-24 15:05:00,47,2,1021.48,510.74,1376,2,352,0.0,0.0,0.0,True,3,2,4,9,Occasional,1,Growth Potential
12572,Germany,2011-10-19 08:20:00,2011-12-01 09:20:00,9,2,1020.42,510.21,452,2,52,15.7,1.0,1.515268501717948,True,5,2,4,11,Potential Loyalists,3,Core Regulars
13376,United Kingdom,2011-04-19 13:03:00,2011-09-01 16:16:00,100,3,1019.76,339.92,493,3,235,0.0,0.0,0.0,True,2,3,4,9,At Risk,1,Growth Potential
18142,United Kingdom,2011-05-08 12:31:00,2011-07-05 13:19:00,158,2,1019.52,509.76,1276,2,216,4.62,2.0,0.45111019977737427,True,2,3,4,9,At Risk,1,Growth Potential
12828,United Kingdom,2011-08-01 16:16:00,2011-12-07 08:45:00,3,6,1018.71,169.785,494,4,131,0.0,0.0,0.0,True,5,5,4,14,Champions,3,Core Regulars
14083,United Kingdom,2010-12-03 12:24:00,2011-12-05 13:14:00,5,9,1018.43,113.15888888888888,732,6,372,0.0,0.0,0.0,True,5,5,4,14,Champions,3,Core Regulars
12514,Italy,2011-03-17 16:38:00,2011-03-17 16:38:00,268,1,1017.68,1017.68,440,1,268,0.0,0.0,0.0,False,1,1,4,6,At Risk,1,Growth Potential
13728,United Kingdom,2011-02-02 12:09:00,2011-11-03 10:49:00,37,6,1016.14,169.35666666666665,458,6,311,0.0,0.0,0.0,True,3,5,4,12,Loyal,3,Core Regulars
13867,United Kingdom,2011-05-05 17:28:00,2011-11-08 15:48:00,32,3,1015.29,338.43,513,3,219,0.0,0.0,0.0,True,4,3,4,11,Potential Loyalists,1,Growth Potential
12642,Germany,2011-08-24 09:23:00,2011-11-14 15:03:00,26,3,1013.26,337.75333333333333,552,3,108,0.0,0.0,0.0,True,4,3,4,11,Potential Loyalists,3,Core Regulars
12739,United Arab Emirates,2011-09-01 17:45:00,2011-09-22 13:00:00,79,2,1013.04,506.52,486,1,100,0.0,0.0,0.0,True,2,2,4,8,At Risk,1,Growth Potential
17197,United Kingdom,2011-11-10 10:32:00,2011-11-10 10:32:00,30,1,1013.01,1013.01,191,1,30,0.0,0.0,0.0,False,4,2,4,10,Potential Loyalists,4,Recent Starters
14195,United Kingdom,2011-04-01 16:50:00,2011-05-22 10:29:00,202,2,1012.0,506.0,760,2,253,49.3,1.0,4.6452463959295205,True,1,3,4,8,At Risk,1,Growth Potential
14775,United Kingdom,2010-12-02 16:38:00,2011-10-12 15:27:00,59,3,1011.9,337.3,1174,3,373,0.0,0.0,0.0,True,3,3,4,10,Occasional,1,Growth Potential
16229,United Kingdom,2011-05-11 10:18:00,2011-09-13 17:16:00,88,2,1010.6,505.3,318,2,213,0.0,0.0,0.0,True,2,3,4,9,At Risk,1,Growth Potential
13032,United Kingdom,2011-09-13 16:40:00,2011-10-18 15:54:00,53,2,1010.18,505.09,375,2,88,13.66,1.0,1.3341928426316614,True,3,2,4,9,Occasional,1,Growth Potential
16572,United Kingdom,2011-03-09 12:04:00,2011-08-04 16:34:00,128,3,1009.6,336.53333333333336,532,3,276,9.9,1.0,0.9710642471799902,True,2,4,4,10,At Risk,1,Growth Potential
16174,United Kingdom,2011-07-11 09:23:00,2011-08-05 13:26:00,127,3,1009.5500000000001,336.5166666666667,651,2,152,0.0,0.0,0.0,True,2,4,4,10,At Risk,1,Growth Potential
17951,United Kingdom,2010-12-01 12:40:00,2011-10-31 12:30:00,40,3,1008.5400000000001,336.18,616,2,374,17.700000000000003,1.0,1.7247427502338637,True,3,4,4,11,Loyal,1,Growth Potential
17646,United Kingdom,2010-12-09 14:28:00,2011-05-04 13:17:00,220,3,1008.39,336.13,323,3,366,12.73,1.0,1.2466703227828266,True,1,4,4,9,At Risk,1,Growth Potential
14631,United Kingdom,2011-02-14 09:31:00,2011-10-20 11:17:00,51,3,1006.98,335.66,622,3,299,0.0,0.0,0.0,True,3,3,4,10,Occasional,1,Growth Potential
13429,United Kingdom,2011-09-25 15:59:00,2011-11-29 09:10:00,11,4,1006.8,251.7,1390,3,76,0.0,0.0,0.0,True,5,4,4,13,Champions,3,Core Regulars
17126,United Kingdom,2010-12-12 11:26:00,2011-07-10 13:52:00,153,5,1004.75,200.95,792,3,363,12.899999999999999,2.0,1.2676263941433694,True,2,4,4,10,At Risk,1,Growth Potential
14214,United Kingdom,2011-03-07 12:26:00,2011-11-09 10:31:00,31,5,1004.38,200.876,751,5,278,4.15,2.0,0.41148999038204126,True,4,4,4,12,Champions,3,Core Regulars
13410,United Kingdom,2011-02-21 14:38:00,2011-11-15 15:33:00,25,5,1003.06,200.612,518,5,292,14.15,2.0,1.391059859812625,True,4,4,4,12,Champions,3,Core Regulars
12446,RSA,2011-10-13 12:50:00,2011-10-13 12:50:00,58,1,1002.3100000000001,1002.3100000000001,351,1,58,0.0,0.0,0.0,False,3,1,4,8,Occasional,1,Growth Potential
12545,Spain,2011-03-25 12:04:00,2011-09-25 13:39:00,76,2,1000.39,500.195,523,2,260,0.0,0.0,0.0,True,2,2,4,8,At Risk,1,Growth Potential
15508,United Kingdom,2011-04-18 15:31:00,2011-06-03 15:43:00,190,6,1000.27,166.71166666666667,440,3,236,0.0,0.0,0.0,True,1,5,4,10,At Risk,1,Growth Potential
18143,United Kingdom,2011-07-21 10:44:00,2011-08-15 12:07:00,117,2,1000.16,500.08,570,2,142,0.0,0.0,0.0,True,2,3,4,9,At Risk,1,Growth Potential
12722,France,2011-07-12 11:55:00,2011-09-15 14:50:00,86,4,997.63,249.4075,566,3,151,93.3,2.0,8.552336080225128,True,2,4,4,10,At Risk,1,Growth Potential
14540,United Kingdom,2011-02-03 15:02:00,2011-11-30 10:15:00,10,3,996.26,332.08666666666664,421,3,310,0.0,0.0,0.0,True,5,3,4,12,Potential Loyalists,3,Core Regulars
15110,United Kingdom,2011-01-25 11:41:00,2011-11-16 11:16:00,24,4,996.1,249.025,246,4,319,25.85,3.0,2.5294779588042466,True,4,4,4,12,Champions,3,Core Regulars
17594,United Kingdom,2011-03-30 10:32:00,2011-09-15 16:34:00,86,2,993.18,496.59,550,2,255,0.0,0.0,0.0,True,2,3,4,9,At Risk,1,Growth Potential
16009,United Kingdom,2011-07-03 11:26:00,2011-11-17 16:51:00,23,4,992.71,248.1775,378,3,160,0.0,0.0,0.0,True,4,4,4,12,Champions,3,Core Regulars
13363,United Kingdom,2011-10-27 10:46:00,2011-11-22 12:40:00,18,2,992.5,496.25,710,2,44,0.0,0.0,0.0,True,4,2,4,10,Potential Loyalists,4,Recent Starters
14223,United Kingdom,2011-03-20 16:02:00,2011-09-08 13:38:00,93,3,991.13,330.37666666666667,585,3,265,15.9,1.0,1.5789003306753524,True,2,3,4,9,At Risk,1,Growth Potential
16232,United Kingdom,2011-05-08 14:05:00,2011-10-27 12:16:00,44,4,990.88,247.72,550,3,216,7.6499999999999995,1.0,0.7661262055221175,True,3,4,4,11,Loyal,1,Growth Potential
17324,United Kingdom,2010-12-08 12:45:00,2011-11-22 10:34:00,18,4,990.23,247.5575,844,3,367,0.0,0.0,0.0,True,4,4,4,12,Champions,3,Core Regulars
15062,United Kingdom,2010-12-15 15:37:00,2011-09-29 16:51:00,72,4,987.86,246.965,763,4,360,0.0,0.0,0.0,True,3,4,4,11,Loyal,1,Growth Potential
18237,United Kingdom,2011-07-28 13:05:00,2011-12-07 12:49:00,3,5,987.1,197.42000000000002,622,5,135,0.0,0.0,0.0,True,5,4,4,13,Champions,3,Core Regulars
16376,United Kingdom,2011-11-22 16:47:00,2011-12-01 11:38:00,9,2,987.01,493.505,694,2,18,9.49,1.0,0.9523331660812845,True,5,3,4,12,Potential Loyalists,3,Core Regulars
13117,United Kingdom,2010-12-02 13:11:00,2011-11-18 12:02:00,22,8,984.91,123.11375,945,7,373,0.0,0.0,0.0,True,4,5,4,13,Champions,3,Core Regulars
17144,United Kingdom,2011-09-16 12:50:00,2011-12-08 17:57:00,2,2,984.57,492.285,483,2,85,0.0,0.0,0.0,True,5,3,4,12,Potential Loyalists,3,Core Regulars
12510,Spain,2011-01-18 14:04:00,2011-07-20 10:15:00,143,2,982.5699999999999,491.28499999999997,353,2,326,0.0,0.0,0.0,True,2,2,4,8,At Risk,1,Growth Potential
15133,United Kingdom,2011-02-11 10:38:00,2011-08-04 10:44:00,128,3,982.42,327.4733333333333,680,3,302,0.0,0.0,0.0,True,2,3,4,9,At Risk,1,Growth Potential
14138,United Kingdom,2011-10-07 09:38:00,2011-12-08 12:44:00,2,2,982.3800000000001,491.19000000000005,610,2,64,0.0,0.0,0.0,True,5,3,4,12,Potential Loyalists,3,Core Regulars
15071,United Kingdom,2011-03-09 10:19:00,2011-09-07 11:43:00,94,2,982.07,491.035,269,2,276,0.0,0.0,0.0,True,2,3,4,9,At Risk,1,Growth Potential
16188,United Kingdom,2011-04-11 09:44:00,2011-10-26 12:19:00,45,4,981.86,245.465,782,3,243,0.0,0.0,0.0,True,3,4,4,11,Loyal,1,Growth Potential
16907,United Kingdom,2010-12-09 16:52:00,2011-11-10 18:04:00,30,5,981.65,196.32999999999998,298,5,366,0.0,0.0,0.0,True,4,4,4,12,Champions,3,Core Regulars
16085,United Kingdom,2011-01-23 12:07:00,2011-11-16 13:24:00,24,5,981.51,196.302,636,5,321,0.0,0.0,0.0,True,4,4,4,12,Champions,3,Core Regulars
12541,Spain,2011-03-04 09:32:00,2011-11-10 10:40:00,30,3,981.18,327.06,680,3,281,0.0,0.0,0.0,True,4,3,4,11,Potential Loyalists,1,Growth Potential
18170,United Kingdom,2011-05-06 15:13:00,2011-11-06 14:35:00,34,3,980.31,326.77,409,3,218,0.0,0.0,0.0,True,3,4,4,11,Loyal,1,Growth Potential
13509,United Kingdom,2011-02-28 13:27:00,2011-12-01 10:10:00,9,7,979.72,139.96,1106,6,285,0.0,0.0,0.0,True,5,5,4,14,Champions,3,Core Regulars
15506,United Kingdom,2011-07-24 11:45:00,2011-11-17 12:11:00,23,3,979.26,326.42,848,3,139,0.0,0.0,0.0,True,4,3,4,11,Potential Loyalists,3,Core Regulars
13350,United Kingdom,2011-09-21 13:33:00,2011-11-23 16:33:00,17,2,979.12,489.56,287,2,80,68.4,1.0,6.529708263326715,True,4,2,4,10,Potential Loyalists,4,Recent Starters
15132,United Kingdom,2011-03-22 12:02:00,2011-11-21 17:10:00,19,5,977.9300000000001,195.586,679,5,263,0.0,0.0,0.0,True,4,4,4,12,Champions,3,Core Regulars
14920,United Kingdom,2011-05-11 10:31:00,2011-05-11 10:32:00,213,2,977.77,488.885,509,1,213,0.0,0.0,0.0,True,1,3,4,8,At Risk,1,Growth Potential
15860,United Kingdom,2010-12-06 11:38:00,2011-10-30 11:25:00,41,8,977.21,122.15125,440,6,369,0.0,0.0,0.0,True,3,5,4,12,Loyal,3,Core Regulars
13026,United Kingdom,2011-03-09 11:35:00,2011-12-08 16:58:00,2,5,975.36,195.072,1620,5,276,39.21,3.0,3.864691445637068,True,5,4,4,13,Champions,3,Core Regulars
14522,United Kingdom,2011-05-25 16:01:00,2011-11-15 13:24:00,25,4,974.54,243.635,525,3,199,0.0,0.0,0.0,True,4,4,4,12,Champions,3,Core Regulars
15449,United Kingdom,2011-03-23 10:43:00,2011-11-13 15:02:00,27,3,974.52,324.84,812,3,262,3.3,2.0,0.3374854267656624,True,4,3,4,11,Potential Loyalists,3,Core Regulars
12994,United Kingdom,2011-03-16 08:31:00,2011-12-05 15:43:00,5,3,974.4200000000001,324.8066666666667,459,3,269,72.2,2.0,6.898396743803863,True,5,3,4,12,Potential Loyalists,3,Core Regulars
15747,United Kingdom,2011-06-20 11:30:00,2011-11-27 12:26:00,13,3,974.04,324.68,480,3,173,0.0,0.0,0.0,True,5,3,4,12,Potential Loyalists,3,Core Regulars
18194,United Kingdom,2011-09-18 13:29:00,2011-09-18 13:29:00,83,1,973.8399999999999,973.8399999999999,632,1,83,77.84,1.0,7.401490947816828,False,2,2,4,8,At Risk,1,Growth Potential
16419,United Kingdom,2011-02-01 12:25:00,2011-08-19 12:33:00,113,6,972.23,162.03833333333333,436,4,312,12.75,1.0,1.2944425267518123,True,2,5,4,11,At Risk,1,Growth Potential
13155,United Kingdom,2010-12-06 12:44:00,2011-11-06 15:41:00,34,4,971.76,242.94,497,4,369,0.0,0.0,0.0,True,3,4,4,11,Loyal,3,Core Regulars
17100,United Kingdom,2011-11-21 16:36:00,2011-11-21 16:36:00,19,2,971.74,485.87,800,1,19,0.0,0.0,0.0,True,4,3,4,11,Potential Loyalists,4,Recent Starters
17618,United Kingdom,2010-12-12 16:05:00,2011-12-04 11:50:00,6,3,971.58,323.86,331,3,363,0.0,0.0,0.0,True,5,4,4,13,Champions,3,Core Regulars
14256,United Kingdom,2010-12-10 11:44:00,2011-03-24 13:17:00,261,2,969.0600000000001,484.53000000000003,414,2,365,34.0,1.0,3.3896277391182976,True,1,3,4,8,At Risk,1,Growth Potential
15907,United Kingdom,2011-05-13 13:01:00,2011-12-06 12:21:00,4,3,967.45,322.48333333333335,509,3,211,0.0,0.0,0.0,True,5,4,4,13,Champions,3,Core Regulars
15793,United Kingdom,2011-03-16 10:45:00,2011-11-25 09:31:00,15,3,965.61,321.87,553,3,269,16.65,1.0,1.6950705515851199,True,4,4,4,12,Champions,3,Core Regulars
12550,Spain,2011-09-21 14:35:00,2011-09-21 14:35:00,80,1,964.83,964.83,569,1,80,0.0,0.0,0.0,False,2,1,4,7,At Risk,1,Growth Potential
13138,United Kingdom,2010-12-02 15:03:00,2011-11-17 16:51:00,23,6,962.39,160.39833333333334,473,6,373,0.0,0.0,0.0,True,4,5,4,13,Champions,3,Core Regulars
14006,United Kingdom,2011-01-31 15:11:00,2011-08-16 09:39:00,116,3,962.19,320.73,641,3,313,0.0,0.0,0.0,True,2,3,4,9,At Risk,1,Growth Potential
15156,United Kingdom,2011-11-06 12:41:00,2011-12-08 18:22:00,2,3,961.49,320.49666666666667,597,2,34,0.0,0.0,0.0,True,5,3,4,12,Potential Loyalists,3,Core Regulars
14629,United Kingdom,2011-10-23 16:13:00,2011-12-05 16:55:00,5,2,959.01,479.505,380,2,48,19.8,1.0,2.0228644987280475,True,5,3,4,12,Potential Loyalists,3,Core Regulars
18192,United Kingdom,2011-09-29 09:53:00,2011-09-29 09:53:00,72,1,957.97,957.97,339,1,72,0.0,0.0,0.0,False,2,2,4,8,At Risk,1,Growth Potential
13823,United Kingdom,2011-09-09 10:42:00,2011-11-21 10:22:00,19,2,957.66,478.83,439,2,92,0.0,0.0,0.0,True,4,2,4,10,Potential Loyalists,4,Recent Starters
12697,Sweden,2011-06-23 15:44:00,2011-11-11 08:47:00,29,3,957.59,319.19666666666666,508,3,170,18.57,2.0,1.902352073430585,True,4,3,4,11,Potential Loyalists,3,Core Regulars
15948,United Kingdom,2011-10-27 08:35:00,2011-12-01 15:32:00,9,2,955.24,477.62,567,2,44,0.0,0.0,0.0,True,5,3,4,12,Potential Loyalists,4,Recent Starters
17244,United Kingdom,2011-10-17 15:19:00,2011-10-17 15:19:00,54,1,954.9,954.9,616,1,54,0.0,0.0,0.0,False,3,2,4,9,Occasional,1,Growth Potential
17097,Spain,2010-12-09 14:55:00,2011-12-07 17:05:00,3,8,954.42,119.3025,459,5,366,16.5,1.0,1.6994191076504759,True,5,5,4,14,Champions,3,Core Regulars
15835,United Kingdom,2011-01-13 10:35:00,2011-10-26 15:47:00,45,4,954.09,238.5225,439,4,331,0.0,0.0,0.0,True,3,4,4,11,Loyal,1,Growth Potential
16934,United Kingdom,2011-10-16 12:25:00,2011-10-16 12:40:00,55,2,950.9300000000001,475.46500000000003,399,1,55,0.0,0.0,0.0,True,3,3,4,10,Occasional,1,Growth Potential
15421,United Kingdom,2011-02-02 14:36:00,2011-10-12 09:20:00,59,4,950.36,237.59,500,3,311,0.0,0.0,0.0,True,3,4,4,11,Loyal,1,Growth Potential
16511,United Kingdom,2011-03-18 11:24:00,2011-11-18 10:41:00,22,3,950.26,316.75333333333333,417,3,267,0.0,0.0,0.0,True,4,4,4,12,Champions,3,Core Regulars
13636,United Kingdom,2011-02-27 14:29:00,2011-11-03 10:30:00,37,5,949.12,189.824,592,5,286,7.5,1.0,0.7840103698438251,True,3,4,4,11,Loyal,3,Core Regulars
12822,United Kingdom,2011-09-13 13:46:00,2011-09-30 10:04:00,71,2,948.88,474.44,550,1,88,29.9,1.0,3.0548233515192385,True,3,2,4,9,Occasional,1,Growth Potential
17044,United Kingdom,2011-11-14 14:28:00,2011-11-14 14:28:00,26,1,948.48,948.48,504,1,26,51.05,2.0,5.107400478224766,False,4,2,4,10,Potential Loyalists,4,Recent Starters
13748,United Kingdom,2010-12-01 09:00:00,2011-09-05 09:45:00,96,5,948.25,189.65,439,3,374,0.0,0.0,0.0,True,2,4,4,10,At Risk,1,Growth Potential
15787,United Kingdom,2011-10-09 13:11:00,2011-11-13 14:55:00,27,3,948.05,316.01666666666665,540,2,62,0.0,0.0,0.0,True,4,4,4,12,Champions,3,Core Regulars
12458,Switzerland,2011-02-28 10:55:00,2011-09-29 15:25:00,72,2,947.4,473.7,506,2,285,0.0,0.0,0.0,True,3,2,4,9,Occasional,1,Growth Potential
15707,United Kingdom,2011-09-14 14:19:00,2011-11-04 14:35:00,36,4,945.58,236.395,605,3,87,0.0,0.0,0.0,True,3,4,4,11,Loyal,3,Core Regulars
17289,United Kingdom,2011-06-12 13:51:00,2011-11-08 12:01:00,32,3,944.41,314.80333333333334,520,2,181,8.25,1.0,0.8659962630949132,True,4,4,4,12,Champions,1,Growth Potential
13261,United Kingdom,2011-02-27 10:41:00,2011-03-16 12:22:00,269,2,944.1,472.05,210,2,286,0.0,0.0,0.0,True,1,2,4,7,At Risk,1,Growth Potential
12820,United Kingdom,2011-01-17 12:34:00,2011-12-06 15:12:00,4,4,942.34,235.585,722,4,327,0.0,0.0,0.0,True,5,4,4,13,Champions,3,Core Regulars
14075,United Kingdom,2011-03-23 16:35:00,2011-12-05 08:38:00,5,3,942.26,314.08666666666664,754,3,262,0.0,0.0,0.0,True,5,3,3,11,Potential Loyalists,3,Core Regulars
15576,United Kingdom,2011-11-02 12:03:00,2011-11-02 12:03:00,38,1,940.6700000000001,940.6700000000001,404,1,38,0.0,0.0,0.0,False,3,1,3,7,Occasional,4,Recent Starters
15289,United Kingdom,2011-04-04 12:44:00,2011-11-10 13:49:00,30,3,939.78,313.26,1008,3,250,4.68,1.0,0.4955212502382314,True,4,3,3,10,Potential Loyalists,1,Growth Potential
17527,United Kingdom,2011-05-05 13:43:00,2011-10-17 12:32:00,54,4,939.37,234.8425,488,4,219,50.510000000000005,2.0,5.102638703681255,True,3,4,3,10,Loyal,1,Growth Potential
17227,United Kingdom,2010-12-06 11:16:00,2011-11-21 10:51:00,19,6,939.32,156.55333333333334,741,6,369,0.0,0.0,0.0,True,4,5,3,12,Loyal,3,Core Regulars
16584,United Kingdom,2011-03-30 13:14:00,2011-09-20 13:45:00,81,2,936.08,468.04,646,2,255,28.049999999999997,1.0,2.909358696441351,True,2,3,3,8,At Risk,1,Growth Potential
14140,United Kingdom,2011-11-08 11:20:00,2011-12-06 09:05:00,4,2,935.05,467.525,811,2,32,15.0,1.0,1.5788642703015632,True,5,3,3,11,Potential Loyalists,3,Core Regulars
16027,United Kingdom,2011-02-10 12:19:00,2011-09-09 10:47:00,92,6,934.62,155.77,1147,5,303,82.5,1.0,8.11113732892874,True,2,5,3,10,At Risk,1,Growth Potential
14081,United Kingdom,2010-12-05 15:47:00,2011-02-10 16:17:00,303,2,934.52,467.26,596,2,370,29.849999999999998,2.0,3.095285004718106,True,1,3,3,7,At Risk,1,Growth Potential
12924,United Kingdom,2011-01-16 11:49:00,2011-09-12 13:55:00,89,4,933.7,233.425,481,4,328,3.75,1.0,0.4000213344711718,True,2,4,3,9,At Risk,1,Growth Potential
16657,United Kingdom,2011-03-30 12:02:00,2011-11-30 11:48:00,10,4,933.62,233.405,1229,3,255,0.0,0.0,0.0,True,5,4,3,12,Loyal,3,Core Regulars
13655,United Kingdom,2011-04-12 09:53:00,2011-08-17 14:25:00,115,2,932.97,466.485,605,2,242,0.0,0.0,0.0,True,2,2,3,7,At Risk,1,Growth Potential
14532,United Kingdom,2010-12-22 13:48:00,2011-04-17 13:05:00,237,4,932.85,233.2125,284,4,353,0.0,0.0,0.0,True,1,4,3,8,At Risk,1,Growth Potential
18133,United Kingdom,2011-05-11 14:14:00,2011-05-11 14:14:00,213,1,931.4999999999999,931.4999999999999,1350,1,213,216.0,1.0,18.823529411764707,False,1,2,3,6,At Risk,1,Growth Potential
17552,United Kingdom,2010-12-02 18:45:00,2011-10-10 17:00:00,61,4,930.41,232.6025,719,3,373,20.45,2.0,2.1506846433754707,True,3,4,3,10,Loyal,1,Growth Potential
14475,United Kingdom,2011-02-08 10:12:00,2011-09-29 10:46:00,72,3,925.85,308.6166666666667,447,3,305,126.03,3.0,11.9814047229722,True,3,3,3,9,Occasional,1,Growth Potential
14231,United Kingdom,2011-02-24 11:55:00,2011-06-09 11:05:00,184,3,925.71,308.57,409,3,289,103.65,2.0,10.069363487992538,True,1,3,3,7,At Risk,1,Growth Potential
17048,United Kingdom,2011-01-12 16:51:00,2011-08-14 11:49:00,118,3,925.35,308.45,485,3,332,61.03,3.0,6.1872706259251,True,2,4,3,9,At Risk,1,Growth Potential
15312,United Kingdom,2010-12-20 12:51:00,2011-09-25 13:10:00,76,4,924.85,231.2125,516,4,355,3.75,1.0,0.4038337281929787,True,2,4,3,9,At Risk,1,Growth Potential
13805,United Kingdom,2011-08-02 15:29:00,2011-10-18 14:50:00,53,2,924.6,462.3,1900,2,130,0.0,0.0,0.0,True,3,2,3,8,Occasional,1,Growth Potential
15654,United Kingdom,2011-11-13 15:15:00,2011-11-30 13:08:00,10,2,922.53,461.265,475,1,27,0.0,0.0,0.0,True,5,3,3,11,Potential Loyalists,4,Recent Starters
13122,United Kingdom,2011-04-13 14:12:00,2011-09-06 15:53:00,95,2,922.39,461.195,585,2,241,0.0,0.0,0.0,True,2,2,3,7,At Risk,1,Growth Potential
16551,United Kingdom,2011-01-07 10:24:00,2011-09-05 09:38:00,96,3,922.12,307.37333333333333,970,3,337,0.0,0.0,0.0,True,2,4,3,9,At Risk,1,Growth Potential
13934,United Kingdom,2011-03-21 08:39:00,2011-03-21 08:39:00,264,1,922.1,922.1,390,1,264,0.0,0.0,0.0,False,1,1,3,5,At Risk,0,Lapsed
13035,United Kingdom,2011-03-24 09:21:00,2011-09-27 08:57:00,74,2,921.88,460.94,644,2,261,35.25,1.0,3.6828852924890034,True,2,2,3,7,At Risk,1,Growth Potential
17323,United Kingdom,2011-02-20 14:38:00,2011-11-24 17:29:00,16,7,921.07,131.58142857142857,776,6,293,12.08,2.0,1.2945399989283608,True,4,5,3,12,Loyal,3,Core Regulars
13984,United Kingdom,2010-12-08 15:58:00,2011-11-13 12:38:00,27,5,920.51,184.102,679,5,367,432.48,1.0,31.96475953259078,True,4,4,3,11,Loyal,3,Core Regulars
17018,United Kingdom,2011-01-18 08:46:00,2011-10-30 11:42:00,41,2,920.1,460.05,176,2,326,0.0,0.0,0.0,True,3,3,3,9,Occasional,1,Growth Potential
12652,France,2011-01-12 15:00:00,2011-01-12 15:00:00,332,1,919.98,919.98,505,1,332,5.45,1.0,0.5889154231006126,False,1,1,3,5,At Risk,0,Lapsed
13075,United Kingdom,2011-08-02 10:19:00,2011-08-02 10:19:00,130,1,919.61,919.61,485,1,130,0.0,0.0,0.0,False,2,1,3,6,At Risk,1,Growth Potential
13549,United Kingdom,2011-04-11 13:42:00,2011-11-14 09:20:00,26,7,918.2,131.17142857142858,458,5,243,2.08,1.0,0.22601816838353542,True,4,5,3,12,Loyal,3,Core Regulars
15253,United Kingdom,2011-06-23 12:19:00,2011-11-23 16:22:00,17,5,918.1999999999999,183.64,866,3,170,2.9,1.0,0.3148409510368039,True,4,4,3,11,Loyal,3,Core Regulars
14015,United Kingdom,2011-10-18 10:02:00,2011-10-18 10:02:00,53,1,917.34,917.34,378,1,53,0.0,0.0,0.0,False,3,1,3,7,Occasional,1,Growth Potential
14712,United Kingdom,2011-08-19 13:33:00,2011-11-10 12:59:00,30,3,917.07,305.69,315,3,113,0.0,0.0,0.0,True,4,3,3,10,Potential Loyalists,1,Growth Potential
17236,United Kingdom,2010-12-12 11:49:00,2011-11-27 12:00:00,13,6,916.13,152.68833333333333,474,6,363,0.0,0.0,0.0,True,5,5,3,13,Loyal,3,Core Regulars
14141,United Kingdom,2011-08-26 14:40:00,2011-12-07 09:53:00,3,4,915.13,228.7825,355,4,106,36.1,2.0,3.795086361868318,True,5,4,3,12,Loyal,3,Core Regulars
16216,United Kingdom,2011-03-17 15:34:00,2011-03-17 15:34:00,268,1,914.9300000000001,914.9300000000001,254,1,268,0.0,0.0,0.0,False,1,2,3,6,At Risk,0,Lapsed
16809,United Kingdom,2011-03-22 15:20:00,2011-11-16 15:45:00,24,5,914.69,182.93800000000002,652,5,263,1.95,1.0,0.21273346133705706,True,4,4,3,11,Loyal,3,Core Regulars
15587,United Kingdom,2010-12-23 09:59:00,2011-10-20 13:37:00,51,4,913.6800000000001,228.42000000000002,312,4,352,0.0,0.0,0.0,True,3,4,3,10,Loyal,1,Growth Potential
12940,United Kingdom,2011-09-13 10:16:00,2011-10-16 12:09:00,55,2,913.54,456.77,411,2,88,37.25,2.0,3.9177946760062685,True,3,2,3,8,Occasional,1,Growth Potential
15364,United Kingdom,2011-03-30 13:39:00,2011-09-05 09:46:00,96,2,913.19,456.595,493,2,255,0.0,0.0,0.0,True,2,3,3,8,At Risk,1,Growth Potential
14359,United Kingdom,2011-09-13 09:03:00,2011-11-20 13:17:00,20,3,912.18,304.06,371,3,88,29.6,3.0,3.1429845611501626,True,4,3,3,10,Potential Loyalists,3,Core Regulars
13782,United Kingdom,2011-01-16 11:08:00,2011-11-27 11:54:00,13,6,912.0,152.0,371,5,328,0.0,0.0,0.0,True,5,5,3,13,Loyal,3,Core Regulars
13192,United Kingdom,2011-05-18 14:57:00,2011-09-05 14:13:00,96,2,911.94,455.97,595,2,206,0.0,0.0,0.0,True,2,2,3,7,At Risk,1,Growth Potential
14289,United Kingdom,2011-02-23 12:33:00,2011-12-01 11:44:00,9,6,911.26,151.87666666666667,292,6,290,0.0,0.0,0.0,True,5,5,3,13,Loyal,3,Core Regulars
18096,United Kingdom,2011-10-07 11:55:00,2011-11-28 12:44:00,12,3,911.15,303.71666666666664,825,2,64,0.0,0.0,0.0,True,5,4,3,12,Loyal,3,Core Regulars
13689,United Kingdom,2011-10-07 13:21:00,2011-10-07 13:21:00,64,1,910.0,910.0,512,1,64,0.0,0.0,0.0,False,3,1,3,7,Occasional,1,Growth Potential
15511,United Kingdom,2011-09-15 15:05:00,2011-11-28 09:43:00,12,5,909.23,181.846,271,3,86,0.0,0.0,0.0,True,5,4,3,12,Loyal,3,Core Regulars
13038,United Kingdom,2011-02-22 11:43:00,2011-09-20 14:37:00,81,3,908.46,302.82,360,3,291,0.0,0.0,0.0,True,2,3,3,8,At Risk,1,Growth Potential
14449,United Kingdom,2010-12-02 14:09:00,2011-11-21 12:06:00,19,4,907.1,226.775,757,4,373,0.0,0.0,0.0,True,4,4,3,11,Loyal,3,Core Regulars
15480,Malta,2011-08-15 14:32:00,2011-08-15 14:32:00,117,1,905.5,905.5,303,1,117,0.0,0.0,0.0,False,2,1,3,6,At Risk,1,Growth Potential
15022,United Kingdom,2011-10-23 15:47:00,2011-11-28 12:35:00,12,4,905.04,226.26,543,2,48,0.0,0.0,0.0,True,5,4,3,12,Loyal,3,Core Regulars
15807,United Kingdom,2011-09-23 14:43:00,2011-10-20 14:10:00,51,3,903.9,301.3,430,2,78,0.0,0.0,0.0,True,3,4,3,10,Loyal,1,Growth Potential
17566,United Kingdom,2011-11-14 13:42:00,2011-12-01 19:54:00,9,2,901.21,450.605,518,2,26,0.0,0.0,0.0,True,5,3,3,11,Potential Loyalists,4,Recent Starters
16716,United Kingdom,2011-02-01 15:35:00,2011-03-18 10:03:00,267,2,901.2,450.6,120,2,312,581.4,1.0,39.214892755969245,True,1,3,3,7,At Risk,1,Growth Potential
17848,United Kingdom,2010-12-16 18:38:00,2011-09-19 16:49:00,82,9,901.1999999999999,100.13333333333333,398,8,359,0.0,0.0,0.0,True,2,5,3,10,At Risk,1,Growth Potential
14625,United Kingdom,2010-12-13 15:36:00,2011-05-27 15:32:00,197,2,899.63,449.815,335,2,362,51.15,3.0,5.37979343276047,True,1,3,3,7,At Risk,1,Growth Potential
17886,United Kingdom,2011-04-04 12:34:00,2011-11-08 10:09:00,32,3,899.61,299.87,481,3,250,0.0,0.0,0.0,True,4,4,3,11,Loyal,1,Growth Potential
13662,United Kingdom,2011-03-25 13:23:00,2011-09-15 12:04:00,86,3,897.76,299.25333333333333,543,3,260,18.68,4.0,2.0383222033084545,True,2,3,3,8,At Risk,1,Growth Potential
17537,United Kingdom,2011-02-09 13:37:00,2011-11-10 10:56:00,30,2,897.62,448.81,700,2,304,0.0,0.0,0.0,True,4,3,3,10,Potential Loyalists,4,Recent Starters
16361,United Kingdom,2011-09-29 13:13:00,2011-11-30 12:32:00,10,4,896.66,224.165,421,3,72,0.0,0.0,0.0,True,5,4,3,12,Loyal,3,Core Regulars
15079,United Kingdom,2010-12-09 09:25:00,2011-05-11 12:45:00,213,4,895.61,223.9025,389,3,366,1.95,1.0,0.21725567093007708,True,1,4,3,8,At Risk,1,Growth Potential
15865,United Kingdom,2011-05-10 11:44:00,2011-10-30 12:43:00,41,3,895.13,298.37666666666667,368,3,214,0.0,0.0,0.0,True,3,4,3,10,Loyal,1,Growth Potential
15211,United Kingdom,2010-12-09 16:08:00,2011-10-10 13:31:00,61,2,894.4100000000001,447.20500000000004,240,2,366,0.0,0.0,0.0,True,3,3,3,9,Occasional,1,Growth Potential
15066,United Kingdom,2011-10-17 13:25:00,2011-10-17 13:25:00,54,1,893.59,893.59,317,1,54,133.0,1.0,12.955512911678468,False,3,1,3,7,Occasional,1,Growth Potential
12772,Portugal,2011-10-11 09:19:00,2011-10-11 09:19:00,60,1,892.47,892.47,556,1,60,0.0,0.0,0.0,False,3,1,3,7,Occasional,1,Growth Potential
13515,United Kingdom,2011-04-06 10:33:00,2011-09-28 11:26:00,73,4,891.12,222.78,681,4,248,0.0,0.0,0.0,True,2,4,3,9,At Risk,1,Growth Potential
15255,United Kingdom,2011-10-04 12:43:00,2011-10-04 12:43:00,67,1,890.85,890.85,489,1,67,0.0,0.0,0.0,False,3,1,3,7,Occasional,1,Growth Potential
14240,United Kingdom,2011-04-28 11:40:00,2011-11-09 13:45:00,31,2,890.34,445.17,418,2,226,0.0,0.0,0.0,True,4,3,3,10,Potential Loyalists,4,Recent Starters
17027,United Kingdom,2011-01-26 14:19:00,2011-09-22 12:24:00,79,6,890.29,148.38166666666666,421,5,318,41.7,1.0,4.474296934516465,True,2,5,3,10,At Risk,1,Growth Potential
14344,United Kingdom,2010-12-06 11:58:00,2011-08-04 13:51:00,128,8,889.9300000000001,111.24125000000001,477,5,369,0.0,0.0,0.0,True,2,5,3,10,At Risk,1,Growth Potential
17007,United Kingdom,2010-12-17 13:57:00,2011-10-20 10:47:00,51,6,889.9300000000001,148.3216666666667,597,4,358,12.5,1.0,1.3851489866250013,True,3,5,3,11,Loyal,3,Core Regulars
14623,United Kingdom,2011-04-18 13:54:00,2011-11-07 13:56:00,33,5,889.25,177.85,419,5,236,19.9,1.0,2.188857724247924,True,4,4,3,11,Loyal,3,Core Regulars
17829,United Arab Emirates,2011-02-14 12:46:00,2011-02-14 12:46:00,299,1,889.24,889.24,496,1,299,0.0,0.0,0.0,False,1,2,3,6,At Risk,0,Lapsed
16347,United Kingdom,2011-11-03 13:01:00,2011-11-28 13:14:00,12,2,887.65,443.825,353,1,37,0.0,0.0,0.0,True,5,3,3,11,Potential Loyalists,4,Recent Starters
16900,United Kingdom,2011-10-07 13:17:00,2011-11-23 10:32:00,17,3,887.11,295.7033333333333,833,2,64,699.42,2.0,44.08488966486609,True,4,4,3,11,Loyal,3,Core Regulars
15822,United Kingdom,2010-12-15 13:38:00,2011-12-06 14:50:00,4,2,885.47,442.735,375,2,360,0.0,0.0,0.0,True,5,3,3,11,Potential Loyalists,3,Core Regulars
17704,United Kingdom,2011-04-14 09:28:00,2011-06-24 09:40:00,169,2,885.19,442.595,343,2,240,0.0,0.0,0.0,True,2,3,3,8,At Risk,1,Growth Potential
17109,United Kingdom,2011-04-21 15:46:00,2011-11-10 16:59:00,30,6,885.04,147.50666666666666,589,3,233,15.360000000000001,2.0,1.7059084851177257,True,4,5,3,12,Loyal,3,Core Regulars
15799,United Kingdom,2011-01-09 15:13:00,2011-09-25 12:46:00,76,3,884.14,294.7133333333333,955,3,335,0.0,0.0,0.0,True,2,4,3,9,At Risk,1,Growth Potential
14597,United Kingdom,2011-06-01 12:33:00,2011-11-28 13:13:00,12,2,883.15,441.575,577,2,192,0.0,0.0,0.0,True,5,3,3,11,Potential Loyalists,4,Recent Starters
18236,United Kingdom,2011-04-13 09:52:00,2011-11-10 08:06:00,30,6,882.24,147.04,403,6,241,0.0,0.0,0.0,True,4,5,3,12,Loyal,3,Core Regulars
13037,United Kingdom,2011-03-28 15:42:00,2011-07-24 15:46:00,139,3,881.07,293.69,431,3,257,0.0,0.0,0.0,True,2,3,3,8,At Risk,1,Growth Potential
15076,United Kingdom,2011-06-20 08:23:00,2011-06-20 08:23:00,173,1,880.85,880.85,571,1,173,0.0,0.0,0.0,False,2,1,3,6,At Risk,1,Growth Potential
15653,United Kingdom,2011-08-16 09:50:00,2011-09-08 10:49:00,93,2,877.4399999999999,438.71999999999997,1200,2,116,0.0,0.0,0.0,True,2,3,3,8,At Risk,1,Growth Potential
14770,United Kingdom,2011-01-20 15:00:00,2011-04-21 14:21:00,233,2,876.42,438.21,490,2,324,0.0,0.0,0.0,True,1,3,3,7,At Risk,1,Growth Potential
15100,United Kingdom,2010-12-01 09:09:00,2011-01-10 10:35:00,334,3,876.0,292.0,80,2,374,240.89999999999998,3.0,21.568627450980387,True,1,3,3,7,At Risk,1,Growth Potential
13566,United Kingdom,2011-09-18 12:40:00,2011-10-30 11:59:00,41,2,874.71,437.355,575,2,83,0.0,0.0,0.0,True,3,2,3,8,Occasional,1,Growth Potential
16513,United Kingdom,2011-10-27 14:56:00,2011-12-05 10:18:00,5,4,874.59,218.6475,407,3,44,0.0,0.0,0.0,True,5,4,3,12,Loyal,3,Core Regulars
13294,United Kingdom,2011-04-04 12:37:00,2011-06-03 08:54:00,190,2,873.74,436.87,453,2,250,0.0,0.0,0.0,True,1,2,3,6,At Risk,1,Growth Potential
12847,United Kingdom,2011-11-17 13:16:00,2011-11-17 13:16:00,23,1,871.54,871.54,909,1,23,0.0,0.0,0.0,False,4,1,3,8,Occasional,4,Recent Starters
15208,United Kingdom,2010-12-21 13:03:00,2011-12-08 17:24:00,2,5,870.12,174.024,316,5,354,2.5,1.0,0.2864935481652953,True,5,4,3,12,Loyal,3,Core Regulars
13200,United Kingdom,2011-08-05 14:50:00,2011-11-20 15:35:00,20,4,870.09,217.5225,516,3,127,0.0,0.0,0.0,True,4,4,3,11,Loyal,3,Core Regulars
13979,United Kingdom,2011-09-27 13:32:00,2011-09-27 13:32:00,74,1,869.87,869.87,639,1,74,0.0,0.0,0.0,False,2,1,3,6,At Risk,1,Growth Potential
12694,France,2011-06-09 17:48:00,2011-09-30 13:06:00,71,2,869.67,434.835,509,2,184,0.0,0.0,0.0,True,3,2,3,8,Occasional,1,Growth Potential
13203,United Kingdom,2011-04-11 14:40:00,2011-11-30 10:45:00,10,4,869.46,217.365,800,4,243,0.0,0.0,0.0,True,5,4,3,12,Loyal,3,Core Regulars
17649,United Kingdom,2011-07-24 15:53:00,2011-07-24 15:53:00,139,1,868.49,868.49,399,1,139,6.75,1.0,0.7712170376125406,False,2,2,3,7,At Risk,1,Growth Potential
14912,Italy,2011-04-07 11:06:00,2011-11-23 09:20:00,17,2,867.85,433.925,971,2,247,26.33,1.0,2.944597284663043,True,4,3,3,10,Potential Loyalists,4,Recent Starters
14715,United Kingdom,2011-01-12 13:27:00,2011-11-15 12:10:00,25,4,867.38,216.845,521,4,332,0.0,0.0,0.0,True,4,4,3,11,Loyal,3,Core Regulars
16235,United Kingdom,2011-01-11 15:42:00,2011-10-30 10:56:00,41,5,867.31,173.462,330,5,333,8.9,1.0,1.0157382362675615,True,3,4,3,10,Loyal,3,Core Regulars
16121,United Kingdom,2011-05-08 11:52:00,2011-10-13 12:59:00,58,2,867.11,433.555,586,2,216,0.0,0.0,0.0,True,3,3,3,9,Occasional,1,Growth Potential
14332,United Kingdom,2011-07-15 10:33:00,2011-11-17 11:54:00,23,3,866.31,288.77,481,3,148,0.0,0.0,0.0,True,4,3,3,10,Potential Loyalists,3,Core Regulars
16567,United Kingdom,2011-01-07 09:31:00,2011-05-29 13:57:00,195,2,865.6,432.8,996,2,337,0.0,0.0,0.0,True,1,3,3,7,At Risk,1,Growth Potential
13846,United Kingdom,2010-12-14 16:07:00,2011-11-15 12:07:00,25,3,865.0600000000001,288.35333333333335,388,3,361,17.45,1.0,1.977314704649239,True,4,3,3,10,Potential Loyalists,3,Core Regulars
16221,United Kingdom,2010-12-07 13:13:00,2011-11-03 11:43:00,37,3,864.86,288.2866666666667,717,3,368,0.0,0.0,0.0,True,3,4,3,10,Loyal,1,Growth Potential
12680,France,2011-08-18 15:44:00,2011-12-09 12:50:00,1,4,862.81,215.7025,443,3,114,0.0,0.0,0.0,True,5,4,3,12,Loyal,3,Core Regulars
16266,United Kingdom,2011-05-17 14:50:00,2011-09-27 12:08:00,74,7,861.89,123.12714285714286,398,5,207,0.0,0.0,0.0,True,2,5,3,10,At Risk,1,Growth Potential
12794,Portugal,2011-09-02 12:01:00,2011-10-17 14:54:00,54,2,860.41,430.205,592,2,99,0.0,0.0,0.0,True,3,2,3,8,Occasional,1,Growth Potential
13339,United Kingdom,2011-05-23 08:31:00,2011-05-23 08:31:00,201,1,860.12,860.12,326,1,201,0.0,0.0,0.0,False,1,1,3,5,At Risk,1,Growth Potential
14577,United Kingdom,2010-12-12 11:26:00,2011-11-27 12:47:00,13,4,859.71,214.9275,353,4,363,0.0,0.0,0.0,True,5,4,3,12,Loyal,3,Core Regulars
17064,United Kingdom,2011-01-16 16:10:00,2011-10-12 10:18:00,59,3,859.35,286.45,318,3,328,0.0,0.0,0.0,True,3,4,3,10,Loyal,1,Growth Potential
14553,United Kingdom,2011-01-04 15:40:00,2011-11-20 13:20:00,20,5,859.27,171.85399999999998,493,3,340,0.0,0.0,0.0,True,4,4,3,11,Loyal,3,Core Regulars
16163,United Kingdom,2010-12-09 16:28:00,2011-04-21 15:15:00,233,2,856.6,428.3,192,2,366,415.00000000000006,1.0,32.636049072035235,True,1,3,3,7,At Risk,1,Growth Potential
13991,United Kingdom,2011-07-19 12:58:00,2011-11-27 16:18:00,13,6,855.97,142.66166666666666,998,4,144,5.34,1.0,0.6199858355296002,True,5,5,3,13,Loyal,3,Core Regulars
12693,Germany,2011-01-24 12:58:00,2011-08-04 17:51:00,128,4,855.91,213.9775,255,4,320,24.95,2.0,2.8324591876121064,True,2,4,3,9,At Risk,1,Growth Potential
16037,United Kingdom,2010-12-16 10:18:00,2011-03-15 09:13:00,270,3,855.02,285.00666666666666,428,3,359,0.0,0.0,0.0,True,1,4,3,8,At Risk,1,Growth Potential
12878,United Kingdom,2011-03-18 14:02:00,2011-04-17 13:07:00,237,2,854.99,427.495,547,2,267,13.35,1.0,1.5374162194532095,True,1,2,3,6,At Risk,1,Growth Potential
17560,United Kingdom,2011-02-02 11:14:00,2011-09-06 09:18:00,95,4,854.95,213.7375,635,4,311,0.0,0.0,0.0,True,2,4,3,9,At Risk,1,Growth Potential
16877,United Kingdom,2011-05-15 16:13:00,2011-11-27 13:47:00,13,6,853.72,142.28666666666666,463,4,209,0.0,0.0,0.0,True,5,5,3,13,Loyal,3,Core Regulars
14193,United Kingdom,2011-03-15 11:38:00,2011-10-03 09:34:00,68,2,853.39,426.695,445,2,270,0.0,0.0,0.0,True,3,3,3,9,Occasional,1,Growth Potential
12379,Belgium,2011-06-22 16:32:00,2011-09-19 10:09:00,82,2,852.24,426.12,407,2,171,1.95,1.0,0.2282864468092579,True,2,2,3,7,At Risk,1,Growth Potential
16070,United Kingdom,2011-11-07 16:36:00,2011-11-17 15:50:00,23,2,852.15,426.075,457,1,33,0.0,0.0,0.0,True,4,3,3,10,Potential Loyalists,4,Recent Starters
16020,United Kingdom,2011-10-05 13:54:00,2011-11-23 11:18:00,17,3,851.01,283.67,487,2,66,0.0,0.0,0.0,True,4,4,3,11,Loyal,3,Core Regulars
12713,Germany,2011-12-09 12:16:00,2011-12-09 12:16:00,1,1,848.55,848.55,508,1,1,0.0,0.0,0.0,False,5,1,3,9,New Customers,4,Recent Starters
14657,United Kingdom,2011-01-17 15:19:00,2011-11-22 12:47:00,18,4,848.22,212.055,466,4,327,9.95,1.0,1.1594439330202637,True,4,4,3,11,Loyal,3,Core Regulars
13221,United Kingdom,2010-12-15 13:24:00,2011-04-13 16:58:00,241,2,847.41,423.705,244,2,360,0.0,0.0,0.0,True,1,2,3,6,At Risk,1,Growth Potential
16924,United Kingdom,2011-09-16 12:54:00,2011-11-18 12:53:00,22,3,846.75,282.25,493,3,85,107.25,1.0,11.242138364779874,True,4,4,3,11,Loyal,3,Core Regulars
16222,United Kingdom,2011-01-25 13:38:00,2011-01-25 13:38:00,319,1,846.72,846.72,365,1,319,0.0,0.0,0.0,False,1,2,3,6,At Risk,0,Lapsed
15965,United Kingdom,2010-12-07 13:18:00,2011-11-22 16:44:00,18,4,845.64,211.41,453,2,368,0.0,0.0,0.0,True,4,4,3,11,Loyal,3,Core Regulars
14803,United Kingdom,2011-02-20 13:21:00,2011-06-30 13:58:00,163,3,845.55,281.84999999999997,370,3,293,0.0,0.0,0.0,True,2,3,3,8,At Risk,1,Growth Potential
17624,United Kingdom,2011-05-05 17:59:00,2011-11-25 10:52:00,15,2,843.48,421.74,554,2,219,0.0,0.0,0.0,True,4,3,3,10,Potential Loyalists,4,Recent Starters
15164,United Kingdom,2011-01-04 14:21:00,2011-10-02 12:05:00,69,3,843.05,281.01666666666665,360,3,340,0.0,0.0,0.0,True,3,3,3,9,Occasional,1,Growth Potential
17929,United Kingdom,2011-02-04 11:40:00,2011-11-28 16:01:00,12,4,843.0,210.75,108,4,309,8.5,1.0,0.9982384028185555,True,5,4,3,12,Loyal,3,Core Regulars
13929,United Kingdom,2011-01-17 15:11:00,2011-06-23 15:26:00,170,2,842.65,421.325,143,2,327,39.8,1.0,4.510170547906397,True,2,2,3,7,At Risk,1,Growth Potential
16108,United Kingdom,2011-09-16 11:48:00,2011-09-16 11:48:00,85,1,842.5,842.5,615,1,85,26.4,1.0,3.0383243181033492,False,2,2,3,7,At Risk,1,Growth Potential
16560,United Kingdom,2010-12-16 14:36:00,2011-11-13 10:35:00,27,2,841.41,420.705,500,2,359,24.900000000000002,1.0,2.874259791529591,True,4,3,3,10,Potential Loyalists,4,Recent Starters
14862,United Kingdom,2011-07-14 11:20:00,2011-11-14 10:01:00,26,2,841.1999999999999,420.59999999999997,772,2,149,0.0,0.0,0.0,True,4,3,3,10,Potential Loyalists,4,Recent Starters
17076,United Kingdom,2010-12-10 10:08:00,2011-11-03 17:53:00,37,3,841.0799999999999,280.35999999999996,295,3,365,0.0,0.0,0.0,True,3,4,3,10,Loyal,1,Growth Potential
13940,United Kingdom,2011-07-18 16:05:00,2011-11-22 15:15:00,18,4,839.14,209.785,516,4,145,0.0,0.0,0.0,True,4,4,3,11,Loyal,3,Core Regulars
17115,United Kingdom,2011-04-20 14:46:00,2011-12-01 14:30:00,9,3,837.5,279.1666666666667,372,3,234,30.6,2.0,3.5249395230964176,True,5,4,3,12,Loyal,3,Core Regulars
16554,United Kingdom,2011-01-12 12:41:00,2011-10-28 14:51:00,43,3,837.1,279.03333333333336,402,3,332,195.54999999999998,4.0,18.9367162155619,True,3,4,3,10,Loyal,1,Growth Potential
15832,United Kingdom,2011-03-30 15:29:00,2011-03-30 15:29:00,255,1,836.79,836.79,465,1,255,0.0,0.0,0.0,False,1,2,3,6,At Risk,0,Lapsed
12728,France,2011-01-11 13:31:00,2011-09-29 15:31:00,72,4,836.33,209.0825,419,4,333,0.0,0.0,0.0,True,3,4,3,10,Loyal,1,Growth Potential
16747,United Kingdom,2011-10-03 10:18:00,2011-11-02 11:37:00,38,2,836.06,418.03,583,2,68,9.1,2.0,1.0767192010980169,True,3,3,3,9,Occasional,1,Growth Potential
17169,United Kingdom,2011-06-09 13:16:00,2011-10-13 10:25:00,58,2,835.78,417.89,526,2,184,18.9,2.0,2.2113539570365517,True,3,3,3,9,Occasional,1,Growth Potential
17759,United Kingdom,2011-06-23 13:35:00,2011-11-22 16:02:00,18,3,834.99,278.33,708,2,170,0.0,0.0,0.0,True,4,4,3,11,Loyal,3,Core Regulars
13835,United Kingdom,2011-05-08 15:22:00,2011-11-14 15:37:00,26,4,834.57,208.6425,442,4,216,0.0,0.0,0.0,True,4,4,3,11,Loyal,3,Core Regulars
17075,United Kingdom,2011-01-26 13:20:00,2011-11-22 11:58:00,18,4,834.12,208.53,292,4,318,20.35,1.0,2.381593268341779,True,4,4,3,11,Loyal,3,Core Regulars
16644,United Kingdom,2011-05-11 12:53:00,2011-06-15 12:39:00,178,2,833.78,416.89,826,2,213,0.0,0.0,0.0,True,2,3,3,8,At Risk,1,Growth Potential
15862,United Kingdom,2010-12-01 11:21:00,2011-12-01 13:28:00,9,4,832.88,208.22,585,4,374,0.0,0.0,0.0,True,5,4,3,12,Loyal,3,Core Regulars
14644,United Kingdom,2011-02-14 14:14:00,2011-10-03 08:30:00,68,2,830.76,415.38,258,2,299,50.3,2.0,5.709032301999864,True,3,3,3,9,Occasional,1,Growth Potential
13681,United Kingdom,2011-07-07 15:21:00,2011-11-22 11:13:00,18,4,827.83,206.9575,360,3,156,0.0,0.0,0.0,True,4,4,3,11,Loyal,3,Core Regulars
12461,Switzerland,2011-07-08 10:23:00,2011-09-06 16:57:00,95,2,826.88,413.44,287,2,155,0.0,0.0,0.0,True,2,2,3,7,At Risk,1,Growth Potential
12781,Czech Republic,2011-02-28 08:43:00,2011-10-07 10:37:00,64,2,826.74,413.37,671,2,285,119.02,3.0,12.584588056166469,True,3,2,3,8,Occasional,1,Growth Potential
16494,United Kingdom,2011-02-16 12:49:00,2011-02-16 12:49:00,297,1,826.53,826.53,675,1,297,0.0,0.0,0.0,False,1,2,3,6,At Risk,0,Lapsed
17921,United Kingdom,2011-03-18 13:19:00,2011-10-06 18:56:00,65,4,826.52,206.63,430,4,267,0.0,0.0,0.0,True,3,4,3,10,Loyal,1,Growth Potential
15525,United Kingdom,2010-12-01 13:17:00,2011-12-07 14:43:00,3,3,825.92,275.3066666666667,416,3,374,14.899999999999999,1.0,1.7720796365452771,True,5,3,3,11,Potential Loyalists,3,Core Regulars
12427,Germany,2010-12-03 10:44:00,2011-11-18 08:56:00,22,3,825.8,275.26666666666665,533,3,372,117.42999999999999,2.0,12.449773650117152,True,4,3,3,10,Potential Loyalists,3,Core Regulars
16869,United Kingdom,2011-06-17 13:01:00,2011-11-17 12:02:00,23,4,825.42,206.355,585,3,176,19.8,1.0,2.342585362390857,True,4,4,3,11,Loyal,3,Core Regulars
16284,United Kingdom,2011-10-20 13:54:00,2011-11-08 16:12:00,32,2,823.97,411.985,544,2,51,0.0,0.0,0.0,True,4,3,3,10,Potential Loyalists,4,Recent Starters
16164,United Kingdom,2011-10-28 09:12:00,2011-11-22 15:04:00,18,3,822.48,274.16,433,2,43,19.95,1.0,2.3681492824329617,True,4,4,3,11,Loyal,3,Core Regulars
12778,Netherlands,2011-01-31 14:35:00,2011-11-20 11:30:00,20,6,822.23,137.03833333333333,825,5,313,18.0,1.0,2.142270568772836,True,4,5,3,12,Loyal,3,Core Regulars
13893,United Kingdom,2011-02-15 11:30:00,2011-02-15 11:30:00,298,1,821.1,821.1,190,1,298,0.0,0.0,0.0,False,1,1,3,5,At Risk,0,Lapsed
13220,United Kingdom,2011-04-17 10:59:00,2011-09-22 13:38:00,79,4,819.2900000000001,204.82250000000002,196,4,237,0.0,0.0,0.0,True,2,4,3,9,At Risk,1,Growth Potential
17764,United Kingdom,2011-05-12 16:11:00,2011-10-20 11:03:00,51,2,818.8199999999999,409.40999999999997,395,2,212,0.0,0.0,0.0,True,3,3,3,9,Occasional,1,Growth Potential
16092,United Kingdom,2011-03-30 15:38:00,2011-08-17 10:46:00,115,3,817.86,272.62,628,3,255,38.5,2.0,4.495772805829324,True,2,4,3,9,At Risk,1,Growth Potential
16943,United Kingdom,2011-01-25 14:00:00,2011-05-12 11:57:00,212,3,816.73,272.24333333333334,145,3,319,0.0,0.0,0.0,True,1,4,3,8,At Risk,1,Growth Potential
15649,United Kingdom,2010-12-07 10:06:00,2011-01-07 13:34:00,337,2,816.0,408.0,192,2,368,0.0,0.0,0.0,True,1,3,3,7,At Risk,1,Growth Potential
15399,United Kingdom,2011-09-21 15:57:00,2011-12-08 13:04:00,2,3,815.77,271.92333333333335,611,3,80,0.0,0.0,0.0,True,5,3,3,11,Potential Loyalists,3,Core Regulars
14499,United Kingdom,2011-03-06 11:55:00,2011-11-13 13:01:00,27,3,815.32,271.77333333333337,501,3,279,0.0,0.0,0.0,True,4,3,3,10,Potential Loyalists,3,Core Regulars
13280,United Kingdom,2011-01-06 17:10:00,2011-08-09 13:14:00,123,3,814.86,271.62,522,2,338,0.0,0.0,0.0,True,2,3,3,8,At Risk,1,Growth Potential
16460,United Kingdom,2011-09-19 10:15:00,2011-11-11 13:46:00,29,3,814.72,271.5733333333333,879,2,82,0.0,0.0,0.0,True,4,4,3,11,Loyal,1,Growth Potential
13811,Germany,2011-04-14 18:40:00,2011-06-09 09:54:00,184,3,814.5,271.5,68,2,240,222.75,1.0,21.475054229934923,True,1,3,3,7,At Risk,1,Growth Potential
18064,United Kingdom,2011-04-18 15:08:00,2011-07-29 16:39:00,134,2,814.0,407.0,384,2,236,0.0,0.0,0.0,True,2,3,3,8,At Risk,1,Growth Potential
16600,United Kingdom,2011-01-05 12:13:00,2011-12-05 16:00:00,5,6,813.52,135.58666666666667,1145,5,339,0.0,0.0,0.0,True,5,5,3,13,Loyal,3,Core Regulars
16621,United Kingdom,2011-03-07 11:32:00,2011-10-19 11:38:00,52,4,813.48,203.37,302,4,278,0.0,0.0,0.0,True,3,4,3,10,Loyal,1,Growth Potential
14421,United Kingdom,2011-05-12 10:49:00,2011-10-13 13:24:00,58,2,813.11,406.555,365,2,212,0.0,0.0,0.0,True,3,3,3,9,Occasional,1,Growth Potential
15644,United Kingdom,2011-03-23 15:37:00,2011-06-26 14:54:00,167,4,813.0,203.25,557,2,262,0.0,0.0,0.0,True,2,4,3,9,At Risk,1,Growth Potential
17980,United Kingdom,2010-12-15 15:50:00,2011-06-27 12:01:00,166,3,811.45,270.48333333333335,682,3,360,0.0,0.0,0.0,True,2,4,3,9,At Risk,1,Growth Potential
16276,United Kingdom,2011-06-16 09:34:00,2011-06-16 09:34:00,177,1,810.6000000000001,810.6000000000001,420,1,177,0.0,0.0,0.0,False,2,2,3,7,At Risk,1,Growth Potential
16624,United Kingdom,2011-05-26 14:20:00,2011-09-20 12:39:00,81,2,810.5699999999999,405.28499999999997,488,2,198,0.0,0.0,0.0,True,2,3,3,8,At Risk,1,Growth Potential
13637,United Kingdom,2011-04-27 13:06:00,2011-10-18 13:32:00,53,3,810.5,270.1666666666667,409,3,227,0.0,0.0,0.0,True,3,3,3,9,Occasional,1,Growth Potential
16891,United Kingdom,2010-12-03 11:35:00,2011-12-08 11:15:00,2,5,809.7,161.94,283,5,372,0.0,0.0,0.0,True,5,4,3,12,Loyal,3,Core Regulars
17114,United Kingdom,2011-01-09 11:39:00,2011-12-04 12:17:00,6,8,808.62,101.0775,219,8,335,61.4,2.0,7.057309027378681,True,5,5,3,13,Loyal,3,Core Regulars
15533,United Kingdom,2011-09-11 15:41:00,2011-11-20 15:35:00,20,3,807.57,269.19,289,2,90,60.65,2.0,6.985556656147059,True,4,3,3,10,Potential Loyalists,3,Core Regulars
12421,Spain,2011-01-24 15:09:00,2011-11-24 09:07:00,16,4,807.04,201.76,484,4,320,0.77,1.0,0.0953194439286466,True,4,4,3,11,Loyal,3,Core Regulars
15952,United Kingdom,2011-04-28 12:55:00,2011-11-06 11:18:00,34,4,806.57,201.6425,399,4,226,0.0,0.0,0.0,True,3,4,3,10,Loyal,3,Core Regulars
13707,United Kingdom,2011-01-28 13:27:00,2011-03-17 18:03:00,268,2,806.41,403.205,351,2,316,0.0,0.0,0.0,True,1,2,3,6,At Risk,1,Growth Potential
12434,Australia,2011-03-24 13:05:00,2011-09-16 12:38:00,85,2,806.14,403.07,394,2,261,40.949999999999996,2.0,4.834197074691001,True,2,2,3,7,At Risk,1,Growth Potential
16367,United Kingdom,2010-12-12 12:01:00,2011-11-02 13:13:00,38,2,804.49,402.245,647,2,363,0.0,0.0,0.0,True,3,3,3,9,Occasional,1,Growth Potential
18248,United Kingdom,2011-06-06 13:18:00,2011-08-09 10:19:00,123,2,804.02,402.01,511,2,187,21.0,2.0,2.54539283896148,True,2,3,3,8,At Risk,1,Growth Potential
12422,Australia,2011-01-19 09:13:00,2011-09-05 09:48:00,96,3,803.5600000000001,267.85333333333335,370,3,325,0.0,0.0,0.0,True,2,3,3,8,At Risk,1,Growth Potential
15831,United Kingdom,2011-01-19 14:52:00,2011-10-12 13:14:00,59,3,801.76,267.25333333333333,1105,3,325,54.0,1.0,6.3101804244180615,True,3,4,3,10,Loyal,1,Growth Potential
18265,United Kingdom,2011-07-04 15:26:00,2011-09-28 14:10:00,73,2,801.51,400.755,311,2,159,0.0,0.0,0.0,True,2,3,3,8,At Risk,1,Growth Potential
16806,United Kingdom,2011-04-14 19:59:00,2011-08-28 15:27:00,104,4,801.49,200.3725,378,4,240,0.0,0.0,0.0,True,2,4,3,9,At Risk,1,Growth Potential
15561,United Kingdom,2011-05-08 11:38:00,2011-11-28 11:07:00,12,4,800.59,200.1475,267,3,216,77.85000000000001,1.0,8.862301352397433,True,5,4,3,12,Loyal,3,Core Regulars
17905,United Kingdom,2010-12-01 13:21:00,2011-09-29 17:33:00,72,4,800.24,200.06,407,3,374,0.0,0.0,0.0,True,2,4,3,9,At Risk,1,Growth Potential
13720,United Kingdom,2011-03-30 09:17:00,2011-08-15 12:46:00,117,4,799.9,199.975,501,4,255,0.0,0.0,0.0,True,2,4,3,9,At Risk,1,Growth Potential
13030,United Kingdom,2010-12-06 14:31:00,2011-11-28 14:30:00,12,2,799.48,399.74,394,2,369,0.0,0.0,0.0,True,5,2,3,10,Potential Loyalists,4,Recent Starters
17703,United Kingdom,2011-07-24 13:30:00,2011-11-04 15:51:00,36,3,798.74,266.24666666666667,590,3,139,0.0,0.0,0.0,True,3,4,3,10,Loyal,1,Growth Potential
16438,United Kingdom,2011-09-18 13:31:00,2011-12-04 10:51:00,6,5,798.35,159.67000000000002,463,4,83,0.0,0.0,0.0,True,5,4,3,12,Loyal,3,Core Regulars
13389,United Kingdom,2011-04-21 12:12:00,2011-11-28 14:01:00,12,3,797.96,265.9866666666667,429,3,233,0.0,0.0,0.0,True,5,3,3,11,Potential Loyalists,3,Core Regulars
12701,Germany,2011-04-11 13:02:00,2011-09-21 10:47:00,80,2,797.71,398.855,678,2,243,0.0,0.0,0.0,True,2,2,3,7,At Risk,1,Growth Potential
17180,United Kingdom,2011-01-27 18:05:00,2011-10-14 15:46:00,57,4,796.03,199.0075,683,3,317,15.649999999999999,2.0,1.9280997437413758,True,3,4,3,10,Loyal,1,Growth Potential
13336,United Kingdom,2011-09-23 14:05:00,2011-09-23 14:05:00,78,1,795.12,795.12,559,1,78,0.0,0.0,0.0,False,2,1,3,6,At Risk,1,Growth Potential
15990,United Kingdom,2011-02-25 15:35:00,2011-10-26 15:58:00,45,2,792.11,396.055,443,2,288,0.0,0.0,0.0,True,3,3,3,9,Occasional,1,Growth Potential
13167,United Kingdom,2011-07-19 12:13:00,2011-11-21 12:24:00,19,4,791.33,197.8325,785,4,144,0.0,0.0,0.0,True,4,4,3,11,Loyal,3,Core Regulars
14976,United Kingdom,2011-01-17 11:09:00,2011-10-13 16:37:00,58,7,790.86,112.98,234,5,327,25.0,1.0,3.0642512195719855,True,3,5,3,11,Loyal,3,Core Regulars
13016,United Kingdom,2011-08-08 15:00:00,2011-09-27 14:08:00,74,3,789.89,263.2966666666667,527,2,124,0.0,0.0,0.0,True,2,3,3,8,At Risk,1,Growth Potential
16759,United Kingdom,2011-11-09 09:06:00,2011-12-02 12:42:00,8,3,789.79,263.2633333333333,609,2,31,16.95,1.0,2.1010486649973967,True,5,4,3,12,Loyal,3,Core Regulars
13329,United Kingdom,2010-12-08 10:11:00,2011-11-08 10:29:00,32,2,789.0,394.5,463,2,367,48.60000000000001,2.0,5.802292263610316,True,4,2,3,9,Potential Loyalists,4,Recent Starters
14557,United Kingdom,2011-09-15 15:48:00,2011-09-15 15:48:00,86,1,788.38,788.38,510,1,86,788.38,1.0,50.0,False,2,1,3,6,At Risk,1,Growth Potential
13212,United Kingdom,2011-10-09 14:48:00,2011-11-20 12:40:00,20,3,788.08,262.6933333333333,310,2,62,7.5,1.0,0.9427084642650644,True,4,3,3,10,Potential Loyalists,3,Core Regulars
13323,United Kingdom,2011-09-16 13:23:00,2011-12-06 17:12:00,4,5,787.85,157.57,175,3,85,0.0,0.0,0.0,True,5,4,3,12,Loyal,3,Core Regulars
13884,United Kingdom,2011-03-01 13:40:00,2011-12-02 16:30:00,8,5,787.6,157.52,300,3,284,6.300000000000001,1.0,0.7935508250409373,True,5,4,3,12,Loyal,3,Core Regulars
16546,United Kingdom,2010-12-02 12:07:00,2011-02-22 11:20:00,291,2,787.15,393.575,549,2,373,883.08,1.0,52.87176017674212,True,1,3,3,7,At Risk,1,Growth Potential
13109,United Kingdom,2011-07-05 14:56:00,2011-10-11 10:16:00,60,2,786.54,393.27,520,2,158,19.700000000000003,3.0,2.4434411589601113,True,3,2,3,8,Occasional,1,Growth Potential
12628,Germany,2011-10-06 09:28:00,2011-12-05 13:15:00,5,3,786.46,262.15333333333336,448,3,65,16.85,1.0,2.0975712987514163,True,5,3,3,11,Potential Loyalists,3,Core Regulars
15806,United Kingdom,2011-03-08 09:24:00,2011-10-24 14:35:00,47,3,784.58,261.5266666666667,602,3,277,0.0,0.0,0.0,True,3,4,3,10,Loyal,1,Growth Potential
15743,United Kingdom,2011-06-08 10:14:00,2011-11-23 17:19:00,17,4,784.46,196.115,216,3,185,0.0,0.0,0.0,True,4,4,3,11,Loyal,3,Core Regulars
18136,United Kingdom,2011-01-24 12:08:00,2011-10-07 15:40:00,64,3,784.33,261.4433333333333,379,3,320,22.5,1.0,2.788691545926651,True,3,4,3,10,Loyal,1,Growth Potential
17387,United Kingdom,2011-11-06 11:25:00,2011-11-20 11:00:00,20,2,784.11,392.055,542,1,34,0.0,0.0,0.0,True,4,3,3,10,Potential Loyalists,4,Recent Starters
16054,United Kingdom,2011-07-17 13:08:00,2011-07-17 13:08:00,146,1,783.9,783.9,380,1,146,0.0,0.0,0.0,False,2,2,3,7,At Risk,1,Growth Potential
17006,United Kingdom,2011-09-25 12:15:00,2011-12-05 12:09:00,5,4,781.78,195.445,272,3,76,0.0,0.0,0.0,True,5,4,3,12,Loyal,3,Core Regulars
17341,United Kingdom,2010-12-08 12:46:00,2011-07-06 12:33:00,157,3,781.36,260.4533333333333,489,2,367,0.0,0.0,0.0,True,2,4,3,9,At Risk,1,Growth Potential
15679,United Kingdom,2011-06-10 08:24:00,2011-11-15 16:19:00,25,4,781.28,195.32,1170,3,183,0.0,0.0,0.0,True,4,4,3,11,Loyal,3,Core Regulars
13583,United Kingdom,2011-07-07 10:40:00,2011-07-07 10:40:00,156,1,781.03,781.03,725,1,156,0.0,0.0,0.0,False,2,1,3,6,At Risk,1,Growth Potential
16725,United Kingdom,2010-12-03 16:02:00,2011-02-10 16:52:00,303,7,781.02,111.57428571428571,294,3,372,5.95,1.0,0.7560643988970355,True,1,5,3,9,At Risk,1,Growth Potential
15239,United Kingdom,2011-09-22 09:53:00,2011-11-29 14:14:00,11,2,780.59,390.295,594,2,79,16.25,1.0,2.039305255760253,True,5,3,3,11,Potential Loyalists,4,Recent Starters
17797,United Kingdom,2011-06-10 11:29:00,2011-11-17 13:21:00,23,3,780.43,260.1433333333333,498,2,183,0.0,0.0,0.0,True,4,4,3,11,Loyal,3,Core Regulars
18228,United Kingdom,2011-09-21 10:48:00,2011-10-14 09:21:00,57,2,779.9,389.95,238,2,80,10.7,1.0,1.3534024791297747,True,3,3,3,9,Occasional,1,Growth Potential
12735,France,2011-01-06 14:26:00,2011-01-28 13:37:00,316,2,779.5699999999999,389.78499999999997,368,1,338,0.0,0.0,0.0,True,1,2,3,6,At Risk,1,Growth Potential
17411,United Kingdom,2011-03-23 13:44:00,2011-11-27 14:25:00,13,3,778.94,259.6466666666667,306,3,262,30.0,1.0,3.708556876900635,True,5,4,3,12,Loyal,3,Core Regulars
13375,United Kingdom,2011-09-12 10:19:00,2011-09-12 10:19:00,89,1,778.65,778.65,442,1,89,5.75,1.0,0.7330443651198368,False,2,1,3,6,At Risk,1,Growth Potential
14815,United Kingdom,2011-10-03 11:36:00,2011-11-03 11:36:00,37,2,778.5,389.25,744,2,68,0.0,0.0,0.0,True,3,3,3,9,Occasional,1,Growth Potential
17414,United Kingdom,2011-06-08 11:43:00,2011-10-27 12:13:00,44,2,778.0,389.0,2100,2,185,0.0,0.0,0.0,True,3,3,3,9,Occasional,1,Growth Potential
16505,United Kingdom,2011-11-08 12:14:00,2011-11-08 12:14:00,32,1,777.6,777.6,576,1,32,0.0,0.0,0.0,False,4,2,3,9,Potential Loyalists,4,Recent Starters
13563,United Kingdom,2011-07-22 17:21:00,2011-09-16 14:45:00,85,2,777.53,388.765,209,2,141,0.0,0.0,0.0,True,2,2,3,7,At Risk,1,Growth Potential
12425,Portugal,2011-09-22 17:31:00,2011-09-22 17:31:00,79,1,777.2,777.2,496,1,79,0.0,0.0,0.0,False,2,1,3,6,At Risk,1,Growth Potential
15353,United Kingdom,2010-12-07 11:49:00,2011-03-30 12:15:00,255,2,777.02,388.51,343,2,368,0.0,0.0,0.0,True,1,3,3,7,At Risk,1,Growth Potential
15618,United Kingdom,2011-07-26 10:13:00,2011-11-07 08:34:00,33,4,776.851,194.21275,454,3,137,29.82,1.0,3.696674356708001,True,4,4,3,11,Loyal,3,Core Regulars
13314,United Kingdom,2011-09-27 10:20:00,2011-12-08 12:29:00,2,3,775.94,258.6466666666667,560,3,74,197.28,1.0,20.270853455539342,True,5,3,3,11,Potential Loyalists,3,Core Regulars
13341,United Kingdom,2011-03-24 09:50:00,2011-03-24 09:50:00,261,1,775.85,775.85,301,1,261,0.0,0.0,0.0,False,1,1,3,5,At Risk,0,Lapsed
14234,United Kingdom,2011-10-13 13:58:00,2011-11-17 17:53:00,23,4,775.46,193.865,963,2,58,0.0,0.0,0.0,True,4,4,3,11,Loyal,3,Core Regulars
16825,United Kingdom,2011-06-07 09:44:00,2011-11-01 11:51:00,39,2,775.1800000000001,387.59000000000003,566,2,186,0.0,0.0,0.0,True,3,3,3,9,Occasional,1,Growth Potential
15414,United Kingdom,2011-04-11 13:45:00,2011-11-30 09:50:00,10,3,774.9000000000001,258.3,443,2,243,0.0,0.0,0.0,True,5,3,3,11,Potential Loyalists,3,Core Regulars
16043,United Kingdom,2011-01-26 11:14:00,2011-11-02 12:50:00,38,4,773.99,193.4975,503,4,318,0.0,0.0,0.0,True,3,4,3,10,Loyal,1,Growth Potential
15075,United Kingdom,2011-09-23 12:27:00,2011-09-23 12:27:00,78,1,773.03,773.03,447,1,78,0.0,0.0,0.0,False,2,1,3,6,At Risk,1,Growth Potential
12965,United Kingdom,2011-09-11 15:31:00,2011-09-11 15:31:00,90,1,771.91,771.91,283,1,90,0.0,0.0,0.0,False,2,1,3,6,At Risk,1,Growth Potential
17409,United Kingdom,2011-04-05 16:42:00,2011-06-08 10:36:00,185,2,771.85,385.925,105,2,249,0.0,0.0,0.0,True,1,3,3,7,At Risk,1,Growth Potential
14662,United Kingdom,2011-01-27 17:41:00,2011-11-11 12:13:00,29,4,771.17,192.7925,602,4,317,0.0,0.0,0.0,True,4,4,3,11,Loyal,3,Core Regulars
16770,United Kingdom,2010-12-02 15:49:00,2011-10-13 12:21:00,58,5,770.1,154.02,464,4,373,25.200000000000003,1.0,3.168615616748397,True,3,4,3,10,Loyal,1,Growth Potential
14412,United Kingdom,2011-09-28 08:48:00,2011-10-28 10:45:00,43,2,770.03,385.015,786,2,73,8.7,1.0,1.1172036521002142,True,3,3,3,9,Occasional,1,Growth Potential
16480,United Kingdom,2011-09-25 11:40:00,2011-09-25 11:40:00,76,1,769.29,769.29,455,1,76,0.0,0.0,0.0,False,2,2,3,7,At Risk,1,Growth Potential
13356,United Kingdom,2011-09-20 14:33:00,2011-09-20 14:33:00,81,1,768.24,768.24,325,1,81,0.0,0.0,0.0,False,2,1,3,6,At Risk,1,Growth Potential
17516,United Kingdom,2011-02-27 12:41:00,2011-11-24 16:51:00,16,5,768.08,153.616,416,4,286,0.0,0.0,0.0,True,4,4,3,11,Loyal,3,Core Regulars
14550,United Kingdom,2011-10-26 12:14:00,2011-11-29 12:12:00,11,2,765.62,382.81,394,2,45,0.0,0.0,0.0,True,5,3,3,11,Potential Loyalists,4,Recent Starters
14672,United Kingdom,2011-01-07 15:48:00,2011-04-19 10:19:00,235,2,765.55,382.775,454,2,337,0.0,0.0,0.0,True,1,3,3,7,At Risk,1,Growth Potential
17695,United Kingdom,2011-06-21 12:35:00,2011-07-31 10:40:00,132,2,765.34,382.67,779,2,172,0.0,0.0,0.0,True,2,3,3,8,At Risk,1,Growth Potential
14885,United Kingdom,2011-07-31 12:05:00,2011-07-31 12:05:00,132,1,765.3199999999999,765.3199999999999,724,1,132,0.0,0.0,0.0,False,2,1,3,6,At Risk,1,Growth Potential
17268,United Kingdom,2011-04-08 13:20:00,2011-08-24 10:06:00,108,4,763.64,190.91,844,3,246,0.0,0.0,0.0,True,2,4,3,9,At Risk,1,Growth Potential
17466,United Kingdom,2011-09-22 09:16:00,2011-11-29 13:15:00,11,2,763.28,381.64,306,2,79,0.0,0.0,0.0,True,5,3,3,11,Potential Loyalists,4,Recent Starters
16470,United Kingdom,2010-12-16 11:53:00,2011-10-19 12:11:00,52,4,762.39,190.5975,531,4,359,4.95,1.0,0.6450856204550786,True,3,4,3,10,Loyal,1,Growth Potential
15599,United Kingdom,2011-05-19 13:05:00,2011-11-13 11:44:00,27,2,761.74,380.87,718,2,205,0.0,0.0,0.0,True,4,3,3,10,Potential Loyalists,4,Recent Starters
14883,United Kingdom,2011-05-12 09:49:00,2011-11-21 10:23:00,19,6,761.59,126.93166666666667,790,5,212,4.95,1.0,0.6457588645080491,True,4,5,3,12,Loyal,3,Core Regulars
16205,United Kingdom,2011-06-13 11:33:00,2011-11-09 09:32:00,31,4,761.38,190.345,517,3,180,0.0,0.0,0.0,True,4,4,3,11,Loyal,3,Core Regulars
17425,United Kingdom,2011-10-10 11:37:00,2011-11-20 15:30:00,20,2,759.17,379.585,407,2,61,0.0,0.0,0.0,True,4,3,3,10,Potential Loyalists,4,Recent Starters
16036,United Kingdom,2011-03-21 13:01:00,2011-09-13 14:53:00,88,2,758.92,379.46,716,2,264,0.0,0.0,0.0,True,2,3,3,8,At Risk,1,Growth Potential
15568,United Kingdom,2011-09-27 14:37:00,2011-12-07 11:27:00,3,3,758.29,252.76333333333332,461,3,74,0.0,0.0,0.0,True,5,3,3,11,Potential Loyalists,3,Core Regulars
12413,France,2011-01-06 16:12:00,2011-10-04 09:00:00,67,3,758.1,252.70000000000002,286,3,338,63.95,2.0,7.779332157411349,True,3,3,3,9,Occasional,1,Growth Potential
17979,United Kingdom,2011-03-25 11:34:00,2011-11-04 12:05:00,36,4,757.71,189.4275,397,3,260,19.9,1.0,2.559123468062396,True,3,4,3,10,Loyal,1,Growth Potential
17461,United Kingdom,2011-11-10 12:01:00,2011-11-17 10:21:00,23,3,757.46,252.48666666666668,799,1,30,0.0,0.0,0.0,True,4,4,3,11,Loyal,3,Core Regulars
15223,United Kingdom,2011-04-04 12:17:00,2011-04-28 11:31:00,226,2,755.75,377.875,213,1,250,300.85,1.0,28.473405262161656,True,1,3,3,7,At Risk,1,Growth Potential
13370,United Kingdom,2010-12-03 10:26:00,2010-12-03 10:26:00,372,1,754.87,754.87,343,1,372,33.55,1.0,4.255346135308591,False,1,1,3,5,At Risk,0,Lapsed
18104,United Kingdom,2011-11-02 14:07:00,2011-11-02 14:07:00,38,1,754.64,754.64,362,1,38,0.0,0.0,0.0,False,3,2,3,8,Occasional,4,Recent Starters
13730,United Kingdom,2011-07-01 12:47:00,2011-07-27 08:35:00,136,2,752.6,376.3,488,1,162,0.0,0.0,0.0,True,2,2,3,7,At Risk,1,Growth Potential
16256,United Kingdom,2011-03-18 12:18:00,2011-03-18 12:18:00,267,1,752.4300000000001,752.4300000000001,581,1,267,19.8,1.0,2.564002952488248,False,1,2,3,6,At Risk,0,Lapsed
12908,United Kingdom,2011-01-31 12:37:00,2011-06-16 15:39:00,177,2,750.0,375.0,1200,2,313,504.0,2.0,40.19138755980861,True,2,2,3,7,At Risk,1,Growth Potential
17146,United Kingdom,2010-12-16 12:20:00,2011-08-26 12:44:00,106,3,749.78,249.92666666666665,212,3,359,0.0,0.0,0.0,True,2,4,3,9,At Risk,1,Growth Potential
14923,United Kingdom,2011-10-20 11:51:00,2011-10-20 11:51:00,51,1,749.1,749.1,418,1,51,0.0,0.0,0.0,False,3,1,3,7,Occasional,4,Recent Starters
15074,United Kingdom,2011-08-26 14:45:00,2011-08-26 14:45:00,106,1,748.87,748.87,455,1,106,0.0,0.0,0.0,False,2,1,3,6,At Risk,1,Growth Potential
15656,United Kingdom,2011-02-28 15:32:00,2011-10-25 14:56:00,46,4,748.5,187.125,343,4,285,0.0,0.0,0.0,True,3,4,3,10,Loyal,1,Growth Potential
16859,United Kingdom,2011-03-23 13:39:00,2011-07-18 12:19:00,145,2,747.81,373.905,827,2,262,274.67,3.0,26.86311712698537,True,2,3,3,8,At Risk,1,Growth Potential
13623,United Kingdom,2011-02-15 13:08:00,2011-11-09 12:00:00,31,5,747.78,149.55599999999998,294,5,298,75.33999999999999,2.0,9.152978909515015,True,4,4,3,11,Loyal,3,Core Regulars
14201,United Kingdom,2010-12-15 13:25:00,2011-10-10 13:27:00,61,7,747.44,106.77714285714286,590,7,360,59.400000000000006,2.0,7.362054434584305,True,3,5,3,11,Loyal,1,Growth Potential
16261,United Kingdom,2011-04-07 19:05:00,2011-11-22 17:23:00,18,4,746.83,186.7075,306,4,247,0.0,0.0,0.0,True,4,4,3,11,Loyal,3,Core Regulars
14050,United Kingdom,2011-08-25 13:46:00,2011-11-08 10:00:00,32,2,746.36,373.18,689,2,107,0.0,0.0,0.0,True,4,3,3,10,Potential Loyalists,4,Recent Starters
17034,United Kingdom,2011-02-25 10:10:00,2011-11-23 15:14:00,17,3,745.52,248.50666666666666,410,3,288,10.950000000000001,1.0,1.447512789667799,True,4,4,3,11,Loyal,3,Core Regulars
13950,United Kingdom,2011-04-07 11:29:00,2011-11-28 14:44:00,12,4,745.06,186.265,323,3,247,16.5,1.0,2.166605388938495,True,5,4,3,12,Loyal,3,Core Regulars
14790,United Kingdom,2011-03-31 11:49:00,2011-11-23 09:28:00,17,4,745.06,186.265,699,3,254,0.0,0.0,0.0,True,4,4,3,11,Loyal,3,Core Regulars
13236,United Kingdom,2011-08-25 08:58:00,2011-11-15 12:50:00,25,2,744.85,372.425,416,2,107,17.58,1.0,2.3057854491559877,True,4,2,3,9,Potential Loyalists,4,Recent Starters
13354,United Kingdom,2011-09-29 13:17:00,2011-09-29 13:17:00,72,1,743.53,743.53,604,1,72,0.0,0.0,0.0,False,3,1,3,7,Occasional,1,Growth Potential
16730,United Kingdom,2011-01-24 14:01:00,2011-10-18 14:11:00,53,3,743.11,247.70333333333335,994,3,320,40.32,1.0,5.146598930344766,True,3,4,3,10,Loyal,1,Growth Potential
12374,Austria,2011-11-14 15:37:00,2011-11-14 15:37:00,26,1,742.9300000000001,742.9300000000001,342,1,26,0.0,0.0,0.0,False,4,1,3,8,Occasional,4,Recent Starters
12465,Belgium,2011-06-23 13:37:00,2011-11-22 16:34:00,18,2,742.1899999999999,371.09499999999997,479,2,170,8.3,1.0,1.1059441165105468,True,4,2,3,9,Potential Loyalists,4,Recent Starters
13753,United Kingdom,2011-02-25 12:48:00,2011-02-25 12:48:00,288,1,741.26,741.26,512,1,288,0.0,0.0,0.0,False,1,1,3,5,At Risk,0,Lapsed
13900,United Kingdom,2011-03-22 10:13:00,2011-06-09 19:26:00,184,3,740.95,246.98333333333335,430,3,263,0.0,0.0,0.0,True,1,3,3,7,At Risk,1,Growth Potential
17692,United Kingdom,2010-12-15 13:37:00,2011-08-04 14:01:00,128,4,740.9399999999999,185.23499999999999,672,4,360,7.5,1.0,1.0020843354176687,True,2,4,3,9,At Risk,1,Growth Potential
17974,United Kingdom,2011-05-04 11:50:00,2011-11-15 11:37:00,25,3,740.79,246.92999999999998,519,3,220,0.0,0.0,0.0,True,4,4,3,11,Loyal,3,Core Regulars
15252,United Kingdom,2011-06-09 14:15:00,2011-11-03 13:30:00,37,2,740.78,370.39,522,2,184,0.0,0.0,0.0,True,3,3,3,9,Occasional,4,Recent Starters
12603,Germany,2011-11-18 10:42:00,2011-11-18 10:42:00,22,1,739.1999999999999,739.1999999999999,63,1,22,0.0,0.0,0.0,False,4,1,3,8,Occasional,4,Recent Starters
14756,United Kingdom,2011-11-24 18:13:00,2011-11-24 18:13:00,16,1,738.96,738.96,416,1,16,0.0,0.0,0.0,False,4,1,3,8,Occasional,4,Recent Starters
12976,United Kingdom,2011-05-12 09:55:00,2011-05-12 09:55:00,212,1,738.6,738.6,561,1,212,0.0,0.0,0.0,False,1,1,3,5,At Risk,0,Lapsed
15045,United Kingdom,2011-03-27 11:44:00,2011-07-11 11:33:00,152,2,735.66,367.83,114,2,258,102.0,1.0,12.176778167753026,True,2,3,3,8,At Risk,1,Growth Potential
15215,United Kingdom,2011-09-04 12:24:00,2011-10-24 11:41:00,47,3,734.94,244.98000000000002,225,2,97,118.95,3.0,13.930365737975615,True,3,3,3,9,Occasional,1,Growth Potential
18156,United Kingdom,2010-12-05 12:29:00,2011-11-27 12:24:00,13,2,734.94,367.47,301,2,370,0.0,0.0,0.0,True,5,3,3,11,Potential Loyalists,4,Recent Starters
16362,United Kingdom,2011-09-09 14:47:00,2011-11-07 13:01:00,33,5,734.77,146.954,351,3,92,82.7,4.0,10.116579201683242,True,3,4,3,10,Loyal,3,Core Regulars
16146,United Kingdom,2011-04-21 15:25:00,2011-07-05 14:20:00,158,3,734.13,244.71,427,3,233,0.0,0.0,0.0,True,2,4,3,9,At Risk,1,Growth Potential
17812,United Kingdom,2010-12-06 15:27:00,2011-11-27 11:47:00,13,4,732.16,183.04,350,2,369,0.0,0.0,0.0,True,5,4,3,12,Loyal,3,Core Regulars
13575,United Kingdom,2011-06-16 14:24:00,2011-11-16 13:14:00,24,5,732.0699999999999,146.414,449,5,177,0.0,0.0,0.0,True,4,4,3,11,Loyal,3,Core Regulars
13736,United Kingdom,2011-03-24 13:04:00,2011-12-04 15:19:00,6,2,731.9,365.95,497,2,261,7.9,1.0,1.0678561773452284,True,5,2,3,10,Potential Loyalists,4,Recent Starters
16099,United Kingdom,2011-04-28 08:34:00,2011-10-20 13:13:00,51,3,731.9,243.96666666666667,434,3,226,0.0,0.0,0.0,True,3,4,3,10,Loyal,1,Growth Potential
16491,United Kingdom,2011-10-24 10:18:00,2011-10-24 10:18:00,47,1,731.5,731.5,478,1,47,0.0,0.0,0.0,False,3,2,3,8,Occasional,4,Recent Starters
14778,United Kingdom,2011-02-04 11:43:00,2011-08-04 15:23:00,128,2,730.86,365.43,306,2,309,0.0,0.0,0.0,True,2,3,3,8,At Risk,1,Growth Potential
18035,United Kingdom,2011-10-27 17:48:00,2011-11-04 12:39:00,36,3,730.4,243.46666666666667,611,2,44,0.0,0.0,0.0,True,3,4,3,10,Loyal,1,Growth Potential
12468,Germany,2011-01-27 13:29:00,2011-06-05 11:36:00,188,2,729.5400000000001,364.77000000000004,366,2,317,5.5,1.0,0.748258598171528,True,1,2,3,6,At Risk,1,Growth Potential
13077,United Kingdom,2010-12-08 14:59:00,2011-12-08 19:24:00,2,4,729.27,182.3175,863,3,367,0.0,0.0,0.0,True,5,4,3,12,Loyal,3,Core Regulars
17666,United Kingdom,2011-10-05 11:06:00,2011-12-06 09:06:00,4,2,728.16,364.08,596,2,66,0.0,0.0,0.0,True,5,3,3,11,Potential Loyalists,4,Recent Starters
17888,United Kingdom,2010-12-17 13:56:00,2011-11-18 13:45:00,22,8,726.05,90.75625,980,7,358,200.26999999999998,2.0,21.619958545642977,True,4,5,3,12,Loyal,3,Core Regulars
14869,United Kingdom,2011-08-28 16:09:00,2011-12-01 12:36:00,9,2,725.7,362.85,550,2,104,3.75,1.0,0.5140859551717046,True,5,3,3,11,Potential Loyalists,4,Recent Starters
14055,United Kingdom,2011-08-25 15:04:00,2011-08-25 15:04:00,107,1,725.6400000000001,725.6400000000001,216,1,107,0.0,0.0,0.0,False,2,1,3,6,At Risk,1,Growth Potential
16140,United Kingdom,2010-12-03 14:40:00,2011-10-05 12:15:00,66,2,725.18,362.59,730,2,372,21.41,2.0,2.867705166155454,True,3,3,3,9,Occasional,1,Growth Potential
15584,United Kingdom,2011-06-30 16:39:00,2011-11-16 10:55:00,24,4,725.11,181.2775,314,4,163,2.5,1.0,0.3435906598315031,True,4,4,3,11,Loyal,3,Core Regulars
12723,France,2011-10-05 15:52:00,2011-12-06 10:19:00,4,5,725.07,145.014,434,3,66,0.0,0.0,0.0,True,5,4,3,12,Loyal,3,Core Regulars
15636,United Kingdom,2011-03-02 14:50:00,2011-09-11 11:17:00,90,2,724.76,362.38,284,2,283,0.0,0.0,0.0,True,2,3,3,8,At Risk,1,Growth Potential
12475,Germany,2011-10-17 10:10:00,2011-10-17 10:10:00,54,1,723.38,723.38,535,1,54,0.0,0.0,0.0,False,3,1,3,7,Occasional,4,Recent Starters
17521,United Kingdom,2011-05-24 15:14:00,2011-11-10 11:22:00,30,3,723.2099999999999,241.06999999999996,519,3,200,1.25,1.0,0.17254230737376808,True,4,4,3,11,Loyal,1,Growth Potential
15272,United Kingdom,2011-09-14 16:36:00,2011-10-13 12:59:00,58,2,721.94,360.97,310,2,87,0.0,0.0,0.0,True,3,3,3,9,Occasional,1,Growth Potential
18062,United Kingdom,2011-01-06 10:03:00,2011-06-19 14:47:00,174,3,720.52,240.17333333333332,396,3,338,0.0,0.0,0.0,True,2,4,3,9,At Risk,1,Growth Potential
16023,United Kingdom,2011-03-18 13:32:00,2011-10-24 16:34:00,47,3,719.81,239.93666666666664,358,3,267,0.0,0.0,0.0,True,3,4,3,10,Loyal,1,Growth Potential
14179,United Kingdom,2011-10-18 14:00:00,2011-10-30 12:07:00,41,2,719.78,359.89,330,1,53,0.0,0.0,0.0,True,3,3,3,9,Occasional,1,Growth Potential
14725,United Kingdom,2011-11-15 12:42:00,2011-11-15 12:42:00,25,1,718.08,718.08,593,1,25,0.0,0.0,0.0,False,4,1,3,8,Occasional,4,Recent Starters
17884,United Kingdom,2010-12-03 12:11:00,2011-12-06 11:33:00,4,4,717.45,179.3625,854,3,372,0.0,0.0,0.0,True,5,4,3,12,Loyal,3,Core Regulars
15274,United Kingdom,2011-11-21 14:17:00,2011-12-05 16:57:00,5,2,716.57,358.285,619,2,19,0.0,0.0,0.0,True,5,3,3,11,Potential Loyalists,4,Recent Starters
12535,France,2011-06-06 12:47:00,2011-09-09 08:48:00,92,2,716.35,358.175,219,2,187,0.0,0.0,0.0,True,2,2,3,7,At Risk,1,Growth Potential
15400,United Kingdom,2011-03-06 11:27:00,2011-09-08 13:57:00,93,5,716.2,143.24,390,4,279,49.5,1.0,6.464672848374036,True,2,4,3,9,At Risk,1,Growth Potential
17029,United Kingdom,2011-04-17 10:57:00,2011-08-21 11:06:00,111,2,716.0,358.0,400,2,237,0.0,0.0,0.0,True,2,3,3,8,At Risk,1,Growth Potential
15330,United Kingdom,2011-10-10 12:30:00,2011-11-07 17:50:00,33,2,714.96,357.48,1312,2,61,0.0,0.0,0.0,True,4,3,3,10,Potential Loyalists,4,Recent Starters
15757,United Kingdom,2011-05-06 11:40:00,2011-10-05 12:14:00,66,2,714.42,357.21,491,2,218,0.0,0.0,0.0,True,3,3,3,9,Occasional,1,Growth Potential
12616,France,2011-02-15 14:17:00,2011-09-05 15:17:00,96,2,713.3,356.65,284,2,298,56.05,3.0,7.285370767531034,True,2,2,3,7,At Risk,1,Growth Potential
13169,United Kingdom,2011-04-01 14:24:00,2011-10-07 12:11:00,64,2,712.88,356.44,272,2,253,0.0,0.0,0.0,True,3,2,3,8,Occasional,1,Growth Potential
13147,United Kingdom,2011-09-01 12:28:00,2011-11-29 13:59:00,11,4,712.8000000000001,178.20000000000002,144,3,100,0.0,0.0,0.0,True,5,4,3,12,Loyal,3,Core Regulars
17761,United Kingdom,2011-11-07 10:23:00,2011-11-07 10:23:00,33,1,712.78,712.78,398,1,33,0.0,0.0,0.0,False,3,2,3,8,Occasional,4,Recent Starters
13416,United Kingdom,2011-09-19 14:43:00,2011-10-27 08:56:00,44,2,712.5,356.25,142,2,82,0.0,0.0,0.0,True,3,2,3,8,Occasional,1,Growth Potential
13587,United Kingdom,2011-10-07 12:31:00,2011-10-07 12:31:00,64,1,712.4,712.4,180,1,64,365.4,2.0,33.90239376507701,False,3,1,3,7,Occasional,1,Growth Potential
17642,United Kingdom,2011-06-16 12:55:00,2011-08-12 09:11:00,120,2,712.29,356.145,474,2,177,0.0,0.0,0.0,True,2,3,3,8,At Risk,1,Growth Potential
15855,United Kingdom,2011-03-21 12:32:00,2011-07-26 10:20:00,137,5,712.24,142.448,470,5,264,0.0,0.0,0.0,True,2,4,3,9,At Risk,1,Growth Potential
13705,United Kingdom,2010-12-01 10:29:00,2011-12-02 12:32:00,8,3,711.86,237.28666666666666,363,3,374,0.0,0.0,0.0,True,5,3,3,11,Potential Loyalists,3,Core Regulars
17179,United Kingdom,2010-12-13 14:24:00,2011-06-14 16:48:00,179,3,711.79,237.26333333333332,290,3,362,0.0,0.0,0.0,True,2,4,3,9,At Risk,1,Growth Potential
13249,United Kingdom,2011-03-23 15:26:00,2011-09-08 13:26:00,93,3,711.41,237.13666666666666,546,2,262,0.0,0.0,0.0,True,2,3,3,8,At Risk,1,Growth Potential
17472,United Kingdom,2011-02-13 14:40:00,2011-06-01 14:57:00,192,3,710.29,236.76333333333332,462,2,300,0.0,0.0,0.0,True,1,4,3,8,At Risk,1,Growth Potential
14867,United Kingdom,2011-01-07 16:34:00,2011-06-07 11:39:00,186,3,710.28,236.76,328,3,337,8.95,1.0,1.2443863576324679,True,1,3,3,7,At Risk,1,Growth Potential
14127,United Kingdom,2011-02-02 12:26:00,2011-08-09 10:49:00,123,3,709.71,236.57000000000002,321,3,311,0.0,0.0,0.0,True,2,3,3,8,At Risk,1,Growth Potential
16136,United Kingdom,2011-03-07 09:52:00,2011-10-11 09:10:00,60,3,709.38,236.46,440,3,278,0.0,0.0,0.0,True,3,4,3,10,Loyal,1,Growth Potential
15951,United Kingdom,2011-02-27 11:57:00,2011-12-01 08:34:00,9,2,708.22,354.11,313,2,286,38.650000000000006,1.0,5.174930041372662,True,5,3,3,11,Potential Loyalists,4,Recent Starters
16449,United Kingdom,2011-03-04 12:15:00,2011-05-26 10:25:00,198,2,707.69,353.845,367,2,281,33.0,1.0,4.455305188405405,True,1,3,3,7,At Risk,1,Growth Potential
12453,Austria,2011-07-28 14:08:00,2011-07-28 14:08:00,135,1,707.09,707.09,473,1,135,0.0,0.0,0.0,False,2,1,3,6,At Risk,0,Lapsed
16364,United Kingdom,2011-07-25 14:35:00,2011-11-28 11:27:00,12,2,707.04,353.52,280,2,138,0.0,0.0,0.0,True,5,3,3,11,Potential Loyalists,4,Recent Starters
16309,United Kingdom,2011-04-13 11:46:00,2011-08-25 15:35:00,107,2,706.57,353.285,467,2,241,19.9,1.0,2.7392734730959294,True,2,3,3,8,At Risk,1,Growth Potential
14880,United Kingdom,2011-02-24 12:27:00,2011-09-23 13:42:00,78,3,706.19,235.39666666666668,373,3,289,0.0,0.0,0.0,True,2,3,3,8,At Risk,1,Growth Potential
14126,United Kingdom,2011-11-29 12:21:00,2011-12-02 11:45:00,8,3,706.1300000000001,235.3766666666667,508,2,11,62.5,1.0,8.131350584806732,True,5,3,3,11,Potential Loyalists,3,Core Regulars
15038,United Kingdom,2010-12-05 10:54:00,2011-10-12 11:33:00,59,6,705.49,117.58166666666666,217,5,370,39.9,1.0,5.352902507412227,True,3,5,3,11,Loyal,1,Growth Potential
16015,United Kingdom,2011-10-21 12:56:00,2011-12-06 10:58:00,4,3,705.39,235.13,909,3,50,14.850000000000001,1.0,2.0618127290903034,True,5,4,3,12,Loyal,3,Core Regulars
16882,United Kingdom,2011-01-26 17:43:00,2011-10-04 10:42:00,67,3,705.12,235.04,424,3,318,0.0,0.0,0.0,True,3,4,3,10,Loyal,1,Growth Potential
17934,United Kingdom,2011-10-12 10:50:00,2011-10-19 11:16:00,52,2,704.25,352.125,478,1,59,0.0,0.0,0.0,True,3,3,3,9,Occasional,1,Growth Potential
12612,Germany,2011-09-26 15:35:00,2011-09-26 15:35:00,75,1,704.0400000000001,704.0400000000001,262,1,75,60.45,1.0,7.907232272495388,False,2,1,3,6,At Risk,1,Growth Potential
12883,United Kingdom,2011-09-11 15:18:00,2011-11-15 09:32:00,25,4,703.47,175.8675,196,2,90,0.0,0.0,0.0,True,4,4,3,11,Loyal,3,Core Regulars
18082,United Kingdom,2011-11-14 12:45:00,2011-11-14 12:45:00,26,1,703.37,703.37,621,1,26,0.0,0.0,0.0,False,4,2,3,9,Potential Loyalists,4,Recent Starters
15103,United Kingdom,2011-09-14 13:54:00,2011-11-08 14:53:00,32,2,703.36,351.68,329,2,87,0.0,0.0,0.0,True,4,3,3,10,Potential Loyalists,4,Recent Starters
15574,United Kingdom,2010-12-02 15:46:00,2011-06-15 12:01:00,178,4,702.25,175.5625,349,2,373,0.0,0.0,0.0,True,2,4,3,9,At Risk,1,Growth Potential
16997,United Kingdom,2011-01-18 11:51:00,2011-02-24 17:28:00,289,3,702.0,234.0,360,2,326,0.0,0.0,0.0,True,1,4,3,8,At Risk,1,Growth Potential
14198,United Kingdom,2011-04-14 14:54:00,2011-11-21 16:35:00,19,4,701.4,175.35,290,4,240,37.9,3.0,5.126470986067902,True,4,4,3,11,Loyal,3,Core Regulars
14356,United Kingdom,2011-09-19 14:43:00,2011-09-21 09:18:00,80,2,701.23,350.615,277,1,82,34.29,2.0,4.662007831194257,True,2,3,3,8,At Risk,1,Growth Potential
17321,United Kingdom,2011-10-03 11:34:00,2011-12-01 13:41:00,9,2,700.86,350.43,373,2,68,0.0,0.0,0.0,True,5,3,3,11,Potential Loyalists,4,Recent Starters
13238,United Kingdom,2010-12-14 14:37:00,2011-11-22 15:37:00,18,4,700.73,175.1825,298,3,361,19.9,1.0,2.7614726003635703,True,4,4,3,11,Loyal,3,Core Regulars
17734,United Kingdom,2011-04-20 10:04:00,2011-10-17 12:33:00,54,3,700.63,233.54333333333332,422,3,234,0.0,0.0,0.0,True,3,4,3,10,Loyal,1,Growth Potential
15800,United Kingdom,2011-04-07 12:39:00,2011-08-24 14:23:00,108,2,699.08,349.54,335,2,247,0.0,0.0,0.0,True,2,3,3,8,At Risk,1,Growth Potential
13258,United Kingdom,2011-05-18 13:11:00,2011-11-28 09:31:00,12,3,698.58,232.86,287,2,206,0.0,0.0,0.0,True,5,3,3,11,Potential Loyalists,3,Core Regulars
17423,United Kingdom,2011-05-06 09:14:00,2011-10-24 13:36:00,47,2,698.41,349.205,459,2,218,34.78,2.0,4.74365444154994,True,3,3,3,9,Occasional,1,Growth Potential
17796,United Kingdom,2010-12-05 12:23:00,2011-10-30 15:38:00,41,4,697.9,174.475,178,3,370,0.0,0.0,0.0,True,3,4,3,10,Loyal,1,Growth Potential
15053,United Kingdom,2011-03-03 12:06:00,2011-12-05 12:08:00,5,3,697.79,232.59666666666666,986,3,282,0.0,0.0,0.0,True,5,3,3,11,Potential Loyalists,3,Core Regulars
14829,United Kingdom,2010-12-02 16:12:00,2011-11-10 16:16:00,30,4,697.55,174.3875,452,3,373,52.9,2.0,7.049103871010727,True,4,4,3,11,Loyal,3,Core Regulars
13596,United Kingdom,2011-11-27 11:57:00,2011-12-04 12:01:00,6,2,697.04,348.52,406,2,13,0.0,0.0,0.0,True,5,2,3,10,Potential Loyalists,4,Recent Starters
15700,United Kingdom,2011-06-19 15:36:00,2011-06-20 16:53:00,173,2,696.68,348.34,357,1,174,32.65,1.0,4.476711502337762,True,2,3,3,8,At Risk,1,Growth Potential
17397,United Kingdom,2011-11-17 13:58:00,2011-11-17 14:08:00,23,2,696.41,348.205,254,1,23,0.0,0.0,0.0,True,4,3,3,10,Potential Loyalists,4,Recent Starters
14009,United Kingdom,2011-05-18 13:00:00,2011-05-25 15:47:00,199,2,695.61,347.805,365,1,206,9.680000000000001,1.0,1.3724850770605002,True,1,3,3,7,At Risk,1,Growth Potential
14959,United Kingdom,2011-02-16 13:00:00,2011-10-06 18:23:00,65,4,695.42,173.855,494,4,297,10.45,1.0,1.480442574411719,True,3,4,3,10,Loyal,1,Growth Potential
15304,United Kingdom,2010-12-06 11:42:00,2011-10-10 10:23:00,61,8,694.4000000000001,86.80000000000001,104,7,369,14.100000000000001,2.0,1.990119971771348,True,3,5,3,11,Loyal,3,Core Regulars
12925,United Kingdom,2011-09-26 11:05:00,2011-12-05 11:11:00,5,2,694.05,347.025,541,2,75,0.0,0.0,0.0,True,5,2,3,10,Potential Loyalists,4,Recent Starters
14643,United Kingdom,2010-12-16 17:53:00,2011-06-22 14:41:00,171,2,693.8100000000001,346.90500000000003,815,2,359,25.200000000000003,1.0,3.5048191262986608,True,2,3,3,8,At Risk,1,Growth Potential
12410,Switzerland,2011-02-04 10:38:00,2011-02-04 10:39:00,309,2,693.3299999999999,346.66499999999996,211,1,309,12.25,1.0,1.7361603220045922,True,1,2,3,6,At Risk,1,Growth Potential
13601,United Kingdom,2011-05-12 16:52:00,2011-10-25 17:31:00,46,2,693.32,346.66,548,2,212,0.0,0.0,0.0,True,3,2,3,8,Occasional,1,Growth Potential
14111,United Kingdom,2011-04-12 11:36:00,2011-11-25 13:44:00,15,4,692.85,173.2125,458,4,242,4.25,1.0,0.609668627169703,True,4,4,3,11,Loyal,3,Core Regulars
17198,United Kingdom,2010-12-03 14:54:00,2011-11-16 10:39:00,24,3,692.22,230.74,357,2,372,0.0,0.0,0.0,True,4,4,3,11,Loyal,4,Recent Starters
17733,United Kingdom,2011-03-23 09:54:00,2011-11-01 08:16:00,39,2,692.19,346.095,463,2,262,0.0,0.0,0.0,True,3,3,3,9,Occasional,4,Recent Starters
13838,United Kingdom,2010-12-05 10:45:00,2011-12-04 11:00:00,6,4,691.73,172.9325,263,3,370,0.0,0.0,0.0,True,5,4,3,12,Loyal,3,Core Regulars
16212,United Kingdom,2011-03-01 12:51:00,2011-11-20 13:00:00,20,2,690.34,345.17,244,2,284,9.15,1.0,1.3080958984402922,True,4,3,3,10,Potential Loyalists,4,Recent Starters
18085,United Kingdom,2010-12-01 12:08:00,2011-01-13 15:17:00,331,2,689.95,344.975,265,2,374,0.0,0.0,0.0,True,1,3,3,7,At Risk,1,Growth Potential
13023,United Kingdom,2011-08-02 09:34:00,2011-10-06 16:27:00,65,2,689.9,344.95,286,2,130,0.0,0.0,0.0,True,3,2,3,8,Occasional,1,Growth Potential
15181,United Kingdom,2011-03-15 12:03:00,2011-10-04 13:58:00,67,3,689.4799999999999,229.82666666666663,544,3,270,9.2,2.0,1.3167687639548862,True,3,3,3,9,Occasional,1,Growth Potential
18196,United Kingdom,2011-02-22 16:13:00,2011-09-05 16:22:00,96,2,689.13,344.565,433,2,291,0.0,0.0,0.0,True,2,3,3,8,At Risk,1,Growth Potential
17502,United Kingdom,2011-11-10 16:39:00,2011-11-30 13:13:00,10,4,689.1,172.275,376,1,30,0.0,0.0,0.0,True,5,4,3,12,Loyal,3,Core Regulars
13799,United Kingdom,2011-02-18 14:18:00,2011-08-15 12:07:00,117,2,688.86,344.43,402,2,295,0.0,0.0,0.0,True,2,2,3,7,At Risk,1,Growth Potential
16642,United Kingdom,2011-05-16 12:35:00,2011-12-05 11:31:00,5,2,688.33,344.165,479,2,208,8.5,1.0,1.2198097096852891,True,5,3,3,11,Potential Loyalists,4,Recent Starters
12658,Germany,2011-11-21 10:22:00,2011-11-21 10:22:00,19,1,686.05,686.05,320,1,19,0.0,0.0,0.0,False,4,1,3,8,Occasional,4,Recent Starters
16122,United Kingdom,2010-12-08 11:41:00,2011-09-27 15:34:00,74,4,684.4200000000001,171.10500000000002,1128,4,367,0.0,0.0,0.0,True,2,4,3,9,At Risk,1,Growth Potential
16495,United Kingdom,2011-03-08 16:38:00,2011-12-06 13:20:00,4,3,684.41,228.13666666666666,337,2,277,0.0,0.0,0.0,True,5,4,3,12,Loyal,3,Core Regulars
15669,United Kingdom,2011-03-21 09:13:00,2011-10-30 16:03:00,41,4,684.34,171.085,342,4,264,6.65,1.0,0.962387299382046,True,3,4,3,10,Loyal,1,Growth Potential
12942,United Kingdom,2010-12-09 09:34:00,2011-07-31 14:39:00,132,3,683.9,227.96666666666667,203,3,366,0.0,0.0,0.0,True,2,3,3,8,At Risk,1,Growth Potential
17874,United Kingdom,2011-03-29 11:25:00,2011-06-07 12:54:00,186,6,683.46,113.91000000000001,221,3,256,25.200000000000003,1.0,3.5560071120142243,True,1,5,3,9,At Risk,1,Growth Potential
14222,United Kingdom,2011-06-15 16:42:00,2011-06-15 16:42:00,178,1,683.17,683.17,607,1,178,0.0,0.0,0.0,False,2,1,3,6,At Risk,0,Lapsed
12838,United Kingdom,2010-12-01 11:57:00,2011-11-06 12:20:00,34,2,683.13,341.565,359,2,374,0.0,0.0,0.0,True,3,2,3,8,Occasional,4,Recent Starters
15582,United Kingdom,2011-05-03 13:36:00,2011-11-15 09:55:00,25,3,682.9100000000001,227.63666666666668,453,3,221,0.0,0.0,0.0,True,4,3,3,10,Potential Loyalists,4,Recent Starters
13548,United Kingdom,2011-04-10 11:35:00,2011-09-04 14:50:00,97,2,682.41,341.205,441,2,244,0.0,0.0,0.0,True,2,2,3,7,At Risk,1,Growth Potential
18135,United Kingdom,2011-06-02 14:04:00,2011-11-10 19:32:00,30,5,681.9100000000001,136.382,349,3,191,0.0,0.0,0.0,True,4,4,3,11,Loyal,3,Core Regulars
12478,Greece,2011-12-06 09:56:00,2011-12-06 09:56:00,4,1,680.99,680.99,236,1,4,0.0,0.0,0.0,False,5,1,3,9,New Customers,4,Recent Starters
13524,United Kingdom,2011-05-04 12:26:00,2011-10-30 12:34:00,41,5,680.1800000000001,136.036,324,5,220,0.0,0.0,0.0,True,3,4,3,10,Loyal,3,Core Regulars
16872,United Kingdom,2011-06-08 14:32:00,2011-09-23 16:05:00,78,3,680.02,226.67333333333332,600,3,185,0.0,0.0,0.0,True,2,4,3,9,At Risk,1,Growth Potential
15322,United Kingdom,2011-09-15 09:34:00,2011-09-15 09:34:00,86,1,679.68,679.68,416,1,86,76.71,1.0,10.141593622337682,False,2,1,3,6,At Risk,1,Growth Potential
13430,United Kingdom,2011-09-14 14:26:00,2011-11-21 08:19:00,19,2,679.45,339.725,751,2,87,30.76,2.0,4.33111333267625,True,4,2,3,9,Potential Loyalists,4,Recent Starters
14788,United Kingdom,2011-11-13 15:52:00,2011-12-02 17:06:00,8,2,679.4399999999999,339.71999999999997,421,2,27,0.0,0.0,0.0,True,5,3,3,11,Potential Loyalists,4,Recent Starters
17994,United Kingdom,2011-02-22 11:02:00,2011-08-10 11:41:00,122,4,678.49,169.6225,497,4,291,48.8,2.0,6.70984064128477,True,2,4,3,9,At Risk,1,Growth Potential
13925,United Kingdom,2011-07-28 12:09:00,2011-09-08 12:47:00,93,4,678.25,169.5625,331,3,135,61.599999999999994,2.0,8.326012029465431,True,2,4,3,9,At Risk,1,Growth Potential
13607,United Kingdom,2011-10-30 16:17:00,2011-10-30 16:17:00,41,1,678.01,678.01,290,1,41,0.0,0.0,0.0,False,3,1,3,7,Occasional,4,Recent Starters
13388,United Kingdom,2011-07-31 12:52:00,2011-07-31 12:52:00,132,2,677.1,338.55,282,1,132,49.95,1.0,6.870229007633587,True,2,2,3,7,At Risk,1,Growth Potential
13040,United Kingdom,2011-11-06 13:53:00,2011-12-01 10:38:00,9,2,676.99,338.495,355,2,34,0.0,0.0,0.0,True,5,2,3,10,Potential Loyalists,4,Recent Starters
16377,United Kingdom,2011-03-17 15:41:00,2011-03-17 15:41:00,268,1,676.2,676.2,1500,1,268,0.0,0.0,0.0,False,1,2,3,6,At Risk,0,Lapsed
15626,United Kingdom,2011-01-14 10:10:00,2011-09-26 10:03:00,75,2,675.8,337.9,766,2,330,0.0,0.0,0.0,True,2,3,3,8,At Risk,1,Growth Potential
17462,United Kingdom,2011-02-28 17:01:00,2011-10-10 13:56:00,61,2,675.69,337.845,227,2,285,12.75,1.0,1.852013247341816,True,3,3,3,9,Occasional,1,Growth Potential
13325,United Kingdom,2011-09-19 10:36:00,2011-09-19 10:36:00,82,1,675.3,675.3,240,1,82,0.0,0.0,0.0,False,2,1,3,6,At Risk,1,Growth Potential
16418,United Kingdom,2011-04-27 16:54:00,2011-10-26 12:39:00,45,3,675.27,225.09,288,3,227,0.0,0.0,0.0,True,3,4,3,10,Loyal,1,Growth Potential
13355,United Kingdom,2011-08-09 14:48:00,2011-08-09 14:48:00,123,1,674.7,674.7,314,1,123,0.0,0.0,0.0,False,2,1,3,6,At Risk,0,Lapsed
13464,United Kingdom,2011-10-12 15:01:00,2011-10-12 15:01:00,59,1,674.68,674.68,403,1,59,0.0,0.0,0.0,False,3,1,3,7,Occasional,4,Recent Starters
17749,United Kingdom,2011-03-28 13:39:00,2011-06-14 15:45:00,179,2,674.52,337.26,320,2,257,0.0,0.0,0.0,True,2,3,3,8,At Risk,1,Growth Potential
13951,United Kingdom,2011-02-18 15:21:00,2011-06-16 16:43:00,177,3,674.45,224.8166666666667,459,3,295,0.0,0.0,0.0,True,2,3,3,8,At Risk,1,Growth Potential
14504,United Kingdom,2011-03-06 14:38:00,2011-10-23 16:00:00,48,4,673.26,168.315,308,3,279,0.0,0.0,0.0,True,3,4,3,10,Loyal,1,Growth Potential
18121,United Kingdom,2011-07-08 12:14:00,2011-07-13 12:53:00,150,2,673.1,336.55,450,1,155,0.0,0.0,0.0,True,2,3,3,8,At Risk,1,Growth Potential
14628,United Kingdom,2011-04-11 14:43:00,2011-09-09 14:58:00,92,2,671.96,335.98,272,2,243,0.0,0.0,0.0,True,2,3,3,8,At Risk,1,Growth Potential
17883,United Kingdom,2011-04-07 19:16:00,2011-12-06 17:49:00,4,4,671.77,167.9425,379,4,247,0.0,0.0,0.0,True,5,4,3,12,Loyal,3,Core Regulars
12638,Sweden,2011-11-06 13:11:00,2011-11-06 13:11:00,34,1,671.69,671.69,577,1,34,0.0,0.0,0.0,False,3,1,3,7,Occasional,4,Recent Starters
17299,United Kingdom,2011-06-19 16:04:00,2011-11-28 12:01:00,12,4,669.11,167.2775,678,4,174,0.0,0.0,0.0,True,5,4,3,12,Loyal,3,Core Regulars
12418,Switzerland,2011-08-19 11:08:00,2011-08-19 11:08:00,113,1,668.58,668.58,407,1,113,0.0,0.0,0.0,False,2,1,3,6,At Risk,1,Growth Potential
14342,United Kingdom,2011-05-13 13:50:00,2011-11-18 13:21:00,22,4,668.5600000000001,167.14000000000001,347,3,211,60.85000000000001,2.0,8.342358892803773,True,4,4,3,11,Loyal,3,Core Regulars
13741,United Kingdom,2011-05-06 13:43:00,2011-09-29 09:19:00,72,3,668.4300000000001,222.81000000000003,218,3,218,2.1,1.0,0.31318509238960224,True,3,3,3,9,Occasional,1,Growth Potential
16383,United Kingdom,2011-03-16 13:00:00,2011-09-26 12:45:00,75,2,668.36,334.18,475,2,269,0.0,0.0,0.0,True,2,3,3,8,At Risk,1,Growth Potential
15031,United Kingdom,2011-03-02 14:46:00,2011-12-05 14:19:00,5,4,668.14,167.035,401,4,283,0.0,0.0,0.0,True,5,4,3,12,Loyal,3,Core Regulars
18022,United Kingdom,2011-11-04 12:45:00,2011-11-04 12:45:00,36,1,668.11,668.11,736,1,36,0.0,0.0,0.0,False,3,2,3,8,Occasional,4,Recent Starters
16268,United Kingdom,2011-09-29 18:30:00,2011-09-29 18:30:00,72,2,667.65,333.825,533,1,72,0.0,0.0,0.0,True,3,3,3,9,Occasional,1,Growth Potential
15969,United Kingdom,2011-06-07 12:19:00,2011-12-07 11:06:00,3,3,666.1,222.03333333333333,124,3,186,83.2,1.0,11.103696783664752,True,5,4,3,12,Loyal,3,Core Regulars
17777,United Kingdom,2011-08-31 14:35:00,2011-11-15 12:02:00,25,3,665.86,221.95333333333335,507,3,101,0.0,0.0,0.0,True,4,4,3,11,Loyal,4,Recent Starters
17105,United Kingdom,2011-02-06 14:46:00,2011-07-03 15:53:00,160,2,665.78,332.89,693,2,307,0.0,0.0,0.0,True,2,3,3,8,At Risk,1,Growth Potential
16056,United Kingdom,2011-10-25 15:19:00,2011-10-25 15:19:00,46,1,664.85,664.85,347,1,46,0.0,0.0,0.0,False,3,2,3,8,Occasional,4,Recent Starters
13963,United Kingdom,2010-12-07 09:21:00,2011-02-04 14:43:00,309,4,664.54,166.135,460,3,368,0.0,0.0,0.0,True,1,4,3,8,At Risk,1,Growth Potential
16208,United Kingdom,2011-02-23 13:37:00,2011-10-26 11:36:00,45,2,664.26,332.13,333,2,290,0.0,0.0,0.0,True,3,3,3,9,Occasional,1,Growth Potential
15643,United Kingdom,2011-03-02 14:34:00,2011-06-01 07:38:00,192,3,664.0,221.33333333333334,246,2,283,16.6,3.0,2.439024390243903,True,1,3,3,7,At Risk,1,Growth Potential
14720,United Kingdom,2011-08-05 12:06:00,2011-12-04 12:02:00,6,3,663.81,221.26999999999998,219,3,127,0.0,0.0,0.0,True,5,3,3,11,Potential Loyalists,3,Core Regulars
13240,United Kingdom,2010-12-09 12:49:00,2011-09-04 14:08:00,97,4,663.65,165.9125,298,4,366,0.0,0.0,0.0,True,2,4,3,9,At Risk,1,Growth Potential
16573,United Kingdom,2011-02-22 15:14:00,2011-09-16 09:13:00,85,2,663.61,331.805,360,2,291,15.2,2.0,2.2392127399419572,True,2,3,3,8,At Risk,1,Growth Potential
14451,United Kingdom,2011-05-29 12:35:00,2011-10-10 13:38:00,61,2,662.59,331.295,389,2,195,0.0,0.0,0.0,True,3,3,3,9,Occasional,1,Growth Potential
16014,United Kingdom,2011-02-21 17:42:00,2011-11-02 12:04:00,38,3,662.38,220.79333333333332,265,3,292,9.25,1.0,1.3772464005479208,True,3,4,3,10,Loyal,1,Growth Potential
18218,United Kingdom,2011-03-03 12:24:00,2011-05-12 12:53:00,212,2,662.08,331.04,584,2,282,35.7,2.0,5.116225744503998,True,1,3,3,7,At Risk,1,Growth Potential
16774,United Kingdom,2011-06-14 12:45:00,2011-10-03 12:41:00,68,4,661.52,165.38,322,4,179,6.6,1.0,0.9878464946416812,True,3,4,3,10,Loyal,1,Growth Potential
13028,United Kingdom,2011-10-25 14:09:00,2011-11-17 11:10:00,23,2,661.3199999999999,330.65999999999997,798,2,46,1.6400000000000001,1.0,0.24737540726439003,True,4,2,3,9,Potential Loyalists,4,Recent Starters
14603,United Kingdom,2011-03-10 10:27:00,2011-03-10 10:27:00,275,1,660.0,660.0,400,1,275,0.0,0.0,0.0,False,1,1,3,5,At Risk,0,Lapsed
15492,United Kingdom,2011-09-26 14:02:00,2011-11-11 14:53:00,29,2,659.4599999999999,329.72999999999996,483,2,75,0.0,0.0,0.0,True,4,3,3,10,Potential Loyalists,4,Recent Starters
13518,United Kingdom,2011-09-15 10:29:00,2011-09-15 10:29:00,86,1,659.4399999999999,659.4399999999999,392,1,86,0.0,0.0,0.0,False,2,1,3,6,At Risk,1,Growth Potential
13759,United Kingdom,2011-09-29 15:40:00,2011-11-06 14:47:00,34,2,659.4100000000001,329.70500000000004,287,2,72,0.0,0.0,0.0,True,3,2,3,8,Occasional,4,Recent Starters
16357,United Kingdom,2011-05-10 10:35:00,2011-11-06 16:04:00,34,3,658.88,219.62666666666667,246,3,214,0.0,0.0,0.0,True,3,4,3,10,Loyal,1,Growth Potential
14150,United Kingdom,2010-12-15 10:04:00,2011-11-04 10:05:00,36,2,658.64,329.32,496,2,360,0.0,0.0,0.0,True,3,3,3,9,Occasional,4,Recent Starters
17779,United Kingdom,2011-07-19 12:19:00,2011-11-18 14:15:00,22,3,658.57,219.52333333333334,397,3,144,16.4,2.0,2.4297376179682058,True,4,4,3,11,Loyal,4,Recent Starters
16696,United Kingdom,2011-04-05 15:20:00,2011-07-27 14:23:00,136,4,657.9000000000001,164.47500000000002,146,3,249,0.0,0.0,0.0,True,2,4,3,9,At Risk,1,Growth Potential
14818,United Kingdom,2011-03-31 12:28:00,2011-09-27 11:01:00,74,3,657.8,219.26666666666665,324,3,254,0.0,0.0,0.0,True,2,3,3,8,At Risk,1,Growth Potential
12577,France,2010-12-15 16:21:00,2011-11-04 13:24:00,36,3,657.8,219.26666666666665,472,2,360,62.400000000000006,1.0,8.664259927797836,True,3,3,3,9,Occasional,1,Growth Potential
15648,United Kingdom,2011-03-17 18:59:00,2011-05-19 15:53:00,205,2,657.35,328.675,221,2,268,57.45,2.0,8.037213206491325,True,1,3,3,7,At Risk,1,Growth Potential
17459,United Kingdom,2011-10-10 17:00:00,2011-10-27 13:25:00,44,2,657.3,328.65,537,1,61,0.0,0.0,0.0,True,3,3,3,9,Occasional,1,Growth Potential
15677,United Kingdom,2011-10-21 15:36:00,2011-10-21 15:36:00,50,1,657.23,657.23,319,1,50,0.0,0.0,0.0,False,3,1,3,7,Occasional,4,Recent Starters
16157,United Kingdom,2011-09-28 11:48:00,2011-11-24 11:41:00,16,3,656.69,218.89666666666668,347,2,73,12.450000000000001,1.0,1.860597184445706,True,4,4,3,11,Loyal,3,Core Regulars
13049,United Kingdom,2011-01-25 16:33:00,2011-10-06 15:31:00,65,2,656.6800000000001,328.34000000000003,268,2,319,0.0,0.0,0.0,True,3,2,3,8,Occasional,1,Growth Potential
16708,United Kingdom,2011-10-25 12:20:00,2011-10-25 12:20:00,46,1,656.63,656.63,285,1,46,0.0,0.0,0.0,False,3,2,3,8,Occasional,4,Recent Starters
16127,United Kingdom,2011-10-31 13:58:00,2011-10-31 13:58:00,40,1,656.25,656.25,323,1,40,0.0,0.0,0.0,False,3,2,3,8,Occasional,4,Recent Starters
14894,United Kingdom,2011-09-15 13:51:00,2011-09-15 13:51:00,86,1,655.75,655.75,265,1,86,0.0,0.0,0.0,False,2,1,3,6,At Risk,1,Growth Potential
16444,United Kingdom,2011-03-20 12:14:00,2011-10-24 13:50:00,47,4,654.67,163.6675,407,4,265,15.899999999999999,1.0,2.3711171093249024,True,3,4,3,10,Loyal,1,Growth Potential
14651,United Kingdom,2011-05-12 16:29:00,2011-10-03 15:52:00,68,2,654.6,327.3,344,2,212,0.0,0.0,0.0,True,3,3,3,9,Occasional,1,Growth Potential
17398,United Kingdom,2011-03-29 13:04:00,2011-08-17 09:48:00,115,3,653.38,217.79333333333332,310,3,256,0.0,0.0,0.0,True,2,4,3,9,At Risk,1,Growth Potential
18151,United Kingdom,2011-02-23 08:29:00,2011-07-28 11:35:00,135,2,653.35,326.675,355,2,290,0.0,0.0,0.0,True,2,3,3,8,At Risk,1,Growth Potential
13496,United Kingdom,2010-12-15 10:17:00,2011-11-29 10:58:00,11,2,653.33,326.665,341,2,360,35.400000000000006,1.0,5.13989516936971,True,5,2,3,10,Potential Loyalists,4,Recent Starters
15205,United Kingdom,2011-08-04 16:07:00,2011-09-15 19:36:00,86,2,653.24,326.62,378,2,128,4.41,1.0,0.6705694518360831,True,2,3,3,8,At Risk,1,Growth Potential
14044,United Kingdom,2011-02-03 11:39:00,2011-11-13 12:05:00,27,4,652.82,163.205,308,4,310,0.0,0.0,0.0,True,4,4,3,11,Loyal,3,Core Regulars
14548,United Kingdom,2011-01-26 08:38:00,2011-07-12 12:19:00,151,2,652.8,326.4,256,2,318,0.0,0.0,0.0,True,2,3,3,8,At Risk,1,Growth Potential
17523,United Kingdom,2011-11-20 13:40:00,2011-11-28 13:20:00,12,4,652.74,163.185,872,1,20,0.0,0.0,0.0,True,5,4,3,12,Loyal,3,Core Regulars
14034,United Kingdom,2011-07-05 13:06:00,2011-11-17 14:02:00,23,3,651.8199999999999,217.2733333333333,423,2,158,139.8,1.0,17.6599883782623,True,4,3,3,10,Potential Loyalists,4,Recent Starters
16734,United Kingdom,2011-08-17 15:00:00,2011-10-18 13:44:00,53,3,650.51,216.83666666666667,346,2,115,0.0,0.0,0.0,True,3,4,3,10,Loyal,1,Growth Potential
15571,United Kingdom,2011-09-22 13:15:00,2011-11-28 10:02:00,12,4,650.4300000000001,162.60750000000002,264,2,79,0.0,0.0,0.0,True,5,4,3,12,Loyal,3,Core Regulars
16469,United Kingdom,2011-04-07 13:11:00,2011-11-16 12:25:00,24,4,650.43,162.6075,273,3,247,0.0,0.0,0.0,True,4,4,3,11,Loyal,3,Core Regulars
16969,United Kingdom,2011-06-01 12:10:00,2011-10-31 13:12:00,40,3,650.41,216.8033333333333,816,3,192,0.0,0.0,0.0,True,3,4,3,10,Loyal,1,Growth Potential
17373,United Kingdom,2011-01-31 11:46:00,2011-10-30 15:28:00,41,4,646.92,161.73,408,4,313,0.0,0.0,0.0,True,3,4,3,10,Loyal,1,Growth Potential
12589,France,2011-07-18 12:05:00,2011-11-11 10:19:00,29,2,646.68,323.34,306,2,145,0.0,0.0,0.0,True,4,2,3,9,Potential Loyalists,4,Recent Starters
15651,United Kingdom,2011-03-24 08:56:00,2011-11-03 08:41:00,37,3,646.3,215.4333333333333,479,2,261,0.0,0.0,0.0,True,3,3,3,9,Occasional,1,Growth Potential
17545,United Kingdom,2011-10-27 13:48:00,2011-10-27 14:04:00,44,3,645.96,215.32000000000002,341,1,44,0.0,0.0,0.0,True,3,4,3,10,Loyal,1,Growth Potential
14855,United Kingdom,2011-07-28 12:06:00,2011-08-12 14:02:00,120,2,645.65,322.825,267,2,135,0.0,0.0,0.0,True,2,3,3,8,At Risk,1,Growth Potential
12719,France,2011-10-05 14:50:00,2011-12-04 13:45:00,6,2,644.95,322.475,374,2,66,36.85000000000001,1.0,5.404810794954533,True,5,2,3,10,Potential Loyalists,4,Recent Starters
17312,United Kingdom,2011-07-03 13:12:00,2011-07-24 11:52:00,139,3,644.3,214.76666666666665,372,1,160,0.0,0.0,0.0,True,2,4,3,9,At Risk,1,Growth Potential
16431,United Kingdom,2011-02-15 14:02:00,2011-05-10 14:09:00,214,3,642.81,214.26999999999998,453,2,298,0.0,0.0,0.0,True,1,4,3,8,At Risk,1,Growth Potential
14020,United Kingdom,2011-09-12 15:32:00,2011-11-23 09:22:00,17,2,642.8,321.4,441,2,89,0.0,0.0,0.0,True,4,3,3,10,Potential Loyalists,4,Recent Starters
13034,United Kingdom,2010-12-05 14:52:00,2011-10-16 12:21:00,55,2,642.77,321.385,369,2,370,0.0,0.0,0.0,True,3,2,3,8,Occasional,1,Growth Potential
15384,United Kingdom,2010-12-15 11:34:00,2011-06-23 10:57:00,170,2,642.41,321.205,596,2,360,6.65,1.0,1.02455859242597,True,2,3,3,8,At Risk,1,Growth Potential
17046,United Kingdom,2011-07-05 14:24:00,2011-07-05 14:24:00,158,1,642.02,642.02,510,1,158,0.0,0.0,0.0,False,2,2,3,7,At Risk,0,Lapsed
15297,United Kingdom,2011-10-07 09:42:00,2011-11-29 16:32:00,11,3,641.94,213.98000000000002,292,2,64,6.9,1.0,1.0634362862955427,True,5,3,3,11,Potential Loyalists,3,Core Regulars
12365,Cyprus,2011-02-21 13:51:00,2011-02-21 14:04:00,292,2,641.38,320.69,174,1,292,320.69,1.0,33.333333333333336,True,1,2,3,6,At Risk,1,Growth Potential
12624,France,2011-06-15 12:34:00,2011-08-25 15:04:00,107,2,641.13,320.565,355,2,178,0.0,0.0,0.0,True,2,2,3,7,At Risk,1,Growth Potential
13417,United Kingdom,2011-05-18 16:26:00,2011-12-05 08:49:00,5,2,640.83,320.415,162,2,206,0.0,0.0,0.0,True,5,2,3,10,Potential Loyalists,4,Recent Starters
13318,United Kingdom,2011-11-02 13:26:00,2011-12-08 18:51:00,2,3,640.76,213.58666666666667,304,2,38,0.0,0.0,0.0,True,5,3,3,11,Potential Loyalists,3,Core Regulars
12631,Finland,2011-10-13 13:53:00,2011-10-13 13:53:00,58,1,640.5,640.5,236,1,58,0.0,0.0,0.0,False,3,1,3,7,Occasional,4,Recent Starters
14301,United Kingdom,2011-08-14 15:33:00,2011-08-14 15:33:00,118,1,640.14,640.14,606,1,118,8.1,1.0,1.249537208441318,False,2,1,3,6,At Risk,0,Lapsed
15919,United Kingdom,2010-12-06 11:26:00,2011-11-20 11:28:00,20,2,639.89,319.945,545,2,369,0.0,0.0,0.0,True,4,3,3,10,Potential Loyalists,4,Recent Starters
17515,United Kingdom,2011-01-25 14:33:00,2011-11-08 14:04:00,32,4,639.02,159.755,243,4,319,0.0,0.0,0.0,True,4,4,3,11,Loyal,3,Core Regulars
18160,United Kingdom,2011-05-23 13:41:00,2011-10-13 15:50:00,58,2,638.0600000000001,319.03000000000003,294,2,201,0.0,0.0,0.0,True,3,3,3,9,Occasional,1,Growth Potential
14754,United Kingdom,2011-02-17 12:21:00,2011-10-26 12:01:00,45,2,638.05,319.025,486,2,296,0.0,0.0,0.0,True,3,3,3,9,Occasional,1,Growth Potential
14664,United Kingdom,2011-11-06 14:56:00,2011-11-20 10:59:00,20,2,637.89,318.945,466,1,34,0.0,0.0,0.0,True,4,3,3,10,Potential Loyalists,4,Recent Starters
14128,United Kingdom,2011-03-29 10:49:00,2011-10-10 12:00:00,61,2,637.5,318.75,564,2,256,0.0,0.0,0.0,True,3,3,3,9,Occasional,1,Growth Potential
14481,United Kingdom,2011-02-25 13:53:00,2011-06-28 10:38:00,165,2,636.51,318.255,489,2,288,0.0,0.0,0.0,True,2,3,3,8,At Risk,1,Growth Potential
15829,United Kingdom,2011-07-22 10:23:00,2011-09-01 16:45:00,100,2,636.14,318.07,996,2,141,0.0,0.0,0.0,True,2,3,3,8,At Risk,1,Growth Potential
15773,United Kingdom,2011-12-04 12:48:00,2011-12-04 12:48:00,6,1,635.6800000000001,635.6800000000001,311,1,6,0.0,0.0,0.0,False,5,2,3,10,New Customers,4,Recent Starters
14000,United Kingdom,2011-05-12 16:50:00,2011-05-12 16:50:00,212,1,635.66,635.66,710,1,212,1.9500000000000002,1.0,0.30582958234657553,False,1,1,3,5,At Risk,0,Lapsed
16139,United Kingdom,2011-05-17 10:23:00,2011-11-21 08:37:00,19,3,635.41,211.8033333333333,330,3,207,0.0,0.0,0.0,True,4,4,3,11,Loyal,4,Recent Starters
17985,United Kingdom,2011-11-17 14:24:00,2011-11-17 14:24:00,23,1,634.95,634.95,183,1,23,0.0,0.0,0.0,False,4,2,3,9,Potential Loyalists,4,Recent Starters
13892,United Kingdom,2011-04-07 12:04:00,2011-11-13 11:50:00,27,4,632.97,158.2425,983,3,247,0.0,0.0,0.0,True,4,4,3,11,Loyal,3,Core Regulars
14220,United Kingdom,2010-12-16 18:18:00,2011-04-06 13:23:00,248,2,632.4,316.2,272,2,359,0.0,0.0,0.0,True,1,3,3,7,At Risk,1,Growth Potential
16306,United Kingdom,2010-12-07 15:18:00,2011-05-10 12:12:00,214,6,632.27,105.37833333333333,487,4,368,29.999999999999996,3.0,4.529874522475727,True,1,5,3,9,At Risk,1,Growth Potential
18183,United Kingdom,2011-03-10 10:08:00,2011-04-26 15:26:00,228,2,632.07,316.035,371,2,275,31.55,4.0,4.754226816551641,True,1,3,3,7,At Risk,1,Growth Potential
13822,United Kingdom,2011-10-30 15:55:00,2011-12-04 12:13:00,6,2,632.0,316.0,611,2,41,0.0,0.0,0.0,True,5,2,3,10,Potential Loyalists,4,Recent Starters
14021,United Kingdom,2011-03-28 15:10:00,2011-07-07 15:46:00,156,3,631.9,210.63333333333333,192,3,257,0.0,0.0,0.0,True,2,3,3,8,At Risk,1,Growth Potential
15244,United Kingdom,2011-04-05 15:12:00,2011-10-05 13:19:00,66,2,631.57,315.785,405,2,249,0.0,0.0,0.0,True,3,3,3,9,Occasional,1,Growth Potential
13539,United Kingdom,2011-02-03 15:23:00,2011-09-15 10:18:00,86,3,631.34,210.4466666666667,320,3,310,25.5,1.0,3.88222398148712,True,2,3,3,8,At Risk,1,Growth Potential
17990,United Kingdom,2010-12-13 12:10:00,2011-04-17 11:44:00,237,3,630.84,210.28,414,2,362,0.0,0.0,0.0,True,1,4,3,8,At Risk,1,Growth Potential
13046,United Kingdom,2011-03-18 15:43:00,2011-11-09 08:36:00,31,2,629.31,314.655,264,2,267,0.0,0.0,0.0,True,4,2,3,9,Potential Loyalists,4,Recent Starters
13525,United Kingdom,2011-04-05 15:36:00,2011-11-25 12:01:00,15,2,628.78,314.39,394,2,249,0.0,0.0,0.0,True,4,2,3,9,Potential Loyalists,4,Recent Starters
14687,United Kingdom,2011-08-25 11:59:00,2011-08-25 11:59:00,107,1,628.38,628.38,470,1,107,0.0,0.0,0.0,False,2,1,3,6,At Risk,0,Lapsed
16022,United Kingdom,2011-03-24 13:16:00,2011-03-24 13:16:00,261,1,628.28,628.28,261,1,261,0.0,0.0,0.0,False,1,2,3,6,At Risk,0,Lapsed
15028,United Kingdom,2010-12-06 12:47:00,2011-12-01 14:06:00,9,4,627.13,156.7825,459,3,369,0.0,0.0,0.0,True,5,4,3,12,Loyal,3,Core Regulars
13546,United Kingdom,2011-05-23 12:14:00,2011-11-27 14:50:00,13,3,626.99,208.99666666666667,359,3,201,0.0,0.0,0.0,True,5,3,3,11,Potential Loyalists,3,Core Regulars
15402,United Kingdom,2011-05-27 13:32:00,2011-07-14 12:17:00,149,2,626.77,313.385,694,2,197,0.0,0.0,0.0,True,2,3,3,8,At Risk,1,Growth Potential
14036,United Kingdom,2011-02-28 09:26:00,2011-02-28 09:26:00,285,1,626.65,626.65,268,1,285,0.0,0.0,0.0,False,1,1,3,5,At Risk,0,Lapsed
13914,United Kingdom,2011-11-03 16:28:00,2011-11-28 10:35:00,12,2,626.45,313.225,380,1,37,12.5,1.0,1.956334611471946,True,5,2,3,10,Potential Loyalists,4,Recent Starters
14382,United Kingdom,2011-11-13 16:18:00,2011-11-13 16:18:00,27,1,626.0699999999999,626.0699999999999,1237,1,27,0.0,0.0,0.0,False,4,1,3,8,Occasional,4,Recent Starters
16750,United Kingdom,2011-04-21 16:53:00,2011-10-26 12:48:00,45,5,623.93,124.78599999999999,214,5,233,0.0,0.0,0.0,True,3,4,3,10,Loyal,1,Growth Potential
16718,United Kingdom,2010-12-05 13:03:00,2010-12-05 13:03:00,370,1,623.75,623.75,413,1,370,0.0,0.0,0.0,False,1,2,3,6,At Risk,0,Lapsed
12649,Germany,2011-05-11 14:37:00,2011-08-24 14:41:00,108,3,623.51,207.83666666666667,586,2,213,19.799999999999997,1.0,3.077831838460462,True,2,3,3,8,At Risk,1,Growth Potential
15147,United Kingdom,2011-04-13 15:57:00,2011-04-13 15:57:00,241,1,623.5,623.5,366,1,241,14.850000000000001,1.0,2.326310018015196,False,1,1,3,5,At Risk,0,Lapsed
13368,United Kingdom,2011-01-06 12:32:00,2011-03-28 09:59:00,257,2,623.4,311.7,327,2,338,0.0,0.0,0.0,True,1,2,3,6,At Risk,1,Growth Potential
15258,United Kingdom,2011-05-06 14:16:00,2011-06-24 12:30:00,169,2,623.16,311.58,142,2,218,0.0,0.0,0.0,True,2,3,3,8,At Risk,1,Growth Potential
17499,United Kingdom,2011-02-23 09:14:00,2011-02-23 09:14:00,290,1,622.88,622.88,711,1,290,0.0,0.0,0.0,False,1,2,3,6,At Risk,0,Lapsed
15182,United Kingdom,2011-03-16 12:42:00,2011-07-08 13:37:00,155,2,622.85,311.425,253,2,269,0.0,0.0,0.0,True,2,3,3,8,At Risk,1,Growth Potential
17460,United Kingdom,2010-12-01 16:24:00,2011-09-06 15:04:00,95,6,622.4300000000001,103.73833333333334,236,5,374,169.8,2.0,21.433169660325916,True,2,5,3,10,At Risk,1,Growth Potential
15768,United Kingdom,2011-04-28 09:20:00,2011-08-16 10:48:00,116,3,621.8299999999999,207.27666666666664,244,3,226,40.0,1.0,6.0438481180967925,True,2,4,3,9,At Risk,1,Growth Potential
18217,United Kingdom,2011-09-30 10:44:00,2011-11-10 13:18:00,30,2,621.75,310.875,491,2,71,0.0,0.0,0.0,True,4,3,3,10,Potential Loyalists,4,Recent Starters
16915,United Kingdom,2011-03-01 09:52:00,2011-11-30 16:39:00,10,6,621.6800000000001,103.61333333333334,132,6,284,0.0,0.0,0.0,True,5,5,3,13,Loyal,3,Core Regulars
17640,United Kingdom,2011-09-14 09:13:00,2011-09-14 09:13:00,87,1,621.66,621.66,250,1,87,0.0,0.0,0.0,False,2,2,3,7,At Risk,1,Growth Potential
14152,United Kingdom,2011-04-19 15:46:00,2011-09-25 12:54:00,76,2,621.29,310.645,711,2,235,10.2,1.0,1.6152274778697997,True,2,3,3,8,At Risk,1,Growth Potential
13402,United Kingdom,2010-12-02 17:12:00,2011-08-04 15:51:00,128,2,621.23,310.615,479,2,373,0.0,0.0,0.0,True,2,2,3,7,At Risk,1,Growth Potential
16141,United Kingdom,2011-09-12 13:11:00,2011-09-12 13:11:00,89,1,620.4,620.4,238,1,89,0.0,0.0,0.0,False,2,2,3,7,At Risk,1,Growth Potential
12667,Finland,2011-10-12 17:00:00,2011-10-12 17:00:00,59,1,620.13,620.13,395,1,59,0.0,0.0,0.0,False,3,1,3,7,Occasional,4,Recent Starters
14529,United Kingdom,2011-08-21 14:10:00,2011-10-10 15:27:00,61,3,620.04,206.67999999999998,348,3,111,0.0,0.0,0.0,True,3,3,3,9,Occasional,1,Growth Potential
13493,Switzerland,2011-02-25 16:42:00,2011-03-09 15:35:00,276,2,618.63,309.315,380,2,288,0.0,0.0,0.0,True,1,2,3,6,At Risk,1,Growth Potential
16613,United Kingdom,2011-09-30 15:52:00,2011-09-30 15:52:00,71,1,618.59,618.59,293,1,71,0.0,0.0,0.0,False,3,2,3,8,Occasional,4,Recent Starters
13145,United Kingdom,2010-12-02 18:06:00,2011-10-31 12:45:00,40,4,618.52,154.63,145,4,373,3.75,1.0,0.6026322978771274,True,3,4,3,10,Loyal,1,Growth Potential
12596,Spain,2011-04-11 13:22:00,2011-10-19 13:02:00,52,2,618.27,309.135,474,2,243,0.0,0.0,0.0,True,3,2,3,8,Occasional,1,Growth Potential
16134,United Kingdom,2010-12-15 14:00:00,2011-11-18 10:05:00,22,2,618.09,309.045,371,2,360,14.399999999999999,1.0,2.2767158374045438,True,4,3,3,10,Potential Loyalists,4,Recent Starters
13301,United Kingdom,2011-02-20 13:13:00,2011-08-28 11:25:00,104,4,618.09,154.5225,345,4,293,0.0,0.0,0.0,True,2,4,3,9,At Risk,1,Growth Potential
14593,United Kingdom,2011-05-25 11:14:00,2011-11-18 12:48:00,22,3,617.99,205.99666666666667,332,2,199,0.0,0.0,0.0,True,4,3,3,10,Potential Loyalists,4,Recent Starters
14377,United Kingdom,2011-03-22 13:38:00,2011-06-01 13:32:00,192,2,617.05,308.525,219,2,263,0.0,0.0,0.0,True,1,3,3,7,At Risk,1,Growth Potential
16442,United Kingdom,2010-12-14 10:46:00,2011-12-08 11:43:00,2,3,616.79,205.59666666666666,446,3,361,0.0,0.0,0.0,True,5,4,3,12,Loyal,3,Core Regulars
16311,United Kingdom,2011-10-21 13:13:00,2011-11-22 08:54:00,18,2,616.26,308.13,394,2,50,0.0,0.0,0.0,True,4,3,3,10,Potential Loyalists,4,Recent Starters
14905,United Kingdom,2011-04-20 10:48:00,2011-07-05 12:41:00,158,2,616.15,308.075,287,2,234,16.25,1.0,2.569576217583808,True,2,3,3,8,At Risk,1,Growth Potential
16005,United Kingdom,2011-03-14 11:46:00,2011-11-27 13:47:00,13,4,615.39,153.8475,300,3,271,0.0,0.0,0.0,True,5,4,3,12,Loyal,3,Core Regulars
15275,United Kingdom,2011-11-02 11:20:00,2011-11-02 11:20:00,38,1,615.14,615.14,498,1,38,5.95,1.0,0.9579932054935677,False,3,1,3,7,Occasional,4,Recent Starters
16566,United Kingdom,2011-02-20 10:29:00,2011-11-24 16:34:00,16,5,614.66,122.93199999999999,362,5,293,0.65,1.0,0.10563780858429085,True,4,4,3,11,Loyal,3,Core Regulars
16116,United Kingdom,2011-05-12 12:01:00,2011-05-12 12:01:00,212,1,612.78,612.78,248,1,212,19.9,1.0,3.145349939938041,False,1,2,3,6,At Risk,0,Lapsed
12513,France,2011-08-19 10:51:00,2011-08-19 10:51:00,113,1,612.29,612.29,462,1,113,25.5,1.0,3.998181219523668,False,2,1,3,6,At Risk,0,Lapsed
18149,United Kingdom,2011-03-11 12:44:00,2011-10-20 12:04:00,51,3,612.0799999999999,204.02666666666664,310,3,274,0.0,0.0,0.0,True,3,4,3,10,Loyal,1,Growth Potential
15232,United Kingdom,2011-07-22 12:21:00,2011-08-18 16:27:00,114,2,612.06,306.03,686,2,141,0.0,0.0,0.0,True,2,3,3,8,At Risk,1,Growth Potential
15645,United Kingdom,2011-11-21 11:55:00,2011-11-21 11:55:00,19,1,612.01,612.01,256,1,19,0.0,0.0,0.0,False,4,1,3,8,Occasional,4,Recent Starters
16109,United Kingdom,2011-02-04 12:37:00,2011-05-05 09:17:00,219,2,611.88,305.94,612,2,309,0.0,0.0,0.0,True,1,3,3,7,At Risk,1,Growth Potential
16763,United Kingdom,2011-05-25 11:52:00,2011-05-25 11:52:00,199,1,611.85,611.85,319,1,199,16.95,1.0,2.6956106870229006,False,1,2,3,6,At Risk,0,Lapsed
13731,United Kingdom,2011-04-07 10:10:00,2011-05-04 14:33:00,220,2,610.59,305.295,278,2,247,0.0,0.0,0.0,True,1,2,3,6,At Risk,1,Growth Potential
12673,Germany,2011-01-17 11:46:00,2011-12-04 13:55:00,6,2,610.52,305.26,351,2,327,0.0,0.0,0.0,True,5,2,3,10,Potential Loyalists,4,Recent Starters
15795,United Kingdom,2011-07-13 10:43:00,2011-07-13 10:43:00,150,1,610.01,610.01,581,1,150,0.0,0.0,0.0,False,2,2,3,7,At Risk,0,Lapsed
13357,United Kingdom,2011-03-27 13:56:00,2011-03-27 13:56:00,258,1,609.95,609.95,322,1,258,0.0,0.0,0.0,False,1,1,3,5,At Risk,0,Lapsed
14636,United Kingdom,2011-03-16 09:52:00,2011-11-03 16:12:00,37,2,609.85,304.925,241,2,269,0.0,0.0,0.0,True,3,3,3,9,Occasional,4,Recent Starters
13933,United Kingdom,2011-07-14 13:35:00,2011-08-22 14:03:00,110,2,608.7900000000001,304.39500000000004,205,2,149,0.0,0.0,0.0,True,2,2,3,7,At Risk,1,Growth Potential
12933,United Kingdom,2011-03-01 11:30:00,2011-11-15 16:38:00,25,3,607.53,202.51,499,3,284,1.25,1.0,0.2053286901672197,True,4,3,3,10,Potential Loyalists,4,Recent Starters
15573,United Kingdom,2011-09-15 12:16:00,2011-11-08 11:38:00,32,2,607.45,303.725,363,2,86,0.0,0.0,0.0,True,4,3,3,10,Potential Loyalists,4,Recent Starters
17119,United Kingdom,2011-10-11 11:03:00,2011-12-06 14:40:00,4,2,606.91,303.455,334,2,60,13.3,1.0,2.144434949452605,True,5,3,3,11,Potential Loyalists,4,Recent Starters
14710,United Kingdom,2011-10-11 13:49:00,2011-11-25 14:53:00,15,4,606.13,151.5325,378,2,60,0.0,0.0,0.0,True,4,4,3,11,Loyal,3,Core Regulars
17849,United Kingdom,2011-01-10 11:59:00,2011-05-05 13:46:00,219,4,605.8000000000001,151.45000000000002,114,4,334,0.0,0.0,0.0,True,1,4,3,8,At Risk,1,Growth Potential
14133,United Kingdom,2011-01-28 11:27:00,2011-08-02 11:34:00,130,3,605.64,201.88,348,2,316,15.3,2.0,2.464006184172384,True,2,3,3,8,At Risk,1,Growth Potential
13888,United Kingdom,2011-05-05 14:41:00,2011-08-12 10:13:00,120,2,605.63,302.815,258,2,219,0.0,0.0,0.0,True,2,2,3,7,At Risk,1,Growth Potential
17507,United Kingdom,2011-02-03 18:08:00,2011-03-23 11:48:00,262,2,605.58,302.79,359,2,310,0.0,0.0,0.0,True,1,3,3,7,At Risk,1,Growth Potential
13233,United Kingdom,2011-01-07 14:49:00,2011-09-26 13:25:00,75,2,605.12,302.56,1004,2,337,0.0,0.0,0.0,True,2,2,3,7,At Risk,1,Growth Potential
14323,United Kingdom,2011-04-15 11:44:00,2011-08-17 11:37:00,115,2,605.0600000000001,302.53000000000003,350,2,239,30.800000000000004,2.0,4.843833548265342,True,2,3,3,8,At Risk,1,Growth Potential
13558,United Kingdom,2011-10-02 13:01:00,2011-12-04 11:24:00,6,4,605.06,151.265,344,3,69,0.0,0.0,0.0,True,5,4,3,12,Loyal,3,Core Regulars
14675,United Kingdom,2011-11-23 12:58:00,2011-11-23 12:58:00,17,1,604.75,604.75,341,1,17,0.0,0.0,0.0,False,4,1,3,8,Occasional,4,Recent Starters
17664,United Kingdom,2011-05-11 14:17:00,2011-11-21 11:29:00,19,2,604.64,302.32,604,2,213,0.0,0.0,0.0,True,4,3,3,10,Potential Loyalists,4,Recent Starters
12944,United Kingdom,2010-12-20 10:41:00,2011-11-04 11:04:00,36,2,604.51,302.255,289,2,355,0.0,0.0,0.0,True,3,2,3,8,Occasional,4,Recent Starters
16732,United Kingdom,2011-11-08 09:54:00,2011-11-08 09:54:00,32,1,603.75,603.75,317,1,32,0.0,0.0,0.0,False,4,2,3,9,Potential Loyalists,4,Recent Starters
12556,Spain,2011-07-11 13:35:00,2011-10-20 13:06:00,51,2,603.71,301.855,358,2,152,0.0,0.0,0.0,True,3,2,3,8,Occasional,1,Growth Potential
12707,France,2011-02-21 08:38:00,2011-02-21 08:38:00,292,1,603.42,603.42,256,1,292,0.0,0.0,0.0,False,1,1,3,5,At Risk,0,Lapsed
17259,United Kingdom,2010-12-06 12:55:00,2011-07-14 15:01:00,149,2,603.37,301.685,410,2,369,0.0,0.0,0.0,True,2,3,3,8,At Risk,1,Growth Potential
15366,United Kingdom,2010-12-16 15:59:00,2011-09-25 15:01:00,76,2,602.51,301.255,621,2,359,0.0,0.0,0.0,True,2,3,3,8,At Risk,1,Growth Potential
17890,United Kingdom,2010-12-13 15:12:00,2011-01-21 11:19:00,323,2,602.09,301.045,416,2,362,0.0,0.0,0.0,True,1,3,3,7,At Risk,0,Lapsed
12654,Germany,2011-02-17 13:16:00,2011-11-29 10:10:00,11,5,601.98,120.396,264,3,296,0.0,0.0,0.0,True,5,4,3,12,Loyal,3,Core Regulars
14609,United Kingdom,2011-02-16 12:10:00,2011-09-28 12:54:00,73,4,601.56,150.39,7026,4,297,0.0,0.0,0.0,True,2,4,3,9,At Risk,1,Growth Potential
16654,United Kingdom,2010-12-06 15:09:00,2011-07-21 15:23:00,142,4,601.27,150.3175,282,4,369,6.3,1.0,1.0369175568247282,True,2,4,3,9,At Risk,1,Growth Potential
12420,Cyprus,2011-10-07 08:55:00,2011-10-07 08:55:00,64,1,600.39,600.39,345,1,64,0.0,0.0,0.0,False,3,1,3,7,Occasional,4,Recent Starters
13243,United Kingdom,2011-05-20 13:14:00,2011-05-20 13:14:00,204,1,600.07,600.07,233,1,204,0.0,0.0,0.0,False,1,1,3,5,At Risk,0,Lapsed
18211,United Kingdom,2011-03-06 12:09:00,2011-11-14 08:10:00,26,5,600.07,120.01400000000001,359,5,279,0.0,0.0,0.0,True,4,4,3,11,Loyal,3,Core Regulars
12872,United Kingdom,2010-12-09 14:44:00,2011-01-17 10:52:00,327,2,599.97,299.985,319,2,366,0.0,0.0,0.0,True,1,2,3,6,At Risk,0,Lapsed
12521,Germany,2011-07-20 10:51:00,2011-07-20 10:51:00,143,1,599.68,599.68,309,1,143,0.0,0.0,0.0,False,2,1,3,6,At Risk,0,Lapsed
14965,United Kingdom,2011-09-04 13:15:00,2011-09-04 13:20:00,97,2,599.0,299.5,365,1,97,0.0,0.0,0.0,True,2,3,3,8,At Risk,1,Growth Potential
17420,United Kingdom,2010-12-01 09:56:00,2011-10-20 14:52:00,51,3,598.83,199.61,265,3,374,0.0,0.0,0.0,True,3,4,3,10,Loyal,1,Growth Potential
14467,United Kingdom,2011-01-31 12:35:00,2011-11-22 12:48:00,18,4,598.76,149.69,278,3,313,0.0,0.0,0.0,True,4,4,3,11,Loyal,3,Core Regulars
15720,United Kingdom,2011-11-15 14:48:00,2011-11-15 14:48:00,25,1,598.73,598.73,281,1,25,0.0,0.0,0.0,False,4,1,3,8,Occasional,4,Recent Starters
13311,United Kingdom,2011-07-12 14:26:00,2011-12-05 12:55:00,5,2,598.57,299.285,305,2,151,0.0,0.0,0.0,True,5,2,3,10,Potential Loyalists,4,Recent Starters
13959,United Kingdom,2010-12-12 13:56:00,2011-09-21 15:06:00,80,3,598.2,199.4,357,3,363,0.0,0.0,0.0,True,2,3,3,8,At Risk,1,Growth Potential
16298,United Kingdom,2011-06-06 10:06:00,2011-11-17 11:59:00,23,3,598.2,199.4,198,3,187,0.0,0.0,0.0,True,4,4,3,11,Loyal,4,Recent Starters
14108,United Kingdom,2011-08-30 11:32:00,2011-11-09 10:41:00,31,2,597.91,298.955,381,2,102,3.75,1.0,0.623275604161819,True,4,3,3,10,Potential Loyalists,4,Recent Starters
17864,United Kingdom,2011-03-09 11:44:00,2011-11-27 11:15:00,13,3,597.5,199.16666666666666,810,3,276,0.0,0.0,0.0,True,5,4,3,12,Loyal,4,Recent Starters
16788,United Kingdom,2011-03-30 13:05:00,2011-08-08 14:53:00,124,2,597.48,298.74,311,2,255,0.0,0.0,0.0,True,2,3,3,8,At Risk,1,Growth Potential
14645,United Kingdom,2011-03-09 09:52:00,2011-07-06 09:15:00,157,2,597.09,298.545,381,2,276,0.0,0.0,0.0,True,2,3,3,8,At Risk,1,Growth Potential
15381,United Kingdom,2011-03-16 13:44:00,2011-05-10 11:55:00,214,2,596.85,298.425,171,2,269,0.0,0.0,0.0,True,1,3,3,7,At Risk,1,Growth Potential
18246,United Kingdom,2011-04-20 13:55:00,2011-11-16 11:49:00,24,2,596.1,298.05,166,2,234,0.0,0.0,0.0,True,4,3,3,10,Potential Loyalists,4,Recent Starters
17658,United Kingdom,2011-05-12 15:23:00,2011-11-14 12:07:00,26,2,595.42,297.71,616,2,212,109.53999999999999,1.0,15.538470267816615,True,4,3,3,10,Potential Loyalists,4,Recent Starters
14284,United Kingdom,2011-09-14 13:04:00,2011-11-09 08:11:00,31,2,595.25,297.625,161,2,87,16.8,1.0,2.7448737848215017,True,4,3,3,10,Potential Loyalists,4,Recent Starters
16325,United Kingdom,2011-04-08 09:20:00,2011-10-24 08:48:00,47,3,594.24,198.08,194,3,246,83.7,2.0,12.34622532967519,True,3,4,3,10,Loyal,1,Growth Potential
15442,United Kingdom,2011-04-05 12:24:00,2011-04-05 12:24:00,249,1,594.0,594.0,120,1,249,0.0,0.0,0.0,False,1,1,3,5,At Risk,0,Lapsed
12917,United Kingdom,2011-08-03 16:42:00,2011-08-03 16:42:00,129,1,594.0,594.0,120,1,129,0.0,0.0,0.0,False,2,1,3,6,At Risk,0,Lapsed
16535,United Kingdom,2011-12-04 15:18:00,2011-12-04 15:18:00,6,1,593.75,593.75,356,1,6,0.0,0.0,0.0,False,5,2,3,10,New Customers,4,Recent Starters
18232,United Kingdom,2011-05-26 16:30:00,2011-09-19 11:49:00,82,4,592.97,148.2425,302,3,198,10.5,1.0,1.7399373622549588,True,2,4,3,9,At Risk,1,Growth Potential
16203,United Kingdom,2010-12-02 15:39:00,2011-10-12 12:31:00,59,4,592.9,148.225,262,4,373,3.75,1.0,0.6285091762339731,True,3,4,3,10,Loyal,1,Growth Potential
14692,United Kingdom,2011-01-21 13:47:00,2011-07-25 15:08:00,138,4,591.55,147.8875,265,4,323,9.5,1.0,1.5805673404874803,True,2,4,3,9,At Risk,1,Growth Potential
13276,United Kingdom,2011-09-01 10:03:00,2011-10-07 12:44:00,64,2,590.9300000000001,295.46500000000003,161,2,100,0.0,0.0,0.0,True,3,2,3,8,Occasional,1,Growth Potential
13452,United Kingdom,2011-03-14 11:38:00,2011-03-25 14:19:00,260,2,590.0,295.0,2,1,271,0.0,0.0,0.0,True,1,2,3,6,At Risk,1,Growth Potential
13270,United Kingdom,2010-12-08 14:53:00,2010-12-08 14:53:00,367,1,590.0,590.0,200,1,367,0.0,0.0,0.0,False,1,1,3,5,At Risk,0,Lapsed
14882,United Kingdom,2011-11-06 10:15:00,2011-11-13 12:47:00,27,2,589.7,294.85,158,1,34,0.0,0.0,0.0,True,4,3,3,10,Potential Loyalists,4,Recent Starters
18123,United Kingdom,2011-11-08 13:31:00,2011-11-15 14:23:00,25,2,589.4399999999999,294.71999999999997,594,1,32,0.0,0.0,0.0,True,4,3,3,10,Potential Loyalists,4,Recent Starters
16723,United Kingdom,2011-08-24 11:31:00,2011-09-09 13:01:00,92,2,589.15,294.575,399,2,108,0.0,0.0,0.0,True,2,3,3,8,At Risk,1,Growth Potential
16838,United Kingdom,2011-02-24 15:01:00,2011-05-26 13:13:00,198,2,588.85,294.425,185,2,289,5.95,1.0,1.0003362474781439,True,1,3,3,7,At Risk,1,Growth Potential
14338,United Kingdom,2011-05-27 13:30:00,2011-07-01 14:08:00,162,2,588.22,294.11,335,2,197,34.0,2.0,5.464305229661535,True,2,3,3,8,At Risk,1,Growth Potential
15624,United Kingdom,2011-03-28 13:32:00,2011-08-15 11:38:00,117,4,588.13,147.0325,357,4,257,0.0,0.0,0.0,True,2,4,3,9,At Risk,1,Growth Potential
17351,United Kingdom,2011-03-11 16:05:00,2011-11-03 18:45:00,37,3,587.15,195.71666666666667,113,3,274,0.0,0.0,0.0,True,3,4,3,10,Loyal,1,Growth Potential
17014,United Kingdom,2011-10-04 11:36:00,2011-12-01 14:09:00,9,3,586.33,195.44333333333336,245,3,67,20.75,1.0,3.4180009224484413,True,5,4,3,12,Loyal,3,Core Regulars
17360,United Kingdom,2011-06-08 17:09:00,2011-11-22 13:11:00,18,3,585.79,195.26333333333332,335,2,185,0.0,0.0,0.0,True,4,4,3,11,Loyal,4,Recent Starters
12384,Switzerland,2011-08-10 11:23:00,2011-11-11 08:39:00,29,2,585.27,292.635,126,2,122,19.11,1.0,3.161917998610146,True,4,2,3,9,Potential Loyalists,4,Recent Starters
15222,United Kingdom,2011-01-25 08:03:00,2011-01-25 08:03:00,319,1,585.0,585.0,440,1,319,0.0,0.0,0.0,False,1,1,3,5,At Risk,0,Lapsed
16384,United Kingdom,2011-03-21 10:13:00,2011-09-11 11:19:00,90,2,584.5,292.25,260,2,264,0.0,0.0,0.0,True,2,3,3,8,At Risk,1,Growth Potential
16072,United Kingdom,2011-02-24 14:32:00,2011-02-24 14:32:00,289,1,584.3199999999999,584.3199999999999,140,1,289,0.0,0.0,0.0,False,1,2,3,6,At Risk,0,Lapsed
14023,United Kingdom,2011-04-03 15:50:00,2011-12-02 13:58:00,8,2,584.07,292.035,345,2,251,0.0,0.0,0.0,True,5,3,3,11,Potential Loyalists,4,Recent Starters
13557,United Kingdom,2011-03-04 12:14:00,2011-11-11 15:24:00,29,2,584.06,292.03,546,2,281,0.0,0.0,0.0,True,4,2,3,9,Potential Loyalists,4,Recent Starters
15762,United Kingdom,2011-09-23 15:17:00,2011-10-05 16:15:00,66,2,583.75,291.875,251,2,78,0.0,0.0,0.0,True,3,3,3,9,Occasional,1,Growth Potential
12426,Germany,2011-05-29 12:26:00,2011-05-29 12:26:00,195,1,582.73,582.73,258,1,195,0.0,0.0,0.0,False,1,1,3,5,At Risk,0,Lapsed
13427,United Kingdom,2011-05-08 15:58:00,2011-11-20 13:02:00,20,3,582.6,194.20000000000002,545,3,216,0.0,0.0,0.0,True,4,3,3,10,Potential Loyalists,4,Recent Starters
17970,United Kingdom,2011-05-12 20:03:00,2011-05-12 20:03:00,212,1,582.59,582.59,525,1,212,0.0,0.0,0.0,False,1,2,3,6,At Risk,0,Lapsed
12695,France,2011-05-13 13:15:00,2011-12-02 13:22:00,8,4,582.1,145.525,220,4,211,0.0,0.0,0.0,True,5,4,3,12,Loyal,3,Core Regulars
18095,United Kingdom,2011-01-11 12:37:00,2011-01-31 12:50:00,313,2,580.0500000000001,290.02500000000003,419,1,333,0.0,0.0,0.0,True,1,3,3,7,At Risk,0,Lapsed
16906,United Kingdom,2011-04-05 12:30:00,2011-09-19 11:49:00,82,4,579.77,144.9425,281,4,249,0.0,0.0,0.0,True,2,4,3,9,At Risk,1,Growth Potential
17142,United Kingdom,2011-04-14 18:22:00,2011-04-14 18:22:00,240,1,579.0,579.0,81,1,240,0.0,0.0,0.0,False,1,2,3,6,At Risk,0,Lapsed
13292,United Kingdom,2011-02-28 15:00:00,2011-11-01 10:04:00,39,2,578.9399999999999,289.46999999999997,347,2,285,0.0,0.0,0.0,True,3,2,3,8,Occasional,4,Recent Starters
17540,United Kingdom,2011-01-27 14:35:00,2011-11-15 11:56:00,25,2,578.9,289.45,194,2,317,8.5,1.0,1.4470548178413347,True,4,3,3,10,Potential Loyalists,4,Recent Starters
12601,Germany,2011-01-11 10:38:00,2011-06-03 10:17:00,190,5,577.0600000000001,115.412,245,5,333,7.5,1.0,1.283016285753387,True,1,4,3,8,At Risk,1,Growth Potential
14176,United Kingdom,2010-12-07 11:45:00,2011-02-15 13:12:00,298,4,576.9000000000001,144.22500000000002,209,3,368,2.9,1.0,0.5001724732666436,True,1,4,3,8,At Risk,1,Growth Potential
16916,United Kingdom,2010-12-02 13:14:00,2011-11-16 12:08:00,24,2,576.26,288.13,440,2,373,0.0,0.0,0.0,True,4,3,3,10,Potential Loyalists,4,Recent Starters
15830,United Kingdom,2011-11-02 10:40:00,2011-11-02 10:40:00,38,1,576.0,576.0,415,1,38,28.3,1.0,4.683104418335264,False,3,2,3,8,Occasional,4,Recent Starters
15550,United Kingdom,2011-02-11 12:49:00,2011-12-05 15:38:00,5,4,575.63,143.9075,295,4,302,0.0,0.0,0.0,True,5,4,3,12,Loyal,3,Core Regulars
16345,United Kingdom,2011-10-26 16:03:00,2011-10-26 16:03:00,45,1,575.41,575.41,289,1,45,0.0,0.0,0.0,False,3,2,3,8,Occasional,4,Recent Starters
13487,United Kingdom,2010-12-21 14:54:00,2011-10-13 12:07:00,58,3,575.4,191.79999999999998,265,3,354,0.0,0.0,0.0,True,3,3,3,9,Occasional,1,Growth Potential
14167,United Kingdom,2011-01-12 15:44:00,2011-10-31 14:29:00,40,4,574.84,143.71,150,4,332,0.0,0.0,0.0,True,3,4,3,10,Loyal,1,Growth Potential
14400,United Kingdom,2011-07-13 15:50:00,2011-07-13 15:50:00,150,1,574.7,574.7,454,1,150,15.0,1.0,2.5436662709852467,False,2,1,3,6,At Risk,0,Lapsed
12784,Portugal,2011-11-24 12:53:00,2011-11-30 15:38:00,10,2,574.42,287.21,300,1,16,0.0,0.0,0.0,True,5,2,3,10,Potential Loyalists,4,Recent Starters
15339,United Kingdom,2011-01-25 13:15:00,2011-10-04 12:51:00,67,2,574.07,287.035,416,2,319,16.5,1.0,2.7939109673705063,True,3,3,3,9,Occasional,1,Growth Potential
15303,United Kingdom,2011-02-22 13:59:00,2011-02-22 13:59:00,291,1,574.02,574.02,248,1,291,0.0,0.0,0.0,False,1,1,3,5,At Risk,0,Lapsed
12879,United Kingdom,2011-09-09 12:11:00,2011-10-26 12:24:00,45,3,573.22,191.07333333333335,370,2,92,20.650000000000002,1.0,3.4771919780423324,True,3,3,3,9,Occasional,1,Growth Potential
15415,United Kingdom,2011-01-30 14:13:00,2011-01-30 14:13:00,314,1,572.8100000000001,572.8100000000001,575,1,314,0.0,0.0,0.0,False,1,1,3,5,At Risk,0,Lapsed
13379,United Kingdom,2011-07-26 12:26:00,2011-11-13 13:45:00,27,3,572.56,190.85333333333332,601,3,137,0.0,0.0,0.0,True,4,3,3,10,Potential Loyalists,4,Recent Starters
13405,United Kingdom,2011-01-26 09:27:00,2011-09-26 17:01:00,75,3,572.451,190.817,165,3,318,0.0,0.0,0.0,True,2,3,3,8,At Risk,1,Growth Potential
12816,Poland,2011-06-16 13:24:00,2011-09-05 12:41:00,96,2,572.2,286.1,128,2,177,0.0,0.0,0.0,True,2,2,3,7,At Risk,1,Growth Potential
13816,Germany,2011-10-06 14:37:00,2011-11-16 08:38:00,24,2,571.6700000000001,285.83500000000004,269,2,65,16.63,2.0,2.826789053204147,True,4,2,3,9,Potential Loyalists,4,Recent Starters
17616,United Kingdom,2010-12-07 10:04:00,2011-06-19 10:11:00,174,3,571.1999999999999,190.39999999999998,224,3,368,0.0,0.0,0.0,True,2,4,3,9,At Risk,1,Growth Potential
15821,United Kingdom,2011-10-09 13:28:00,2011-10-26 15:48:00,45,2,570.96,285.48,202,1,62,0.0,0.0,0.0,True,3,3,3,9,Occasional,4,Recent Starters
15315,United Kingdom,2011-08-15 15:17:00,2011-10-06 12:51:00,65,2,570.5,285.25,862,2,117,18.96,1.0,3.2165032402537914,True,3,3,3,9,Occasional,1,Growth Potential
14592,United Kingdom,2011-10-06 18:08:00,2011-11-04 16:35:00,36,3,570.46,190.15333333333334,415,2,65,0.0,0.0,0.0,True,3,3,3,9,Occasional,1,Growth Potential
16667,United Kingdom,2011-02-28 12:57:00,2011-10-02 15:26:00,69,2,570.13,285.065,237,2,285,0.0,0.0,0.0,True,3,3,3,9,Occasional,1,Growth Potential
13939,United Kingdom,2011-02-01 11:30:00,2011-11-16 13:33:00,24,3,568.55,189.51666666666665,847,3,312,11.8,1.0,2.033255793917464,True,4,3,3,10,Potential Loyalists,4,Recent Starters
13321,United Kingdom,2011-09-14 15:18:00,2011-09-28 15:24:00,73,2,567.36,283.68,372,1,87,0.0,0.0,0.0,True,2,2,3,7,At Risk,1,Growth Potential
17897,United Kingdom,2010-12-01 12:31:00,2011-06-20 11:23:00,173,3,566.6,188.86666666666667,229,2,374,25.5,1.0,4.306704948488431,True,2,4,3,9,At Risk,1,Growth Potential
18150,United Kingdom,2011-05-22 10:47:00,2011-11-07 16:49:00,33,3,566.58,188.86,332,3,202,0.0,0.0,0.0,True,3,4,3,10,Loyal,4,Recent Starters
16278,United Kingdom,2011-08-31 17:12:00,2011-08-31 17:12:00,101,1,566.38,566.38,114,1,101,28.55,2.0,4.798883902307835,False,2,2,3,7,At Risk,0,Lapsed
13894,United Kingdom,2011-02-02 12:54:00,2011-11-16 09:44:00,24,3,564.62,188.20666666666668,354,2,311,28.65,2.0,4.829167158292178,True,4,3,3,10,Potential Loyalists,4,Recent Starters
15344,United Kingdom,2011-09-26 14:48:00,2011-12-09 10:45:00,1,3,563.94,187.98000000000002,116,3,75,87.36,2.0,13.41317365269461,True,5,3,3,11,Potential Loyalists,3,Core Regulars
16933,United Kingdom,2011-04-14 13:33:00,2011-12-08 12:54:00,2,2,563.23,281.615,288,2,240,33.15,3.0,5.558536503571548,True,5,3,3,11,Potential Loyalists,4,Recent Starters
14753,United Kingdom,2011-09-13 14:50:00,2011-09-13 14:50:00,88,1,563.15,563.15,211,1,88,0.0,0.0,0.0,False,2,1,3,6,At Risk,0,Lapsed
17265,United Kingdom,2011-06-12 12:00:00,2011-07-24 10:49:00,139,2,562.9,281.45,394,2,181,0.0,0.0,0.0,True,2,3,3,8,At Risk,1,Growth Potential
12414,Austria,2011-02-02 14:51:00,2011-05-06 14:51:00,218,3,562.41,187.47,300,3,311,0.0,0.0,0.0,True,1,3,3,7,At Risk,1,Growth Potential
12559,Germany,2011-01-24 10:12:00,2011-02-02 09:49:00,311,2,561.71,280.855,283,2,320,25.5,1.0,4.342569097937705,True,1,2,3,6,At Risk,0,Lapsed
13946,United Kingdom,2011-03-17 10:02:00,2011-09-21 13:33:00,80,3,561.5699999999999,187.18999999999997,443,3,268,0.0,0.0,0.0,True,2,3,3,8,At Risk,1,Growth Potential
15655,United Kingdom,2011-04-10 15:25:00,2011-04-10 15:25:00,244,1,560.67,560.67,324,1,244,49.35,1.0,8.08989869184617,False,1,1,3,5,At Risk,0,Lapsed
13044,United Kingdom,2011-02-21 15:20:00,2011-02-21 15:20:00,292,1,560.47,560.47,429,1,292,0.0,0.0,0.0,False,1,1,3,5,At Risk,0,Lapsed
14273,United Kingdom,2011-04-11 13:24:00,2011-10-19 13:20:00,52,4,559.97,139.9925,264,4,243,0.0,0.0,0.0,True,3,4,3,10,Loyal,1,Growth Potential
16275,United Kingdom,2011-05-27 12:41:00,2011-05-27 12:41:00,197,1,559.87,559.87,336,1,197,0.0,0.0,0.0,False,1,2,3,6,At Risk,0,Lapsed
18043,United Kingdom,2010-12-08 12:35:00,2011-11-15 12:48:00,25,3,559.51,186.50333333333333,282,3,367,0.0,0.0,0.0,True,4,4,3,11,Loyal,4,Recent Starters
14177,United Kingdom,2011-06-13 11:10:00,2011-09-14 15:11:00,87,4,559.41,139.8525,205,2,180,4.95,1.0,0.8770997235806931,True,2,4,3,9,At Risk,1,Growth Potential
12866,Belgium,2011-03-01 14:11:00,2011-03-01 14:11:00,284,1,559.12,559.12,171,1,284,0.0,0.0,0.0,False,1,1,3,5,At Risk,0,Lapsed
17503,United Kingdom,2011-11-01 11:12:00,2011-12-07 09:18:00,3,2,558.96,279.48,486,2,39,0.0,0.0,0.0,True,5,3,3,11,Potential Loyalists,4,Recent Starters
12987,United Kingdom,2011-05-26 12:00:00,2011-09-27 12:03:00,74,2,558.7,279.35,219,2,198,13.7,1.0,2.393431167016072,True,2,2,3,7,At Risk,1,Growth Potential
13800,United Kingdom,2011-02-03 12:27:00,2011-02-03 12:27:00,310,1,558.32,558.32,331,1,310,0.0,0.0,0.0,False,1,1,3,5,At Risk,0,Lapsed
13260,United Kingdom,2011-10-09 13:21:00,2011-10-09 13:21:00,62,1,557.62,557.62,142,1,62,0.0,0.0,0.0,False,3,1,3,7,Occasional,4,Recent Starters
17955,United Kingdom,2011-05-04 12:29:00,2011-05-25 12:00:00,199,4,557.3,139.325,273,1,220,0.0,0.0,0.0,True,1,4,3,8,At Risk,1,Growth Potential
17295,United Kingdom,2011-10-06 12:22:00,2011-11-11 10:49:00,29,3,556.95,185.65,294,2,65,0.0,0.0,0.0,True,4,4,3,11,Loyal,4,Recent Starters
16385,United Kingdom,2010-12-08 12:56:00,2011-10-10 13:12:00,61,3,555.89,185.29666666666665,261,3,367,0.0,0.0,0.0,True,3,4,3,10,Loyal,1,Growth Potential
14805,United Kingdom,2011-01-30 10:43:00,2011-11-24 16:20:00,16,4,554.65,138.6625,115,3,314,0.0,0.0,0.0,True,4,4,3,11,Loyal,3,Core Regulars
14891,United Kingdom,2011-06-05 10:58:00,2011-07-14 18:08:00,149,2,554.38,277.19,505,2,188,0.0,0.0,0.0,True,2,3,3,8,At Risk,1,Growth Potential
14618,United Kingdom,2011-01-06 11:59:00,2011-11-30 13:45:00,10,3,553.44,184.48000000000002,264,2,338,14.850000000000001,1.0,2.6131024652906087,True,5,3,3,11,Potential Loyalists,4,Recent Starters
15068,United Kingdom,2011-03-28 14:27:00,2011-10-24 14:47:00,47,2,553.36,276.68,364,2,257,0.0,0.0,0.0,True,3,3,3,9,Occasional,4,Recent Starters
12363,Unspecified,2011-04-11 13:29:00,2011-08-22 10:18:00,110,2,552.0,276.0,408,2,243,0.0,0.0,0.0,True,2,2,3,7,At Risk,1,Growth Potential
17674,United Kingdom,2010-12-06 10:20:00,2011-09-26 13:35:00,75,2,551.04,275.52,672,2,369,0.0,0.0,0.0,True,2,3,3,8,At Risk,1,Growth Potential
17291,United Kingdom,2011-02-04 13:04:00,2011-02-04 13:04:00,309,1,550.8000000000001,550.8000000000001,72,1,309,0.0,0.0,0.0,False,1,2,3,6,At Risk,0,Lapsed
17235,United Kingdom,2010-12-02 13:38:00,2011-11-14 15:51:00,26,2,550.06,275.03,224,2,373,0.0,0.0,0.0,True,4,3,3,10,Potential Loyalists,4,Recent Starters
12390,Belgium,2011-09-21 09:33:00,2011-09-21 09:33:00,80,1,549.84,549.84,353,1,80,0.0,0.0,0.0,False,2,1,3,6,At Risk,0,Lapsed
16340,United Kingdom,2011-08-24 14:53:00,2011-08-24 14:53:00,108,1,549.07,549.07,501,1,108,0.0,0.0,0.0,False,2,2,3,7,At Risk,0,Lapsed
16536,United Kingdom,2011-08-21 15:54:00,2011-08-21 15:54:00,111,1,548.97,548.97,251,1,111,9.95,1.0,1.780218993773706,False,2,2,3,7,At Risk,0,Lapsed
16031,United Kingdom,2011-04-06 14:23:00,2011-09-08 13:07:00,93,2,548.94,274.47,423,2,248,0.0,0.0,0.0,True,2,3,3,8,At Risk,1,Growth Potential
14474,United Kingdom,2011-10-24 13:26:00,2011-10-24 13:26:00,47,1,547.66,547.66,140,1,47,9.95,1.0,1.784401284051577,False,3,1,3,7,Occasional,4,Recent Starters
16811,United Kingdom,2011-11-22 17:19:00,2011-12-05 11:39:00,5,2,547.07,273.535,477,2,18,0.0,0.0,0.0,True,5,3,3,11,Potential Loyalists,4,Recent Starters
17637,United Kingdom,2011-08-16 13:25:00,2011-11-08 12:51:00,32,2,547.0600000000001,273.53000000000003,280,2,116,0.0,0.0,0.0,True,4,3,3,10,Potential Loyalists,4,Recent Starters
16211,United Kingdom,2011-09-12 12:11:00,2011-09-12 12:11:00,89,1,547.02,547.02,154,1,89,4.25,1.0,0.7709470858200156,False,2,2,3,7,At Risk,0,Lapsed
17520,United Kingdom,2011-10-17 12:04:00,2011-10-17 12:04:00,54,1,546.81,546.81,365,1,54,0.0,0.0,0.0,False,3,2,3,8,Occasional,4,Recent Starters
12743,Unspecified,2011-07-28 16:06:00,2011-07-28 16:21:00,135,2,546.43,273.215,319,1,135,0.0,0.0,0.0,True,2,2,3,7,At Risk,1,Growth Potential
14997,United Kingdom,2011-06-14 16:52:00,2011-10-24 13:28:00,47,3,546.1999999999999,182.06666666666663,1120,3,179,5.22,1.0,0.9466468390700374,True,3,3,3,9,Occasional,1,Growth Potential
17806,United Kingdom,2011-11-28 14:12:00,2011-11-28 14:12:00,12,1,546.04,546.04,727,1,12,0.0,0.0,0.0,False,5,2,3,10,New Customers,4,Recent Starters
12793,Portugal,2010-12-03 15:14:00,2011-01-09 12:12:00,335,2,545.48,272.74,295,2,372,0.0,0.0,0.0,True,1,2,3,6,At Risk,0,Lapsed
16475,United Kingdom,2011-03-11 09:39:00,2011-09-12 14:37:00,89,4,544.3,136.075,319,4,274,0.0,0.0,0.0,True,2,4,3,9,At Risk,1,Growth Potential
13617,United Kingdom,2011-06-12 12:55:00,2011-10-30 13:50:00,41,3,544.18,181.39333333333332,300,3,181,0.0,0.0,0.0,True,3,3,3,9,Occasional,1,Growth Potential
13390,United Kingdom,2011-09-26 08:38:00,2011-09-26 08:38:00,75,1,544.08,544.08,224,1,75,0.0,0.0,0.0,False,2,1,3,6,At Risk,4,Recent Starters
16927,United Kingdom,2010-12-13 11:57:00,2011-08-16 11:10:00,116,3,543.05,181.01666666666665,993,3,362,0.0,0.0,0.0,True,2,4,3,9,At Risk,1,Growth Potential
13278,United Kingdom,2011-10-30 11:49:00,2011-10-30 11:49:00,41,1,542.73,542.73,537,1,41,0.0,0.0,0.0,False,3,1,3,7,Occasional,4,Recent Starters
16230,United Kingdom,2011-05-03 15:12:00,2011-06-03 10:06:00,190,2,542.03,271.015,365,2,221,0.0,0.0,0.0,True,1,3,3,7,At Risk,1,Growth Potential
17447,United Kingdom,2011-09-29 10:10:00,2011-10-30 14:18:00,41,2,541.53,270.765,443,2,72,0.0,0.0,0.0,True,3,3,3,9,Occasional,4,Recent Starters
17557,United Kingdom,2011-09-19 14:23:00,2011-11-25 12:57:00,15,3,541.46,180.48666666666668,306,3,82,0.0,0.0,0.0,True,4,4,3,11,Loyal,4,Recent Starters
13874,United Kingdom,2010-12-16 18:20:00,2010-12-16 18:20:00,359,1,540.45,540.45,180,1,359,0.0,0.0,0.0,False,1,1,3,5,At Risk,0,Lapsed
13812,Germany,2011-08-26 12:54:00,2011-10-28 14:27:00,43,3,539.0,179.66666666666666,333,2,106,0.0,0.0,0.0,True,3,3,3,9,Occasional,1,Growth Potential
14496,United Kingdom,2010-12-01 15:35:00,2011-02-01 09:01:00,312,2,538.8100000000001,269.40500000000003,159,2,374,0.0,0.0,0.0,True,1,3,3,7,At Risk,0,Lapsed
15452,United Kingdom,2011-03-20 15:21:00,2011-11-10 12:13:00,30,3,538.73,179.57666666666668,283,3,265,0.0,0.0,0.0,True,4,3,3,10,Potential Loyalists,4,Recent Starters
15469,United Kingdom,2011-08-11 16:54:00,2011-10-20 16:21:00,51,2,538.55,269.275,153,2,121,34.05,2.0,5.946559552916521,True,3,3,3,9,Occasional,4,Recent Starters
15539,United Kingdom,2011-12-02 13:36:00,2011-12-02 13:36:00,8,1,538.46,538.46,410,1,8,0.0,0.0,0.0,False,5,1,3,9,New Customers,4,Recent Starters
17062,United Kingdom,2010-12-05 11:59:00,2011-01-30 11:01:00,314,4,538.37,134.5925,430,2,370,3.9,1.0,0.7191989230457153,True,1,4,3,8,At Risk,1,Growth Potential
17345,United Kingdom,2011-05-27 12:26:00,2011-11-24 15:03:00,16,4,537.74,134.435,346,3,197,0.0,0.0,0.0,True,4,4,3,11,Loyal,3,Core Regulars
14539,United Kingdom,2011-10-26 12:03:00,2011-11-24 09:50:00,16,2,537.48,268.74,428,2,45,0.0,0.0,0.0,True,4,3,3,10,Potential Loyalists,4,Recent Starters
16206,United Kingdom,2011-01-16 11:07:00,2011-10-16 10:41:00,55,4,537.0600000000001,134.26500000000001,272,4,328,0.0,0.0,0.0,True,3,4,3,10,Loyal,1,Growth Potential
15043,United Kingdom,2011-11-08 14:26:00,2011-11-08 14:26:00,32,1,537.0,537.0,300,1,32,0.0,0.0,0.0,False,4,1,3,8,Occasional,4,Recent Starters
16804,United Kingdom,2011-03-14 15:48:00,2011-11-16 16:43:00,24,3,536.99,178.99666666666667,246,2,271,0.0,0.0,0.0,True,4,4,3,11,Loyal,4,Recent Starters
16233,United Kingdom,2010-12-08 12:51:00,2011-09-29 17:27:00,72,3,536.6800000000001,178.89333333333335,174,3,367,114.54999999999998,2.0,17.589791625078693,True,3,4,3,10,Loyal,1,Growth Potential
15535,United Kingdom,2011-01-16 12:35:00,2011-06-19 16:02:00,174,4,536.4,134.1,143,3,328,76.5,3.0,12.481644640234949,True,2,4,3,9,At Risk,1,Growth Potential
16142,United Kingdom,2011-04-04 10:16:00,2011-04-04 10:16:00,250,1,535.34,535.34,422,1,250,0.0,0.0,0.0,False,1,2,3,6,At Risk,0,Lapsed
12988,United Kingdom,2011-02-20 14:31:00,2011-02-20 14:31:00,293,1,535.32,535.32,136,1,293,0.0,0.0,0.0,False,1,1,3,5,At Risk,0,Lapsed
13000,United Kingdom,2010-12-10 10:26:00,2011-08-25 10:43:00,107,3,534.85,178.28333333333333,379,3,365,0.0,0.0,0.0,True,2,3,3,8,At Risk,1,Growth Potential
13385,United Kingdom,2011-01-14 09:52:00,2011-01-14 09:52:00,330,1,534.57,534.57,281,1,330,0.0,0.0,0.0,False,1,1,3,5,At Risk,0,Lapsed
17443,Canada,2011-05-04 10:47:00,2011-05-04 10:47:00,220,1,534.24,534.24,504,1,220,0.0,0.0,0.0,False,1,2,3,6,At Risk,0,Lapsed
13434,United Kingdom,2011-09-04 10:35:00,2011-09-26 14:30:00,75,2,534.24,267.12,300,1,97,0.0,0.0,0.0,True,2,2,3,7,At Risk,1,Growth Potential
13217,United Kingdom,2011-07-06 12:08:00,2011-08-09 15:32:00,123,3,533.98,177.99333333333334,262,2,157,400.36,2.0,42.849498041398206,True,2,3,3,8,At Risk,1,Growth Potential
15433,United Kingdom,2011-03-17 14:12:00,2011-05-10 10:45:00,214,2,533.3,266.65,534,2,268,115.43,1.0,17.79322676614308,True,1,3,3,7,At Risk,1,Growth Potential
15756,United Kingdom,2011-04-04 14:00:00,2011-10-09 13:30:00,62,4,532.96,133.24,242,4,250,0.0,0.0,0.0,True,3,4,3,10,Loyal,1,Growth Potential
15825,United Kingdom,2011-06-20 13:27:00,2011-06-20 13:27:00,173,1,532.94,532.94,220,1,173,0.0,0.0,0.0,False,2,2,3,7,At Risk,0,Lapsed
16706,United Kingdom,2011-08-17 15:53:00,2011-11-02 13:50:00,38,3,531.35,177.11666666666667,249,3,115,0.0,0.0,0.0,True,3,4,3,10,Loyal,1,Growth Potential
14265,Unspecified,2011-07-14 09:10:00,2011-08-22 13:32:00,110,2,530.18,265.09,330,2,149,0.0,0.0,0.0,True,2,3,3,8,At Risk,1,Growth Potential
18159,United Kingdom,2011-02-11 14:26:00,2011-02-11 14:26:00,302,1,530.15,530.15,139,1,302,0.0,0.0,0.0,False,1,2,3,6,At Risk,0,Lapsed
14002,United Kingdom,2011-07-06 14:59:00,2011-07-28 15:55:00,135,2,529.73,264.865,877,1,157,0.0,0.0,0.0,True,2,3,3,8,At Risk,1,Growth Potential
14463,United Kingdom,2011-05-18 14:42:00,2011-09-02 15:20:00,99,3,529.62,176.54,179,3,206,0.0,0.0,0.0,True,2,3,3,8,At Risk,1,Growth Potential
16185,United Kingdom,2011-04-21 11:59:00,2011-11-23 09:41:00,17,2,529.41,264.705,260,2,233,0.0,0.0,0.0,True,4,3,3,10,Potential Loyalists,4,Recent Starters
17631,United Kingdom,2011-04-21 13:22:00,2011-12-08 09:47:00,2,3,528.33,176.11,334,3,233,0.0,0.0,0.0,True,5,4,3,12,Loyal,3,Core Regulars
16602,United Kingdom,2011-11-03 15:54:00,2011-11-03 15:54:00,37,1,528.08,528.08,336,1,37,33.35,1.0,5.94018844735764,False,3,2,3,8,Occasional,4,Recent Starters
12479,Germany,2011-11-28 13:26:00,2011-11-28 13:26:00,12,1,527.2,527.2,385,1,12,49.9,2.0,8.646681684283486,False,5,1,3,9,New Customers,4,Recent Starters
17623,United Kingdom,2011-11-07 11:32:00,2011-11-07 11:32:00,33,1,527.0500000000001,527.0500000000001,265,1,33,0.0,0.0,0.0,False,3,2,3,8,Occasional,4,Recent Starters
18252,United Kingdom,2011-06-21 11:47:00,2011-10-20 12:43:00,51,2,526.67,263.335,239,2,172,0.0,0.0,0.0,True,3,3,3,9,Occasional,4,Recent Starters
16892,United Kingdom,2011-06-09 11:35:00,2011-12-08 13:18:00,2,5,525.54,105.10799999999999,239,3,184,28.7,2.0,5.178262124711316,True,5,4,3,12,Loyal,3,Core Regulars
17290,United Kingdom,2011-11-23 15:53:00,2011-12-06 12:38:00,4,2,525.24,262.62,404,2,17,0.0,0.0,0.0,True,5,3,3,11,Potential Loyalists,4,Recent Starters
17429,United Kingdom,2011-05-05 09:53:00,2011-08-03 13:22:00,129,3,524.9200000000001,174.97333333333336,624,3,219,12.8,1.0,2.380421036970914,True,2,4,3,9,At Risk,1,Growth Potential
15467,United Kingdom,2011-07-10 14:42:00,2011-11-30 14:17:00,10,3,524.88,174.96,310,2,153,13.0,1.0,2.4168959619245927,True,5,3,3,11,Potential Loyalists,4,Recent Starters
15891,United Kingdom,2011-04-27 12:35:00,2011-04-27 12:35:00,227,1,524.52,524.52,442,1,227,0.0,0.0,0.0,False,1,2,3,6,At Risk,0,Lapsed
13721,United Kingdom,2011-11-03 14:05:00,2011-11-03 14:05:00,37,1,524.14,524.14,316,1,37,0.0,0.0,0.0,False,3,1,3,7,Occasional,4,Recent Starters
17329,United Kingdom,2011-01-28 15:29:00,2011-11-25 14:24:00,15,2,523.11,261.555,142,2,316,0.0,0.0,0.0,True,4,3,3,10,Potential Loyalists,4,Recent Starters
18017,United Kingdom,2011-02-02 13:57:00,2011-09-19 16:15:00,82,3,523.0,174.33333333333334,300,3,311,0.0,0.0,0.0,True,2,4,3,9,At Risk,1,Growth Potential
17712,United Kingdom,2011-10-26 12:28:00,2011-10-26 12:28:00,45,1,522.91,522.91,215,1,45,0.0,0.0,0.0,False,3,2,3,8,Occasional,4,Recent Starters
14871,United Kingdom,2010-12-14 12:18:00,2011-12-06 13:42:00,4,4,522.38,130.595,185,4,361,0.0,0.0,0.0,True,5,4,3,12,Loyal,3,Core Regulars
12863,United Kingdom,2011-10-18 14:15:00,2011-10-18 14:15:00,53,1,521.2,521.2,188,1,53,17.0,1.0,3.15867707172055,False,3,1,3,7,Occasional,4,Recent Starters
15149,United Kingdom,2011-07-29 10:58:00,2011-07-29 10:58:00,134,1,520.8000000000001,520.8000000000001,128,1,134,0.0,0.0,0.0,False,2,1,3,6,At Risk,0,Lapsed
14873,United Kingdom,2011-05-13 13:52:00,2011-05-13 13:52:00,211,1,519.68,519.68,168,1,211,0.0,0.0,0.0,False,1,1,3,5,At Risk,0,Lapsed
12571,France,2011-08-10 12:35:00,2011-10-31 10:19:00,40,2,519.61,259.805,523,2,122,0.0,0.0,0.0,True,3,2,3,8,Occasional,4,Recent Starters
13643,United Kingdom,2011-06-07 11:40:00,2011-11-08 15:37:00,32,3,519.44,173.14666666666668,273,3,186,0.0,0.0,0.0,True,4,3,3,10,Potential Loyalists,4,Recent Starters
16955,United Kingdom,2010-12-01 13:31:00,2011-06-08 10:36:00,185,4,518.67,129.6675,266,3,374,25.0,1.0,4.598377692350139,True,1,4,3,8,At Risk,1,Growth Potential
16650,United Kingdom,2011-09-29 09:51:00,2011-09-29 09:51:00,72,1,518.42,518.42,372,1,72,0.0,0.0,0.0,False,3,2,3,8,Occasional,4,Recent Starters
15030,United Kingdom,2011-03-16 15:34:00,2011-09-29 10:50:00,72,2,518.28,259.14,372,2,269,0.0,0.0,0.0,True,3,3,3,9,Occasional,1,Growth Potential
16135,United Kingdom,2011-03-22 12:30:00,2011-03-22 12:30:00,263,1,517.55,517.55,209,1,263,0.0,0.0,0.0,False,1,2,3,6,At Risk,0,Lapsed
17454,United Kingdom,2010-12-15 10:54:00,2011-05-31 13:58:00,193,4,517.53,129.3825,243,4,360,0.0,0.0,0.0,True,1,4,3,8,At Risk,1,Growth Potential
18205,United Kingdom,2011-09-26 12:02:00,2011-11-03 13:22:00,37,2,517.36,258.68,192,2,75,0.0,0.0,0.0,True,3,3,3,9,Occasional,4,Recent Starters
13043,United Kingdom,2011-03-11 14:52:00,2011-03-11 14:52:00,274,1,516.42,516.42,254,1,274,44.849999999999994,1.0,7.990806563685926,False,1,1,3,5,At Risk,0,Lapsed
15882,United Kingdom,2010-12-06 13:01:00,2011-05-25 11:35:00,199,4,516.36,129.09,276,2,369,21.0,1.0,3.907994640464493,True,1,4,3,8,At Risk,1,Growth Potential
15809,United Kingdom,2011-02-10 11:16:00,2011-11-03 16:40:00,37,5,515.77,103.154,301,5,303,116.56,1.0,18.433412933120366,True,3,4,3,10,Loyal,3,Core Regulars
12811,Portugal,2011-02-28 15:39:00,2011-03-24 09:42:00,261,3,514.85,171.61666666666667,230,2,285,0.0,0.0,0.0,True,1,3,3,7,At Risk,1,Growth Potential
15246,United Kingdom,2010-12-16 09:46:00,2011-04-15 14:45:00,239,2,514.15,257.075,247,2,359,0.0,0.0,0.0,True,1,3,3,7,At Risk,0,Lapsed
13005,United Kingdom,2011-04-07 13:32:00,2011-06-19 10:53:00,174,2,513.7,256.85,172,2,247,44.75,1.0,8.01325096248545,True,2,2,3,7,At Risk,1,Growth Potential
17513,United Kingdom,2011-09-28 16:42:00,2011-09-28 16:42:00,73,1,513.2,513.2,254,1,73,0.0,0.0,0.0,False,2,2,3,7,At Risk,4,Recent Starters
17805,United Kingdom,2011-09-27 11:49:00,2011-09-27 11:49:00,74,1,512.31,512.31,478,1,74,0.0,0.0,0.0,False,2,2,3,7,At Risk,4,Recent Starters
17480,United Kingdom,2011-09-23 11:39:00,2011-09-23 11:39:00,78,1,511.82,511.82,338,1,78,5.3100000000000005,1.0,1.0268211088120975,False,2,2,3,7,At Risk,0,Lapsed
12582,Finland,2011-02-24 11:42:00,2011-04-15 08:45:00,239,2,511.36,255.68,300,2,289,0.0,0.0,0.0,True,1,2,3,6,At Risk,0,Lapsed
14851,United Kingdom,2011-03-28 14:59:00,2011-11-16 14:20:00,24,2,511.35,255.675,325,2,257,0.0,0.0,0.0,True,4,3,3,10,Potential Loyalists,4,Recent Starters
16561,United Kingdom,2011-10-11 09:53:00,2011-12-04 11:50:00,6,2,511.12,255.56,244,2,60,0.0,0.0,0.0,True,5,3,3,11,Potential Loyalists,4,Recent Starters
15406,United Kingdom,2011-02-11 16:19:00,2011-11-08 13:22:00,32,2,510.71000000000004,255.35500000000002,254,2,302,84.1,2.0,14.138968746322353,True,4,3,3,10,Potential Loyalists,4,Recent Starters
12904,United Kingdom,2011-06-20 13:18:00,2011-11-21 14:34:00,19,2,509.58,254.79,302,2,173,0.0,0.0,0.0,True,4,2,3,9,Potential Loyalists,4,Recent Starters
12436,Norway,2011-09-01 12:09:00,2011-09-01 12:09:00,100,1,509.01,509.01,211,1,100,0.0,0.0,0.0,False,2,1,3,6,At Risk,0,Lapsed
16898,United Kingdom,2010-12-06 12:23:00,2011-11-13 15:44:00,27,3,508.81,169.60333333333332,419,3,369,64.35,1.0,11.227231488589572,True,4,4,3,11,Loyal,4,Recent Starters
15417,United Kingdom,2011-09-15 15:26:00,2011-09-15 15:26:00,86,1,508.8,508.8,284,1,86,0.0,0.0,0.0,False,2,1,3,6,At Risk,0,Lapsed
17391,United Kingdom,2011-06-28 12:21:00,2011-06-29 09:58:00,164,2,508.8,254.4,480,1,165,0.0,0.0,0.0,True,2,3,3,8,At Risk,1,Growth Potential
14317,United Kingdom,2011-10-06 10:44:00,2011-10-06 10:44:00,65,1,508.58000000000004,508.58000000000004,255,1,65,0.0,0.0,0.0,False,3,1,3,7,Occasional,4,Recent Starters
17958,United Kingdom,2011-08-15 12:19:00,2011-08-15 12:19:00,117,1,508.4599999999999,508.4599999999999,84,1,117,0.0,0.0,0.0,False,2,2,3,7,At Risk,0,Lapsed
17415,United Kingdom,2011-09-21 12:50:00,2011-09-21 12:50:00,80,1,507.84,507.84,114,1,80,0.0,0.0,0.0,False,2,2,3,7,At Risk,0,Lapsed
14158,United Kingdom,2011-10-30 15:08:00,2011-10-30 15:08:00,41,1,507.66,507.66,781,1,41,0.0,0.0,0.0,False,3,1,3,7,Occasional,4,Recent Starters
14820,United Kingdom,2011-06-19 14:56:00,2011-11-18 15:41:00,22,4,507.29,126.8225,253,3,174,0.0,0.0,0.0,True,4,4,3,11,Loyal,3,Core Regulars
15721,United Kingdom,2011-11-28 12:14:00,2011-11-28 12:14:00,12,1,507.08,507.08,409,1,12,0.0,0.0,0.0,False,5,1,3,9,New Customers,4,Recent Starters
16960,United Kingdom,2011-04-01 11:54:00,2011-11-01 11:35:00,39,3,507.05,169.01666666666668,304,3,253,0.0,0.0,0.0,True,3,4,3,10,Loyal,4,Recent Starters
13885,United Kingdom,2011-05-23 08:52:00,2011-06-03 15:07:00,190,2,506.8,253.4,182,2,201,0.0,0.0,0.0,True,1,2,3,6,At Risk,1,Growth Potential
16614,United Kingdom,2011-06-10 11:36:00,2011-06-10 11:36:00,183,1,506.19,506.19,223,1,183,0.0,0.0,0.0,False,1,2,3,6,At Risk,0,Lapsed
14014,United Kingdom,2011-09-23 13:18:00,2011-09-23 13:18:00,78,1,505.18,505.18,1076,1,78,0.0,0.0,0.0,False,2,1,3,6,At Risk,0,Lapsed
15081,United Kingdom,2010-12-07 16:20:00,2011-11-17 17:08:00,23,5,504.8,100.96000000000001,190,5,368,17.45,1.0,3.341311632359981,True,4,4,3,11,Loyal,3,Core Regulars
12991,United Kingdom,2011-08-19 14:39:00,2011-11-16 15:34:00,24,2,503.76,251.88,405,2,113,0.0,0.0,0.0,True,4,2,3,9,Potential Loyalists,4,Recent Starters
17630,United Kingdom,2011-04-21 14:03:00,2011-06-23 11:58:00,170,2,503.59999999999997,251.79999999999998,158,2,233,0.0,0.0,0.0,True,2,3,3,8,At Risk,1,Growth Potential
16863,United Kingdom,2010-12-08 08:58:00,2011-11-08 15:26:00,32,2,502.8,251.4,409,2,367,21.45,2.0,4.091559370529327,True,4,3,3,10,Potential Loyalists,4,Recent Starters
15006,United Kingdom,2011-10-19 15:08:00,2011-10-19 15:08:00,52,1,502.09,502.09,302,1,52,0.0,0.0,0.0,False,3,1,3,7,Occasional,4,Recent Starters
13865,United Kingdom,2011-02-23 12:04:00,2011-10-12 13:31:00,59,4,501.56,125.39,204,4,290,0.0,0.0,0.0,True,3,4,3,10,Loyal,1,Growth Potential
15881,United Kingdom,2010-12-10 13:32:00,2011-01-31 16:59:00,313,5,501.39000000000004,100.278,260,2,365,63.15,3.0,11.186098416409818,True,1,4,3,8,At Risk,1,Growth Potential
13116,United Kingdom,2011-07-24 14:33:00,2011-07-24 14:33:00,139,1,501.14,501.14,291,1,139,15.95,1.0,3.084569417316134,False,2,1,3,6,At Risk,0,Lapsed
13247,United Kingdom,2011-09-18 11:31:00,2011-11-22 10:59:00,18,4,501.12,125.28,328,3,83,0.0,0.0,0.0,True,4,4,3,11,Loyal,3,Core Regulars
16616,United Kingdom,2011-07-05 13:38:00,2011-11-24 16:31:00,16,2,500.42,250.21,370,2,158,0.0,0.0,0.0,True,4,3,3,10,Potential Loyalists,4,Recent Starters
15389,United Kingdom,2011-06-20 16:18:00,2011-06-20 16:18:00,173,1,500.0,500.0,400,1,173,0.0,0.0,0.0,False,2,1,3,6,At Risk,0,Lapsed
14958,United Kingdom,2011-04-08 11:28:00,2011-07-15 14:20:00,148,3,499.68,166.56,129,3,246,0.0,0.0,0.0,True,2,3,3,8,At Risk,1,Growth Potential
14077,United Kingdom,2011-03-10 15:52:00,2011-10-30 12:35:00,41,5,499.41999999999996,99.88399999999999,268,5,275,0.0,0.0,0.0,True,3,4,3,10,Loyal,1,Growth Potential
15193,United Kingdom,2011-10-10 08:23:00,2011-10-10 08:23:00,61,1,499.32,499.32,144,1,61,0.0,0.0,0.0,False,3,1,3,7,Occasional,4,Recent Starters
14681,United Kingdom,2011-05-12 10:45:00,2011-09-29 15:52:00,72,3,498.95,166.31666666666666,76,2,212,0.0,0.0,0.0,True,3,3,3,9,Occasional,1,Growth Potential
16488,United Kingdom,2011-07-14 11:46:00,2011-11-06 13:42:00,34,3,498.8,166.26666666666668,728,3,149,6.6,1.0,1.3058963197467353,True,3,4,3,10,Loyal,4,Recent Starters
15142,United Kingdom,2011-10-24 12:51:00,2011-10-24 12:51:00,47,1,498.74,498.74,365,1,47,0.0,0.0,0.0,False,3,1,3,7,Occasional,4,Recent Starters
17053,United Kingdom,2011-08-01 10:23:00,2011-08-01 10:23:00,131,1,498.48,498.48,122,1,131,2.1,1.0,0.41951336449718324,False,2,2,3,7,At Risk,0,Lapsed
17298,United Kingdom,2011-08-07 12:21:00,2011-08-30 16:43:00,102,2,498.42,249.21,387,1,125,0.0,0.0,0.0,True,2,3,3,8,At Risk,1,Growth Potential
16820,United Kingdom,2011-09-05 12:06:00,2011-09-05 12:06:00,96,1,497.61,497.61,307,1,96,0.0,0.0,0.0,False,2,2,3,7,At Risk,0,Lapsed
17495,United Kingdom,2011-11-01 12:06:00,2011-12-02 12:08:00,8,2,497.56,248.78,229,2,39,0.0,0.0,0.0,True,5,3,3,11,Potential Loyalists,4,Recent Starters
16368,United Kingdom,2011-11-11 15:08:00,2011-12-07 13:12:00,3,2,497.43,248.715,260,2,29,0.0,0.0,0.0,True,5,3,3,11,Potential Loyalists,4,Recent Starters
15300,United Kingdom,2011-10-06 17:08:00,2011-10-06 17:08:00,65,1,496.44,496.44,292,1,65,0.0,0.0,0.0,False,3,1,3,7,Occasional,4,Recent Starters
15018,United Kingdom,2010-12-07 10:47:00,2011-11-01 12:47:00,39,3,496.21000000000004,165.40333333333334,189,3,368,39.95,1.0,7.4511339898537745,True,3,3,3,9,Occasional,4,Recent Starters
17374,United Kingdom,2011-03-03 12:53:00,2011-05-05 09:05:00,219,2,495.77,247.885,85,2,282,0.0,0.0,0.0,True,1,3,3,7,At Risk,0,Lapsed
15448,United Kingdom,2011-01-31 10:42:00,2011-01-31 10:42:00,313,1,494.64,494.64,232,1,313,0.0,0.0,0.0,False,1,1,3,5,At Risk,0,Lapsed
16352,United Kingdom,2011-11-02 08:44:00,2011-11-22 10:32:00,18,2,494.44,247.22,300,1,38,0.0,0.0,0.0,True,4,3,3,10,Potential Loyalists,4,Recent Starters
17333,United Kingdom,2011-09-15 10:11:00,2011-09-15 10:11:00,86,1,494.25,494.25,375,1,86,0.0,0.0,0.0,False,2,2,3,7,At Risk,0,Lapsed
12763,Japan,2010-12-05 15:46:00,2011-07-24 14:12:00,139,2,494.08,247.04,316,2,370,0.0,0.0,0.0,True,2,2,3,7,At Risk,1,Growth Potential
15877,United Kingdom,2011-11-22 11:18:00,2011-12-08 11:53:00,2,2,493.28,246.64,371,2,18,52.5,1.0,9.619260507896955,True,5,3,3,11,Potential Loyalists,4,Recent Starters
13176,United Kingdom,2011-10-24 15:43:00,2011-10-24 15:43:00,47,1,492.84,492.84,453,1,47,0.0,0.0,0.0,False,3,1,3,7,Occasional,4,Recent Starters
14270,United Kingdom,2011-01-12 09:33:00,2011-01-12 09:33:00,332,1,492.65000000000003,492.65000000000003,197,1,332,0.0,0.0,0.0,False,1,1,3,5,At Risk,0,Lapsed
15507,United Kingdom,2011-06-21 11:19:00,2011-06-21 11:19:00,172,1,492.36,492.36,162,1,172,0.0,0.0,0.0,False,2,1,3,6,At Risk,0,Lapsed
13732,United Kingdom,2011-11-11 15:49:00,2011-11-11 15:49:00,29,1,491.86,491.86,498,1,29,0.0,0.0,0.0,False,4,1,3,8,Occasional,4,Recent Starters
14236,United Kingdom,2010-12-02 18:49:00,2011-09-20 09:13:00,81,2,490.86,245.43,310,2,373,0.0,0.0,0.0,True,2,3,3,8,At Risk,1,Growth Potential
15000,United Kingdom,2011-10-23 11:42:00,2011-10-23 11:42:00,48,1,490.52,490.52,218,1,48,0.0,0.0,0.0,False,3,1,3,7,Occasional,4,Recent Starters
14416,United Kingdom,2011-10-28 15:10:00,2011-11-17 15:22:00,23,2,490.22,245.11,326,2,43,0.0,0.0,0.0,True,4,3,3,10,Potential Loyalists,4,Recent Starters
18074,United Kingdom,2010-12-01 09:53:00,2010-12-01 09:53:00,374,1,489.6,489.6,190,1,374,0.0,0.0,0.0,False,1,2,2,5,Hibernating,0,Lapsed
12809,Portugal,2011-06-15 10:51:00,2011-06-15 10:51:00,178,1,489.31,489.31,220,1,178,4.95,1.0,1.0014971877149679,False,2,1,2,5,Hibernating,0,Lapsed
17361,United Kingdom,2011-02-21 09:55:00,2011-10-21 15:43:00,50,3,488.2,162.73333333333332,157,3,292,0.0,0.0,0.0,True,3,4,2,9,Loyal,1,Growth Potential
14396,United Kingdom,2010-12-03 15:19:00,2011-10-05 16:09:00,66,2,487.99,243.995,225,2,372,0.0,0.0,0.0,True,3,3,2,8,Occasional,1,Growth Potential
15165,United Kingdom,2010-12-01 14:03:00,2010-12-01 14:03:00,374,1,487.75,487.75,160,1,374,0.0,0.0,0.0,False,1,1,2,4,Hibernating,0,Lapsed
16643,United Kingdom,2011-04-08 08:24:00,2011-04-08 08:24:00,246,1,487.51,487.51,269,1,246,0.0,0.0,0.0,False,1,2,2,5,Hibernating,0,Lapsed
13338,United Kingdom,2011-07-05 09:06:00,2011-07-05 09:06:00,158,1,487.02,487.02,256,1,158,55.2,2.0,10.180369591678653,False,2,1,2,5,Hibernating,0,Lapsed
13675,United Kingdom,2011-02-28 12:14:00,2011-07-11 12:57:00,152,2,486.82000000000005,243.41000000000003,330,2,285,0.0,0.0,0.0,True,2,2,2,6,Hibernating,1,Growth Potential
17453,United Kingdom,2011-10-06 17:02:00,2011-11-22 09:42:00,18,2,486.71999999999997,243.35999999999999,219,2,65,0.0,0.0,0.0,True,4,3,2,9,Potential Loyalists,4,Recent Starters
15287,United Kingdom,2011-09-30 12:30:00,2011-11-17 15:34:00,23,2,486.69,243.345,433,2,71,1.45,1.0,0.2970459294464703,True,4,3,2,9,Potential Loyalists,4,Recent Starters
13153,United Kingdom,2011-12-04 12:14:00,2011-12-04 12:14:00,6,1,486.22,486.22,418,1,6,0.0,0.0,0.0,False,5,1,2,8,New Customers,4,Recent Starters
12639,Sweden,2011-04-15 12:48:00,2011-04-15 12:48:00,239,1,486.1,486.1,201,1,239,0.0,0.0,0.0,False,1,1,2,4,Hibernating,0,Lapsed
15109,United Kingdom,2011-04-08 09:58:00,2011-04-08 09:58:00,246,1,484.95,484.95,131,1,246,21.2,1.0,4.18848167539267,False,1,1,2,4,Hibernating,0,Lapsed
16999,United Kingdom,2011-09-26 15:43:00,2011-11-16 13:53:00,24,2,484.82,242.41,294,2,75,0.0,0.0,0.0,True,4,3,2,9,Potential Loyalists,4,Recent Starters
16504,United Kingdom,2011-11-14 15:18:00,2011-11-14 15:18:00,26,1,484.38,484.38,524,1,26,0.0,0.0,0.0,False,4,2,2,8,Potential Loyalists,4,Recent Starters
16518,United Kingdom,2011-02-28 16:36:00,2011-10-09 15:04:00,62,2,484.32,242.16,327,2,285,3.4,1.0,0.6971212991060445,True,3,3,2,8,Occasional,1,Growth Potential
14130,United Kingdom,2011-01-24 16:05:00,2011-01-24 16:05:00,320,1,483.86,483.86,258,1,320,0.0,0.0,0.0,False,1,1,2,4,Hibernating,0,Lapsed
13531,United Kingdom,2010-12-08 15:03:00,2011-05-18 16:56:00,206,2,483.8,241.9,174,2,367,0.0,0.0,0.0,True,1,2,2,5,Hibernating,0,Lapsed
12808,Portugal,2010-12-06 10:27:00,2011-11-03 10:05:00,37,3,483.65000000000003,161.21666666666667,188,3,369,0.0,0.0,0.0,True,3,3,2,8,Occasional,4,Recent Starters
14147,United Kingdom,2011-02-27 11:42:00,2011-09-22 18:10:00,79,2,483.4,241.7,108,2,286,15.0,1.0,3.009630818619583,True,2,3,2,7,At Risk,1,Growth Potential
17555,United Kingdom,2011-01-09 12:31:00,2011-11-20 12:22:00,20,2,483.26,241.63,349,2,335,0.0,0.0,0.0,True,4,3,2,9,Potential Loyalists,4,Recent Starters
14450,United Kingdom,2011-01-23 11:53:00,2011-06-12 10:46:00,181,3,483.25,161.08333333333334,241,3,321,0.0,0.0,0.0,True,1,3,2,6,At Risk,1,Growth Potential
16603,United Kingdom,2011-09-09 13:02:00,2011-09-26 10:06:00,75,2,482.47,241.235,480,1,92,0.0,0.0,0.0,True,2,3,2,7,At Risk,1,Growth Potential
17950,United Kingdom,2010-12-09 15:16:00,2011-09-28 15:18:00,73,3,482.2,160.73333333333332,366,2,366,10.08,1.0,2.0476151783537824,True,2,4,2,8,At Risk,1,Growth Potential
12504,Germany,2011-11-09 14:56:00,2011-11-21 16:02:00,19,2,482.04999999999995,241.02499999999998,90,1,31,368.04999999999995,2.0,43.294906481590395,True,4,2,2,8,Potential Loyalists,4,Recent Starters
16693,United Kingdom,2011-03-13 11:06:00,2011-10-02 11:10:00,69,2,482.01,241.005,204,2,272,0.0,0.0,0.0,True,3,3,2,8,Occasional,1,Growth Potential
18216,United Kingdom,2011-11-08 16:55:00,2011-11-08 16:55:00,32,1,481.75,481.75,200,1,32,0.0,0.0,0.0,False,4,2,2,8,Potential Loyalists,4,Recent Starters
15091,United Kingdom,2011-10-03 12:47:00,2011-10-03 12:47:00,68,1,480.71,480.71,346,1,68,3.75,1.0,0.7740577137431367,False,3,1,2,6,Occasional,4,Recent Starters
16812,United Kingdom,2010-12-14 12:35:00,2010-12-14 12:35:00,361,1,479.35,479.35,81,1,361,0.0,0.0,0.0,False,1,2,2,5,Hibernating,0,Lapsed
16008,United Kingdom,2011-05-19 10:54:00,2011-11-16 10:32:00,24,3,478.78,159.59333333333333,323,3,205,0.0,0.0,0.0,True,4,4,2,10,Loyal,4,Recent Starters
15589,United Kingdom,2011-02-02 10:46:00,2011-03-29 09:54:00,256,3,478.53000000000003,159.51000000000002,243,2,311,21.95,1.0,4.385789641943734,True,1,3,2,6,At Risk,1,Growth Potential
16768,United Kingdom,2011-03-13 10:25:00,2011-10-23 10:38:00,48,3,478.09000000000003,159.36333333333334,196,3,272,20.05,2.0,4.024972899184967,True,3,4,2,9,Loyal,1,Growth Potential
12644,Germany,2011-08-02 10:33:00,2011-08-02 10:33:00,130,1,477.91,477.91,325,1,130,0.0,0.0,0.0,False,2,1,2,5,Hibernating,0,Lapsed
13092,United Kingdom,2010-12-15 12:27:00,2011-09-30 11:18:00,71,5,477.83,95.566,279,5,360,18.0,1.0,3.630276506060545,True,3,4,2,9,Loyal,1,Growth Potential
14320,United Kingdom,2011-01-11 09:12:00,2011-05-17 09:24:00,207,2,477.79,238.895,325,2,333,134.68,1.0,21.98964847257825,True,1,3,2,6,At Risk,0,Lapsed
12447,Belgium,2011-04-10 13:25:00,2011-04-10 13:25:00,244,1,476.49,476.49,190,1,244,0.0,0.0,0.0,False,1,1,2,4,Hibernating,0,Lapsed
18176,United Kingdom,2010-12-16 15:45:00,2010-12-16 15:45:00,359,1,476.35,476.35,283,1,359,27.7,1.0,5.495486558873128,False,1,2,2,5,Hibernating,0,Lapsed
14853,United Kingdom,2011-05-12 15:17:00,2011-11-15 16:56:00,25,2,475.8,237.9,82,2,212,12.75,1.0,2.6097635861221984,True,4,3,2,9,Potential Loyalists,4,Recent Starters
14497,United Kingdom,2011-02-03 17:01:00,2011-02-03 17:01:00,310,1,475.37,475.37,235,1,310,17.9,1.0,3.6288442435177486,False,1,1,2,4,Hibernating,0,Lapsed
15780,United Kingdom,2010-12-17 11:43:00,2011-06-09 12:01:00,184,3,475.28000000000003,158.42666666666668,220,3,358,0.0,0.0,0.0,True,1,4,2,7,At Risk,1,Growth Potential
15349,United Kingdom,2011-06-05 15:46:00,2011-07-04 16:06:00,159,2,473.81,236.905,327,2,188,0.0,0.0,0.0,True,2,3,2,7,At Risk,1,Growth Potential
15557,United Kingdom,2011-11-11 12:46:00,2011-11-11 12:46:00,29,1,473.65000000000003,473.65000000000003,219,1,29,0.0,0.0,0.0,False,4,1,2,7,Occasional,4,Recent Starters
16374,United Kingdom,2011-03-22 13:46:00,2011-10-04 15:21:00,67,2,473.03000000000003,236.51500000000001,240,2,263,0.0,0.0,0.0,True,3,3,2,8,Occasional,1,Growth Potential
14013,United Kingdom,2011-03-09 08:59:00,2011-08-21 15:01:00,111,3,473.02,157.67333333333332,462,3,276,0.0,0.0,0.0,True,2,3,2,7,At Risk,1,Growth Potential
16038,United Kingdom,2011-05-22 11:29:00,2011-12-02 12:40:00,8,3,471.78000000000003,157.26000000000002,244,3,202,17.45,1.0,3.566829507593565,True,5,4,2,11,Loyal,4,Recent Starters
17964,United Kingdom,2010-12-02 13:32:00,2011-11-08 10:44:00,32,2,471.7,235.85,301,2,373,0.0,0.0,0.0,True,4,3,2,9,Potential Loyalists,4,Recent Starters
16885,United Kingdom,2010-12-17 17:23:00,2011-11-24 13:40:00,16,3,471.51,157.17,184,3,358,0.0,0.0,0.0,True,4,4,2,10,Loyal,4,Recent Starters
13066,United Kingdom,2011-11-07 17:06:00,2011-11-15 12:57:00,25,2,470.8,235.4,322,1,33,39.9,1.0,7.81280595261406,True,4,2,2,8,Potential Loyalists,4,Recent Starters
15963,United Kingdom,2011-10-25 13:05:00,2011-11-20 11:33:00,20,2,470.76,235.38,298,2,46,0.0,0.0,0.0,True,4,3,2,9,Potential Loyalists,4,Recent Starters
14431,United Kingdom,2011-02-10 10:40:00,2011-02-10 10:40:00,303,1,470.36,470.36,130,1,303,72.6,1.0,13.371150729335492,False,1,1,2,4,Hibernating,0,Lapsed
15471,United Kingdom,2011-12-07 14:12:00,2011-12-07 14:12:00,3,1,469.48,469.48,266,1,3,0.0,0.0,0.0,False,5,1,2,8,New Customers,4,Recent Starters
15026,United Kingdom,2011-03-07 13:45:00,2011-09-20 13:52:00,81,3,469.0,156.33333333333334,285,3,278,0.0,0.0,0.0,True,2,3,2,7,At Risk,1,Growth Potential
14896,United Kingdom,2010-12-09 12:24:00,2011-05-19 10:20:00,205,2,468.77000000000004,234.38500000000002,279,2,366,0.0,0.0,0.0,True,1,3,2,6,At Risk,0,Lapsed
13171,United Kingdom,2011-02-13 14:16:00,2011-11-18 10:27:00,22,3,468.41,156.13666666666668,229,3,300,41.6,2.0,8.156702809748827,True,4,3,2,9,Potential Loyalists,4,Recent Starters
14335,Germany,2011-09-04 13:07:00,2011-11-23 13:41:00,17,2,468.26,234.13,379,2,97,0.0,0.0,0.0,True,4,3,2,9,Potential Loyalists,4,Recent Starters
14029,United Kingdom,2011-07-18 16:57:00,2011-10-07 14:46:00,64,2,467.66,233.83,198,2,145,0.0,0.0,0.0,True,3,3,2,8,Occasional,1,Growth Potential
15468,United Kingdom,2011-10-19 13:38:00,2011-10-19 13:49:00,52,2,467.51,233.755,155,1,52,29.05,3.0,5.850249718060255,True,3,3,2,8,Occasional,4,Recent Starters
13579,United Kingdom,2010-12-05 16:10:00,2011-11-25 08:41:00,15,2,467.04,233.52,176,2,370,0.0,0.0,0.0,True,4,2,2,8,Potential Loyalists,4,Recent Starters
14205,United Kingdom,2011-03-20 15:07:00,2011-11-23 10:55:00,17,2,466.7,233.35,204,2,265,247.92000000000002,2.0,34.69256388010411,True,4,3,2,9,Potential Loyalists,4,Recent Starters
13248,United Kingdom,2011-06-03 13:05:00,2011-08-07 12:40:00,125,2,465.68,232.84,305,2,190,0.0,0.0,0.0,True,2,2,2,6,Hibernating,1,Growth Potential
15036,United Kingdom,2011-06-13 12:19:00,2011-09-28 15:42:00,73,3,465.55,155.18333333333334,327,2,180,0.0,0.0,0.0,True,2,3,2,7,At Risk,1,Growth Potential
17140,United Kingdom,2011-04-06 13:33:00,2011-04-06 13:33:00,248,1,465.32,465.32,302,1,248,0.0,0.0,0.0,False,1,2,2,5,Hibernating,0,Lapsed
16742,United Kingdom,2011-10-24 12:02:00,2011-10-24 12:02:00,47,1,464.9,464.9,1,1,47,464.9,1.0,50.0,False,3,2,2,7,Occasional,4,Recent Starters
13928,United Kingdom,2011-07-29 15:59:00,2011-11-29 10:33:00,11,4,464.57,116.1425,129,3,134,0.0,0.0,0.0,True,5,4,2,11,Loyal,3,Core Regulars
16586,United Kingdom,2011-04-05 09:32:00,2011-04-05 09:32:00,249,1,463.95,463.95,95,1,249,0.0,0.0,0.0,False,1,2,2,5,Hibernating,0,Lapsed
14967,United Kingdom,2011-10-21 11:06:00,2011-10-21 11:06:00,50,1,463.8,463.8,140,1,50,0.0,0.0,0.0,False,3,1,2,6,Occasional,4,Recent Starters
12787,Netherlands,2011-05-31 09:36:00,2011-11-30 08:44:00,10,3,463.66,154.55333333333334,261,3,193,0.0,0.0,0.0,True,5,3,2,10,Potential Loyalists,4,Recent Starters
17418,United Kingdom,2011-01-20 11:39:00,2011-10-28 13:00:00,43,2,463.46000000000004,231.73000000000002,289,2,324,0.0,0.0,0.0,True,3,3,2,8,Occasional,4,Recent Starters
14489,United Kingdom,2011-05-16 14:51:00,2011-05-16 14:51:00,208,1,463.38,463.38,299,1,208,0.0,0.0,0.0,False,1,1,2,4,Hibernating,0,Lapsed
12945,United Kingdom,2011-02-24 14:15:00,2011-02-24 14:15:00,289,1,462.95,462.95,165,1,289,0.0,0.0,0.0,False,1,1,2,4,Hibernating,0,Lapsed
14331,United Kingdom,2011-07-27 15:14:00,2011-08-07 13:17:00,125,2,462.65999999999997,231.32999999999998,252,2,136,0.0,0.0,0.0,True,2,3,2,7,At Risk,1,Growth Potential
14470,United Kingdom,2011-02-25 11:56:00,2011-11-28 10:31:00,12,2,461.19,230.595,193,2,288,0.0,0.0,0.0,True,5,3,2,10,Potential Loyalists,4,Recent Starters
12391,Cyprus,2011-11-18 12:07:00,2011-11-18 12:07:00,22,1,460.89,460.89,300,1,22,0.0,0.0,0.0,False,4,1,2,7,Occasional,4,Recent Starters
16824,United Kingdom,2011-06-28 13:36:00,2011-11-24 12:38:00,16,2,460.64,230.32,236,2,165,0.0,0.0,0.0,True,4,3,2,9,Potential Loyalists,4,Recent Starters
16805,United Kingdom,2010-12-14 13:35:00,2011-06-19 11:23:00,174,2,460.59,230.295,539,2,361,0.0,0.0,0.0,True,2,3,2,7,At Risk,0,Lapsed
12491,France,2011-11-01 12:18:00,2011-11-01 12:18:00,39,1,460.40000000000003,460.40000000000003,260,1,39,0.0,0.0,0.0,False,3,1,2,6,Occasional,4,Recent Starters
12355,Bahrain,2011-05-09 13:49:00,2011-05-09 13:49:00,215,1,459.4,459.4,240,1,215,0.0,0.0,0.0,False,1,1,2,4,Hibernating,0,Lapsed
16589,United Kingdom,2011-07-01 13:31:00,2011-09-29 14:50:00,72,3,459.24,153.08,368,3,162,0.0,0.0,0.0,True,3,4,2,9,Loyal,1,Growth Potential
17880,United Kingdom,2010-12-10 10:21:00,2010-12-10 10:21:00,365,1,458.92,458.92,314,1,365,0.0,0.0,0.0,False,1,2,2,5,Hibernating,0,Lapsed
15754,United Kingdom,2011-04-07 12:24:00,2011-10-19 14:40:00,52,3,458.57,152.85666666666665,199,3,247,2.9,1.0,0.6284265499382409,True,3,3,2,8,Occasional,1,Growth Potential
13506,United Kingdom,2010-12-05 12:15:00,2011-01-27 13:53:00,317,2,458.52,229.26,324,2,370,5.7,1.0,1.2278660979707898,True,1,2,2,5,Hibernating,0,Lapsed
17392,United Kingdom,2010-12-16 19:04:00,2011-02-06 12:48:00,307,2,457.91,228.955,320,2,359,0.0,0.0,0.0,True,1,3,2,6,At Risk,0,Lapsed
15092,United Kingdom,2011-03-01 12:24:00,2011-05-08 14:10:00,216,2,457.81,228.905,135,2,284,0.0,0.0,0.0,True,1,3,2,6,At Risk,0,Lapsed
15121,United Kingdom,2011-02-24 12:41:00,2011-10-20 14:51:00,51,2,457.72,228.86,199,2,289,0.0,0.0,0.0,True,3,3,2,8,Occasional,4,Recent Starters
12375,Finland,2011-09-02 14:23:00,2011-11-29 10:36:00,11,2,457.5,228.75,178,2,99,2.08,1.0,0.45258714478436834,True,5,2,2,9,Potential Loyalists,4,Recent Starters
13398,United Kingdom,2011-05-31 13:17:00,2011-05-31 13:17:00,193,1,457.34,457.34,281,1,193,0.0,0.0,0.0,False,1,1,2,4,Hibernating,0,Lapsed
12564,France,2011-03-23 14:55:00,2011-03-23 14:55:00,262,1,456.9,456.9,133,1,262,0.0,0.0,0.0,False,1,1,2,4,Hibernating,0,Lapsed
12999,United Kingdom,2011-04-08 10:26:00,2011-05-27 13:24:00,197,3,455.88,151.96,342,2,246,0.0,0.0,0.0,True,1,3,2,6,At Risk,1,Growth Potential
14513,United Kingdom,2011-02-24 09:36:00,2011-08-31 11:25:00,101,3,455.59000000000003,151.86333333333334,361,3,289,17.1,1.0,3.617592925596057,True,2,3,2,7,At Risk,1,Growth Potential
15585,United Kingdom,2011-06-16 08:38:00,2011-06-16 08:38:00,177,1,455.3,455.3,320,1,177,0.0,0.0,0.0,False,2,1,2,5,Hibernating,0,Lapsed
16529,United Kingdom,2011-06-02 17:23:00,2011-06-02 17:23:00,191,1,455.25,455.25,198,1,191,0.0,0.0,0.0,False,1,2,2,5,Hibernating,0,Lapsed
13485,United Kingdom,2011-04-20 13:58:00,2011-04-20 13:58:00,234,1,454.24,454.24,277,1,234,0.0,0.0,0.0,False,1,1,2,4,Hibernating,0,Lapsed
15475,United Kingdom,2011-09-23 15:20:00,2011-09-23 15:20:00,78,1,454.10999999999996,454.10999999999996,319,1,78,0.0,0.0,0.0,False,2,1,2,5,Hibernating,0,Lapsed
17564,United Kingdom,2011-09-20 14:00:00,2011-11-15 13:27:00,25,3,454.01,151.33666666666667,146,3,81,0.0,0.0,0.0,True,4,4,2,10,Loyal,4,Recent Starters
18158,United Kingdom,2011-09-12 09:03:00,2011-11-30 16:19:00,10,2,453.4,226.7,354,2,89,1.65,1.0,0.36259751675640045,True,5,3,2,10,Potential Loyalists,4,Recent Starters
12729,France,2011-08-18 11:40:00,2011-08-18 11:40:00,114,1,453.01,453.01,233,1,114,0.0,0.0,0.0,False,2,1,2,5,Hibernating,0,Lapsed
18071,United Kingdom,2010-12-09 10:33:00,2011-03-27 11:59:00,258,2,453.0,226.5,260,2,366,0.0,0.0,0.0,True,1,3,2,6,At Risk,0,Lapsed
14184,United Kingdom,2011-10-04 12:43:00,2011-10-04 12:43:00,67,1,452.89,452.89,127,1,67,0.0,0.0,0.0,False,3,1,2,6,Occasional,4,Recent Starters
12591,Italy,2011-01-26 14:35:00,2011-01-26 14:35:00,318,1,452.84999999999997,452.84999999999997,228,1,318,0.0,0.0,0.0,False,1,1,2,4,Hibernating,0,Lapsed
12970,United Kingdom,2011-01-21 14:04:00,2011-12-02 14:30:00,8,4,452.24,113.06,310,2,323,0.0,0.0,0.0,True,5,4,2,11,Loyal,3,Core Regulars
16574,United Kingdom,2011-09-29 13:39:00,2011-09-29 13:39:00,72,1,451.44,451.44,416,1,72,0.0,0.0,0.0,False,3,2,2,7,Occasional,4,Recent Starters
15802,United Kingdom,2011-07-20 11:38:00,2011-07-20 11:38:00,143,1,451.42,451.42,1,1,143,902.84,2.0,66.66666666666667,False,2,2,2,6,Hibernating,0,Lapsed
14173,United Kingdom,2011-05-04 14:03:00,2011-11-29 11:54:00,11,4,450.84,112.71,150,3,220,0.0,0.0,0.0,True,5,4,2,11,Loyal,3,Core Regulars
17040,United Kingdom,2011-07-25 10:19:00,2011-07-25 10:19:00,138,1,449.73,449.73,181,1,138,0.0,0.0,0.0,False,2,2,2,6,Hibernating,0,Lapsed
13489,United Kingdom,2011-02-18 10:42:00,2011-08-26 13:16:00,106,4,449.52,112.38,560,3,295,0.0,0.0,0.0,True,2,4,2,8,At Risk,1,Growth Potential
12448,Spain,2011-10-26 13:46:00,2011-10-26 13:46:00,45,1,449.45,449.45,243,1,45,0.0,0.0,0.0,False,3,1,2,6,Occasional,4,Recent Starters
15739,United Kingdom,2011-10-04 13:42:00,2011-10-04 13:42:00,67,1,449.12,449.12,472,1,67,0.0,0.0,0.0,False,3,1,2,6,Occasional,4,Recent Starters
17579,United Kingdom,2011-06-13 14:12:00,2011-12-05 12:28:00,5,3,448.90000000000003,149.63333333333335,258,3,180,8.7,1.0,1.9012237762237758,True,5,4,2,11,Loyal,4,Recent Starters
14780,United Kingdom,2011-09-21 15:15:00,2011-10-16 12:46:00,55,2,447.68,223.84,310,2,80,0.0,0.0,0.0,True,3,3,2,8,Occasional,4,Recent Starters
15646,United Kingdom,2010-12-02 16:59:00,2011-07-05 09:53:00,158,3,447.64000000000004,149.21333333333334,394,3,373,22.5,1.0,4.7858084825796565,True,2,3,2,7,At Risk,1,Growth Potential
15456,United Kingdom,2010-12-15 15:34:00,2011-03-01 13:51:00,284,3,447.22,149.07333333333335,660,2,360,0.0,0.0,0.0,True,1,3,2,6,At Risk,1,Growth Potential
15368,United Kingdom,2011-11-18 14:42:00,2011-11-18 14:42:00,22,1,446.94000000000005,446.94000000000005,230,1,22,0.0,0.0,0.0,False,4,1,2,7,Occasional,4,Recent Starters
15889,United Kingdom,2010-12-05 15:12:00,2011-07-06 11:10:00,157,2,446.87,223.435,215,2,370,0.0,0.0,0.0,True,2,3,2,7,At Risk,0,Lapsed
14149,United Kingdom,2011-05-03 09:44:00,2011-05-03 09:44:00,221,1,446.62,446.62,218,1,221,187.19,2.0,29.534087502563864,False,1,1,2,4,Hibernating,0,Lapsed
17370,United Kingdom,2011-06-23 11:50:00,2011-09-28 10:14:00,73,4,446.18,111.545,540,2,170,0.0,0.0,0.0,True,2,4,2,8,At Risk,1,Growth Potential
17190,United Kingdom,2011-05-16 15:29:00,2011-10-12 11:33:00,59,2,444.74,222.37,161,2,208,195.0,1.0,30.481132960265107,True,3,3,2,8,Occasional,4,Recent Starters
18006,United Kingdom,2011-11-16 16:52:00,2011-11-16 16:52:00,24,1,444.68,444.68,220,1,24,0.0,0.0,0.0,False,4,2,2,8,Potential Loyalists,4,Recent Starters
14638,United Kingdom,2011-10-20 10:10:00,2011-10-20 10:10:00,51,1,443.6,443.6,166,1,51,0.0,0.0,0.0,False,3,1,2,6,Occasional,4,Recent Starters
16404,United Kingdom,2011-09-30 14:55:00,2011-09-30 14:55:00,71,1,443.05,443.05,157,1,71,0.0,0.0,0.0,False,3,2,2,7,Occasional,4,Recent Starters
18222,United Kingdom,2011-09-08 10:45:00,2011-09-08 10:45:00,93,1,443.0,443.0,335,1,93,0.0,0.0,0.0,False,2,2,2,6,Hibernating,0,Lapsed
14093,United Kingdom,2011-11-27 16:27:00,2011-11-27 16:27:00,13,1,442.85,442.85,406,1,13,0.0,0.0,0.0,False,5,1,2,8,New Customers,4,Recent Starters
12579,France,2011-09-22 17:15:00,2011-09-22 17:15:00,79,1,440.42,440.42,285,1,79,29.7,2.0,6.317535948268527,False,2,1,2,5,Hibernating,0,Lapsed
15524,United Kingdom,2011-11-15 12:09:00,2011-11-15 12:09:00,25,1,440.0,440.0,4,1,25,0.0,0.0,0.0,False,4,1,2,7,Occasional,4,Recent Starters
14022,United Kingdom,2011-04-28 14:39:00,2011-04-28 14:39:00,226,1,440.0,440.0,487,1,226,0.0,0.0,0.0,False,1,1,2,4,Hibernating,0,Lapsed
18233,United Kingdom,2011-01-18 08:44:00,2011-01-18 08:44:00,326,1,440.0,440.0,4,1,326,0.0,0.0,0.0,False,1,2,2,5,Hibernating,0,Lapsed
13954,United Kingdom,2011-09-30 10:52:00,2011-12-08 12:50:00,2,2,439.92,219.96,150,2,71,61.33,1.0,12.235411471321695,True,5,3,2,10,Potential Loyalists,4,Recent Starters
16025,United Kingdom,2011-11-10 11:45:00,2011-11-10 11:45:00,30,1,439.65999999999997,439.65999999999997,338,1,30,0.0,0.0,0.0,False,4,2,2,8,Potential Loyalists,4,Recent Starters
13359,United Kingdom,2011-10-07 09:30:00,2011-10-07 09:30:00,64,1,439.56,439.56,161,1,64,8.3,1.0,1.8532577144643418,False,3,1,2,6,Occasional,4,Recent Starters
16968,United Kingdom,2011-08-24 10:51:00,2011-12-05 15:02:00,5,2,439.43,219.715,326,2,108,0.0,0.0,0.0,True,5,3,2,10,Potential Loyalists,4,Recent Starters
13358,United Kingdom,2011-03-16 11:52:00,2011-03-16 11:52:00,269,1,439.03,439.03,285,1,269,0.0,0.0,0.0,False,1,1,2,4,Hibernating,0,Lapsed
14272,United Kingdom,2011-03-30 13:57:00,2011-09-27 10:08:00,74,2,437.96,218.98,599,2,255,0.0,0.0,0.0,True,2,3,2,7,At Risk,1,Growth Potential
12552,Italy,2011-10-31 12:11:00,2011-11-01 10:02:00,39,2,437.82,218.91,88,2,40,0.0,0.0,0.0,True,3,2,2,7,Occasional,4,Recent Starters
16034,United Kingdom,2011-01-11 11:54:00,2011-05-27 16:17:00,197,3,437.7,145.9,242,2,333,0.0,0.0,0.0,True,1,4,2,7,At Risk,1,Growth Potential
12592,Germany,2011-05-10 13:44:00,2011-09-08 15:04:00,93,2,437.6,218.8,290,2,214,0.0,0.0,0.0,True,2,2,2,6,Hibernating,1,Growth Potential
15553,United Kingdom,2011-10-10 14:02:00,2011-10-10 14:02:00,61,1,437.23,437.23,451,1,61,0.0,0.0,0.0,False,3,1,2,6,Occasional,4,Recent Starters
16084,United Kingdom,2011-02-13 16:05:00,2011-02-13 16:05:00,300,1,436.18,436.18,216,1,300,0.0,0.0,0.0,False,1,2,2,5,Hibernating,0,Lapsed
15551,United Kingdom,2011-11-03 12:37:00,2011-11-03 12:37:00,37,1,436.06,436.06,218,1,37,0.0,0.0,0.0,False,3,1,2,6,Occasional,4,Recent Starters
16948,United Kingdom,2011-01-18 10:58:00,2011-07-24 12:46:00,139,3,435.02,145.00666666666666,1614,3,326,0.0,0.0,0.0,True,2,4,2,8,At Risk,1,Growth Potential
14910,United Kingdom,2011-10-16 11:06:00,2011-12-07 10:06:00,3,4,434.35,108.5875,238,3,55,44.489999999999995,3.0,9.291203742377409,True,5,4,2,11,Loyal,3,Core Regulars
14460,United Kingdom,2011-02-02 11:55:00,2011-08-21 14:19:00,111,3,434.34,144.78,881,3,311,51.0,1.0,10.508097416244283,True,2,3,2,7,At Risk,1,Growth Potential
12493,France,2011-05-26 14:53:00,2011-06-27 10:17:00,166,2,433.74,216.87,207,2,198,16.95,1.0,3.7608999534047793,True,2,2,2,6,Hibernating,0,Lapsed
17035,United Kingdom,2011-02-01 12:27:00,2011-04-08 11:23:00,246,2,433.53000000000003,216.76500000000001,229,2,312,45.2,1.0,9.441647692854009,True,1,3,2,6,At Risk,0,Lapsed
14157,United Kingdom,2011-02-27 13:04:00,2011-11-20 11:32:00,20,2,432.88,216.44,284,2,286,32.45,1.0,6.973545655771175,True,4,3,2,9,Potential Loyalists,4,Recent Starters
16236,United Kingdom,2011-09-22 14:10:00,2011-09-22 14:10:00,79,1,432.2,432.2,184,1,79,0.0,0.0,0.0,False,2,2,2,6,Hibernating,0,Lapsed
16881,United Kingdom,2011-10-04 10:33:00,2011-10-04 10:33:00,67,1,432.0,432.0,600,1,67,0.0,0.0,0.0,False,3,2,2,7,Occasional,4,Recent Starters
15976,United Kingdom,2011-05-03 17:12:00,2011-06-27 13:00:00,166,2,430.94,215.47,277,2,221,0.0,0.0,0.0,True,2,3,2,7,At Risk,0,Lapsed
18106,United Kingdom,2011-01-14 12:23:00,2011-01-14 12:23:00,330,1,430.7,430.7,128,1,330,0.0,0.0,0.0,False,1,2,2,5,Hibernating,0,Lapsed
12452,Switzerland,2011-11-23 08:05:00,2011-11-23 10:28:00,17,2,430.57,215.285,185,1,17,2.0,1.0,0.4623529139792404,True,4,2,2,8,Potential Loyalists,4,Recent Starters
13245,United Kingdom,2011-10-20 11:40:00,2011-10-20 11:40:00,51,1,430.5,430.5,125,1,51,0.0,0.0,0.0,False,3,1,2,6,Occasional,4,Recent Starters
12795,Portugal,2011-11-21 10:27:00,2011-11-21 10:27:00,19,1,430.48,430.48,68,1,19,0.0,0.0,0.0,False,4,1,2,7,Occasional,4,Recent Starters
12827,United Kingdom,2011-10-26 15:44:00,2011-12-04 12:17:00,6,3,430.15000000000003,143.38333333333335,197,3,45,0.0,0.0,0.0,True,5,3,2,10,Potential Loyalists,4,Recent Starters
14998,United Kingdom,2011-04-12 16:28:00,2011-06-22 17:30:00,171,2,429.87,214.935,270,2,242,0.0,0.0,0.0,True,2,3,2,7,At Risk,0,Lapsed
16884,United Kingdom,2011-11-02 10:16:00,2011-11-02 11:52:00,38,2,429.84000000000003,214.92000000000002,320,1,38,0.0,0.0,0.0,True,3,3,2,8,Occasional,4,Recent Starters
15450,United Kingdom,2011-11-09 17:11:00,2011-11-09 17:11:00,31,1,429.84,429.84,376,1,31,0.0,0.0,0.0,False,4,1,2,7,Occasional,4,Recent Starters
15230,United Kingdom,2011-04-13 11:04:00,2011-04-14 14:39:00,240,2,429.6,214.8,351,1,241,0.0,0.0,0.0,True,1,3,2,6,At Risk,0,Lapsed
13602,United Kingdom,2011-10-06 11:47:00,2011-10-06 11:47:00,65,1,428.89,428.89,267,1,65,0.0,0.0,0.0,False,3,1,2,6,Occasional,4,Recent Starters
15957,United Kingdom,2011-11-08 12:14:00,2011-11-08 12:14:00,32,1,428.89,428.89,211,1,32,0.0,0.0,0.0,False,4,2,2,8,Potential Loyalists,4,Recent Starters
16324,United Kingdom,2011-06-15 14:26:00,2011-08-03 12:58:00,129,3,428.68,142.89333333333335,282,2,178,0.0,0.0,0.0,True,2,4,2,8,At Risk,1,Growth Potential
17869,United Kingdom,2010-12-06 17:16:00,2011-08-24 16:16:00,108,5,428.18,85.636,111,4,369,0.0,0.0,0.0,True,2,4,2,8,At Risk,1,Growth Potential
15360,United Kingdom,2011-10-31 09:35:00,2011-10-31 09:35:00,40,1,427.93,427.93,223,1,40,0.0,0.0,0.0,False,3,1,2,6,Occasional,4,Recent Starters
12725,Italy,2010-12-03 15:45:00,2010-12-03 15:45:00,372,1,427.8,427.8,164,1,372,0.0,0.0,0.0,False,1,1,2,4,Hibernating,0,Lapsed
12403,Denmark,2011-10-21 10:51:00,2011-10-21 10:51:00,50,1,427.7,427.7,96,1,50,18.0,1.0,4.038590980480143,False,3,1,2,6,Occasional,4,Recent Starters
12740,France,2011-10-07 10:44:00,2011-10-07 10:44:00,64,1,427.6,427.6,342,1,64,0.0,0.0,0.0,False,3,1,2,6,Occasional,4,Recent Starters
12802,Netherlands,2011-06-06 09:36:00,2011-06-06 09:36:00,187,1,427.58,427.58,314,1,187,15.0,1.0,3.3892177685390212,False,1,1,2,4,Hibernating,0,Lapsed
15994,United Kingdom,2011-10-16 12:28:00,2011-10-16 12:28:00,55,1,427.07,427.07,177,1,55,0.0,0.0,0.0,False,3,2,2,7,Occasional,4,Recent Starters
17223,United Kingdom,2010-12-06 14:08:00,2011-02-02 15:57:00,311,2,426.79,213.395,112,2,369,0.0,0.0,0.0,True,1,3,2,6,At Risk,0,Lapsed
15930,United Kingdom,2011-10-03 14:52:00,2011-10-03 14:52:00,68,1,426.63,426.63,139,1,68,0.0,0.0,0.0,False,3,2,2,7,Occasional,4,Recent Starters
14288,United Kingdom,2011-05-10 13:22:00,2011-05-10 13:22:00,214,1,426.6,426.6,188,1,214,12.75,1.0,2.9020143393649707,False,1,1,2,4,Hibernating,0,Lapsed
15639,United Kingdom,2011-07-28 14:30:00,2011-07-28 14:30:00,135,1,425.32,425.32,323,1,135,0.0,0.0,0.0,False,2,1,2,5,Hibernating,0,Lapsed
16780,United Kingdom,2011-03-25 17:34:00,2011-08-31 16:09:00,101,2,425.19,212.595,271,2,260,0.0,0.0,0.0,True,2,3,2,7,At Risk,1,Growth Potential
17134,United Kingdom,2011-03-20 11:56:00,2011-08-25 09:53:00,107,2,425.0,212.5,102,2,265,0.0,0.0,0.0,True,2,3,2,7,At Risk,1,Growth Potential
17371,United Kingdom,2010-12-13 15:20:00,2011-11-22 13:30:00,18,3,423.89,141.29666666666665,152,2,362,0.0,0.0,0.0,True,4,4,2,10,Loyal,4,Recent Starters
13140,United Kingdom,2010-12-08 15:12:00,2011-08-23 15:33:00,109,3,423.72,141.24,186,2,367,0.0,0.0,0.0,True,2,3,2,7,At Risk,1,Growth Potential
16119,United Kingdom,2011-09-28 10:15:00,2011-12-01 15:11:00,9,2,423.36,211.68,240,2,73,0.0,0.0,0.0,True,5,3,2,10,Potential Loyalists,4,Recent Starters
15012,United Kingdom,2010-12-01 12:49:00,2011-10-17 12:22:00,54,2,423.04,211.52,231,2,374,0.0,0.0,0.0,True,3,3,2,8,Occasional,4,Recent Starters
18034,United Kingdom,2011-11-18 12:08:00,2011-11-18 12:22:00,22,2,422.88,211.44,561,1,22,0.0,0.0,0.0,True,4,3,2,9,Potential Loyalists,4,Recent Starters
17525,United Kingdom,2010-12-15 12:05:00,2010-12-15 12:05:00,360,1,422.70000000000005,422.70000000000005,82,1,360,0.0,0.0,0.0,False,1,2,2,5,Hibernating,0,Lapsed
13473,United Kingdom,2011-01-11 08:45:00,2011-10-10 11:20:00,61,2,422.64,211.32,266,2,333,5.1,1.0,1.1923130873895356,True,3,2,2,7,Occasional,4,Recent Starters
16689,United Kingdom,2011-09-18 13:29:00,2011-09-25 11:39:00,76,2,422.59999999999997,211.29999999999998,330,1,83,119.34,1.0,22.020887921172086,True,2,3,2,7,At Risk,1,Growth Potential
18240,United Kingdom,2011-10-24 13:06:00,2011-10-24 13:06:00,47,1,422.58,422.58,126,1,47,0.0,0.0,0.0,False,3,2,2,7,Occasional,4,Recent Starters
17232,United Kingdom,2011-11-25 12:24:00,2011-12-07 12:21:00,3,2,421.52,210.76,203,2,15,0.0,0.0,0.0,True,5,3,2,10,Potential Loyalists,4,Recent Starters
14757,United Kingdom,2011-09-25 14:36:00,2011-09-25 14:36:00,76,1,420.5,420.5,160,1,76,0.0,0.0,0.0,False,2,1,2,5,Hibernating,0,Lapsed
15206,United Kingdom,2011-03-09 08:59:00,2011-11-29 13:41:00,11,4,420.29999999999995,105.07499999999999,162,4,276,0.0,0.0,0.0,True,5,4,2,11,Loyal,3,Core Regulars
14124,United Kingdom,2011-09-16 13:32:00,2011-09-16 13:32:00,85,1,419.58000000000004,419.58000000000004,1618,1,85,0.0,0.0,0.0,False,2,1,2,5,Hibernating,0,Lapsed
15361,United Kingdom,2010-12-13 09:52:00,2010-12-13 09:52:00,362,1,418.92,418.92,336,1,362,0.0,0.0,0.0,False,1,1,2,4,Hibernating,0,Lapsed
15967,United Kingdom,2011-01-25 11:57:00,2011-11-16 15:41:00,24,2,418.83,209.415,211,2,319,0.0,0.0,0.0,True,4,3,2,9,Potential Loyalists,4,Recent Starters
12593,France,2011-05-05 09:29:00,2011-08-23 12:43:00,109,3,418.09999999999997,139.36666666666665,206,2,219,0.0,0.0,0.0,True,2,3,2,7,At Risk,1,Growth Potential
17701,United Kingdom,2011-04-01 12:25:00,2011-04-01 12:25:00,253,1,417.95,417.95,109,1,253,0.0,0.0,0.0,False,1,2,2,5,Hibernating,0,Lapsed
16629,United Kingdom,2011-09-04 16:12:00,2011-09-27 10:34:00,74,2,417.73,208.865,493,1,97,0.0,0.0,0.0,True,2,3,2,7,At Risk,1,Growth Potential
13615,United Kingdom,2011-01-25 08:21:00,2011-01-25 08:21:00,319,1,417.69,417.69,189,1,319,17.700000000000003,1.0,4.065320746916559,False,1,1,2,4,Hibernating,0,Lapsed
16737,United Kingdom,2011-10-17 13:03:00,2011-10-17 13:03:00,54,1,417.59999999999997,417.59999999999997,288,1,54,0.0,0.0,0.0,False,3,2,2,7,Occasional,4,Recent Starters
12833,United Kingdom,2011-07-17 13:46:00,2011-07-17 13:46:00,146,1,417.38,417.38,156,1,146,0.0,0.0,0.0,False,2,1,2,5,Hibernating,0,Lapsed
18001,United Kingdom,2011-09-14 11:21:00,2011-11-27 16:02:00,13,2,417.23,208.615,363,2,87,0.0,0.0,0.0,True,5,3,2,10,Potential Loyalists,4,Recent Starters
13166,United Kingdom,2011-03-01 15:16:00,2011-03-01 15:16:00,284,1,417.2,417.2,216,1,284,2.5,1.0,0.5956635692161067,False,1,1,2,4,Hibernating,0,Lapsed
16816,United Kingdom,2010-12-16 17:01:00,2011-08-28 14:16:00,104,4,417.06,104.265,274,4,359,0.0,0.0,0.0,True,2,4,2,8,At Risk,1,Growth Potential
13889,United Kingdom,2011-09-08 09:13:00,2011-09-08 09:13:00,93,1,416.90000000000003,416.90000000000003,146,1,93,0.0,0.0,0.0,False,2,1,2,5,Hibernating,0,Lapsed
15935,United Kingdom,2011-04-12 09:35:00,2011-04-14 13:27:00,240,2,416.86,208.43,115,1,242,0.0,0.0,0.0,True,1,3,2,6,At Risk,0,Lapsed
16957,United Kingdom,2011-03-03 09:25:00,2011-04-14 13:56:00,240,2,416.64,208.32,172,2,282,0.0,0.0,0.0,True,1,3,2,6,At Risk,0,Lapsed
13085,United Kingdom,2011-02-17 13:57:00,2011-07-05 12:11:00,158,2,416.08000000000004,208.04000000000002,216,2,296,143.7,1.0,25.670799242559575,True,2,2,2,6,Hibernating,0,Lapsed
15803,United Kingdom,2011-10-19 14:56:00,2011-10-19 14:56:00,52,1,415.82000000000005,415.82000000000005,290,1,52,0.0,0.0,0.0,False,3,2,2,7,Occasional,4,Recent Starters
14139,United Kingdom,2011-10-24 13:34:00,2011-10-24 13:34:00,47,1,415.82,415.82,510,1,47,0.0,0.0,0.0,False,3,1,2,6,Occasional,4,Recent Starters
12930,United Kingdom,2011-06-21 13:25:00,2011-09-22 15:18:00,79,2,415.8,207.9,252,2,172,5.9,2.0,1.3990988854635997,True,2,2,2,6,Hibernating,1,Growth Potential
12580,Germany,2011-04-07 10:24:00,2011-04-07 10:24:00,247,1,415.7,415.7,238,1,247,0.0,0.0,0.0,False,1,1,2,4,Hibernating,0,Lapsed
15725,United Kingdom,2011-11-24 14:51:00,2011-11-24 14:51:00,16,1,415.25,415.25,221,1,16,0.0,0.0,0.0,False,4,1,2,7,Occasional,4,Recent Starters
14333,United Kingdom,2011-10-03 10:38:00,2011-10-03 10:38:00,68,1,415.2,415.2,58,1,68,63.75,1.0,13.310366426558096,False,3,1,2,6,Occasional,4,Recent Starters
16795,United Kingdom,2010-12-09 14:08:00,2010-12-09 14:08:00,366,1,414.88,414.88,239,1,366,0.0,0.0,0.0,False,1,2,2,5,Hibernating,0,Lapsed
12993,United Kingdom,2011-02-14 14:29:00,2011-11-16 15:49:00,24,4,414.76,103.69,240,4,299,0.0,0.0,0.0,True,4,4,2,10,Loyal,4,Recent Starters
16239,United Kingdom,2011-06-03 09:30:00,2011-10-14 08:29:00,57,2,414.2,207.1,228,2,190,41.300000000000004,1.0,9.06695938529089,True,3,3,2,8,Occasional,4,Recent Starters
17483,United Kingdom,2011-06-09 19:40:00,2011-10-05 13:10:00,66,3,414.04,138.01333333333335,191,3,184,0.0,0.0,0.0,True,3,4,2,9,Loyal,1,Growth Potential
17052,United Kingdom,2011-11-11 14:50:00,2011-11-11 14:50:00,29,1,413.75,413.75,261,1,29,0.0,0.0,0.0,False,4,2,2,8,Potential Loyalists,4,Recent Starters
13974,United Kingdom,2011-10-21 14:41:00,2011-10-21 14:41:00,50,1,413.59000000000003,413.59000000000003,249,1,50,0.0,0.0,0.0,False,3,1,2,6,Occasional,4,Recent Starters
16834,United Kingdom,2011-04-26 09:37:00,2011-04-26 09:37:00,228,1,413.46,413.46,358,1,228,0.0,0.0,0.0,False,1,2,2,5,Hibernating,0,Lapsed
14620,United Kingdom,2011-03-01 08:30:00,2011-05-18 11:58:00,206,2,412.78000000000003,206.39000000000001,214,2,284,19.5,1.0,4.510965115203109,True,1,3,2,6,At Risk,0,Lapsed
13827,United Kingdom,2011-07-19 15:38:00,2011-10-13 12:38:00,58,3,412.05,137.35,141,2,144,0.0,0.0,0.0,True,3,3,2,8,Occasional,1,Growth Potential
15523,United Kingdom,2011-09-16 16:29:00,2011-09-16 16:29:00,85,1,412.01000000000005,412.01000000000005,132,1,85,0.0,0.0,0.0,False,2,1,2,5,Hibernating,0,Lapsed
16272,United Kingdom,2011-08-15 10:53:00,2011-08-15 10:54:00,117,1,411.7,411.7,224,1,117,0.0,0.0,0.0,False,2,2,2,6,Hibernating,0,Lapsed
17913,United Kingdom,2010-12-19 11:35:00,2011-10-12 10:45:00,59,2,411.6,205.8,289,2,356,0.0,0.0,0.0,True,3,3,2,8,Occasional,4,Recent Starters
14670,United Kingdom,2011-03-04 13:58:00,2011-03-04 14:13:00,281,2,411.53,205.765,337,1,281,0.0,0.0,0.0,True,1,3,2,6,At Risk,0,Lapsed
15186,United Kingdom,2011-06-24 14:54:00,2011-11-25 14:58:00,15,2,411.41,205.705,215,2,169,0.0,0.0,0.0,True,4,3,2,9,Potential Loyalists,4,Recent Starters
15099,United Kingdom,2011-09-16 13:13:00,2011-09-16 13:13:00,85,1,410.48,410.48,343,1,85,0.0,0.0,0.0,False,2,1,2,5,Hibernating,0,Lapsed
15695,United Kingdom,2011-03-18 08:31:00,2011-03-18 08:32:00,267,2,409.98,204.99,212,1,267,0.0,0.0,0.0,True,1,3,2,6,At Risk,0,Lapsed
14048,United Kingdom,2011-02-07 14:53:00,2011-02-07 14:53:00,306,1,409.93,409.93,288,1,306,34.8,1.0,7.824972455197535,False,1,1,2,4,Hibernating,0,Lapsed
14348,United Kingdom,2011-03-24 16:23:00,2011-03-24 16:23:00,261,1,409.57,409.57,183,1,261,0.0,0.0,0.0,False,1,1,2,4,Hibernating,0,Lapsed
12990,United Kingdom,2011-02-02 15:39:00,2011-11-08 13:01:00,32,3,409.5,136.5,200,3,311,0.0,0.0,0.0,True,4,3,2,9,Potential Loyalists,4,Recent Starters
15225,United Kingdom,2011-04-19 14:51:00,2011-04-19 14:51:00,235,1,409.40000000000003,409.40000000000003,226,1,235,0.0,0.0,0.0,False,1,1,2,4,Hibernating,0,Lapsed
16243,United Kingdom,2011-10-16 12:09:00,2011-11-06 12:32:00,34,2,409.1,204.55,110,2,55,0.0,0.0,0.0,True,3,3,2,8,Occasional,4,Recent Starters
16018,United Kingdom,2011-06-12 13:52:00,2011-10-31 14:13:00,40,2,408.90000000000003,204.45000000000002,190,2,181,0.0,0.0,0.0,True,3,3,2,8,Occasional,4,Recent Starters
15269,United Kingdom,2011-11-16 09:32:00,2011-11-16 09:32:00,24,1,408.8,408.8,26,1,24,0.0,0.0,0.0,False,4,1,2,7,Occasional,4,Recent Starters
16399,United Kingdom,2011-04-18 13:46:00,2011-11-20 16:12:00,20,2,408.57,204.285,264,2,236,0.0,0.0,0.0,True,4,3,2,9,Potential Loyalists,4,Recent Starters
17931,United Kingdom,2011-03-29 12:31:00,2011-07-28 18:33:00,135,2,408.36,204.18,249,2,256,0.0,0.0,0.0,True,2,3,2,7,At Risk,0,Lapsed
16010,United Kingdom,2010-12-12 12:18:00,2011-04-08 10:14:00,246,3,407.5,135.83333333333334,210,2,363,0.0,0.0,0.0,True,1,4,2,7,At Risk,1,Growth Potential
15184,United Kingdom,2011-06-02 12:06:00,2011-11-10 13:41:00,30,2,406.76,203.38,223,2,191,0.0,0.0,0.0,True,4,3,2,9,Potential Loyalists,4,Recent Starters
15127,United Kingdom,2011-10-05 10:30:00,2011-10-05 10:30:00,66,1,406.53,406.53,251,1,66,0.0,0.0,0.0,False,3,1,2,6,Occasional,4,Recent Starters
16947,United Kingdom,2011-04-18 09:38:00,2011-04-18 09:38:00,236,1,406.48,406.48,312,1,236,0.0,0.0,0.0,False,1,2,2,5,Hibernating,0,Lapsed
15342,United Kingdom,2011-08-02 10:19:00,2011-08-02 10:19:00,130,1,406.09,406.09,283,1,130,14.33,1.0,3.408496265639123,False,2,1,2,5,Hibernating,0,Lapsed
14616,United Kingdom,2011-01-26 12:42:00,2011-04-11 09:54:00,243,3,406.08000000000004,135.36,104,3,318,0.0,0.0,0.0,True,1,3,2,6,At Risk,1,Growth Potential
16204,United Kingdom,2011-11-16 13:40:00,2011-11-16 13:40:00,24,1,405.71,405.71,231,1,24,0.0,0.0,0.0,False,4,2,2,8,Potential Loyalists,4,Recent Starters
18036,United Kingdom,2011-04-08 11:26:00,2011-11-07 14:40:00,33,3,405.62,135.20666666666668,234,3,246,0.0,0.0,0.0,True,3,4,2,9,Loyal,4,Recent Starters
12922,United Kingdom,2011-07-01 15:35:00,2011-07-01 15:35:00,162,1,405.38,405.38,370,1,162,0.0,0.0,0.0,False,2,1,2,5,Hibernating,0,Lapsed
17379,United Kingdom,2011-11-28 13:56:00,2011-11-28 13:56:00,12,1,404.66,404.66,663,1,12,0.0,0.0,0.0,False,5,2,2,9,New Customers,4,Recent Starters
15938,United Kingdom,2011-01-20 10:11:00,2011-08-19 12:56:00,113,5,404.58,80.916,240,5,324,0.0,0.0,0.0,True,2,4,2,8,At Risk,1,Growth Potential
16319,United Kingdom,2011-05-06 11:27:00,2011-05-06 11:27:00,218,1,404.40000000000003,404.40000000000003,72,1,218,0.0,0.0,0.0,False,1,2,2,5,Hibernating,0,Lapsed
16484,United Kingdom,2011-06-02 10:39:00,2011-06-19 12:06:00,174,2,404.3,202.15,200,1,191,24.900000000000002,1.0,5.801491146318733,True,2,3,2,7,At Risk,0,Lapsed
12498,Germany,2011-10-13 09:30:00,2011-11-18 12:53:00,22,3,403.70000000000005,134.5666666666667,159,2,58,0.0,0.0,0.0,True,4,3,2,9,Potential Loyalists,4,Recent Starters
17431,United Kingdom,2011-01-30 14:36:00,2011-01-30 14:36:00,314,1,403.3,403.3,292,1,314,0.0,0.0,0.0,False,1,2,2,5,Hibernating,0,Lapsed
15221,United Kingdom,2010-12-08 13:08:00,2010-12-08 13:08:00,367,1,403.25,403.25,43,1,367,289.15,1.0,41.76054303870595,False,1,1,2,4,Hibernating,0,Lapsed
12386,Australia,2010-12-08 09:53:00,2011-01-06 12:37:00,338,2,401.9,200.95,354,2,367,0.0,0.0,0.0,True,1,2,2,5,Hibernating,0,Lapsed
15158,United Kingdom,2011-10-25 13:53:00,2011-10-25 13:53:00,46,1,401.40000000000003,401.40000000000003,198,1,46,0.0,0.0,0.0,False,3,1,2,6,Occasional,4,Recent Starters
16500,United Kingdom,2011-01-13 10:28:00,2011-12-05 12:04:00,5,6,400.86,66.81,123,3,331,0.0,0.0,0.0,True,5,5,2,12,Loyal,3,Core Regulars
16198,United Kingdom,2011-09-25 14:58:00,2011-09-25 14:58:00,76,1,400.68100000000004,400.68100000000004,129,1,76,0.0,0.0,0.0,False,2,2,2,6,Hibernating,0,Lapsed
12792,Portugal,2011-03-28 11:36:00,2011-03-28 11:36:00,257,1,400.53999999999996,400.53999999999996,217,1,257,0.0,0.0,0.0,False,1,1,2,4,Hibernating,0,Lapsed
17375,United Kingdom,2010-12-13 15:16:00,2011-05-24 15:45:00,200,3,400.1,133.36666666666667,367,3,362,27.6,1.0,6.453121346738367,True,1,4,2,7,At Risk,1,Growth Potential
18164,United Kingdom,2011-11-02 12:56:00,2011-11-02 12:56:00,38,1,399.65000000000003,399.65000000000003,184,1,38,4.95,1.0,1.2234305486900643,False,3,2,2,7,Occasional,4,Recent Starters
13255,United Kingdom,2010-12-01 11:58:00,2011-11-30 13:14:00,10,2,399.51,199.755,177,2,374,8.850000000000001,1.0,2.1672054069938294,True,5,2,2,9,Potential Loyalists,4,Recent Starters
18154,United Kingdom,2011-10-27 10:40:00,2011-12-06 16:41:00,4,2,399.19,199.595,255,2,44,0.0,0.0,0.0,True,5,3,2,10,Potential Loyalists,4,Recent Starters
15522,United Kingdom,2011-09-13 12:26:00,2011-11-07 11:26:00,33,2,398.84,199.42,573,2,88,0.0,0.0,0.0,True,4,3,2,9,Potential Loyalists,4,Recent Starters
17830,United Kingdom,2011-02-24 10:15:00,2011-12-08 12:28:00,2,3,398.7,132.9,92,3,289,0.0,0.0,0.0,True,5,4,2,11,Loyal,4,Recent Starters
12508,France,2011-11-10 16:27:00,2011-11-13 15:37:00,27,2,398.27,199.135,272,1,30,0.0,0.0,0.0,True,4,2,2,8,Potential Loyalists,4,Recent Starters
13352,United Kingdom,2011-10-10 13:55:00,2011-10-10 13:55:00,61,1,397.97999999999996,397.97999999999996,321,1,61,8.7,1.0,2.139274122159929,False,3,1,2,6,Occasional,4,Recent Starters
15429,United Kingdom,2011-09-25 13:42:00,2011-11-13 12:28:00,27,2,397.35,198.675,380,2,76,32.45,1.0,7.5500232666356455,True,4,3,2,9,Potential Loyalists,4,Recent Starters
17926,United Kingdom,2011-05-20 09:24:00,2011-07-29 14:39:00,134,2,397.29,198.645,306,2,204,0.0,0.0,0.0,True,2,3,2,7,At Risk,0,Lapsed
12824,United Kingdom,2011-10-11 12:49:00,2011-10-11 12:49:00,60,1,397.12,397.12,232,1,60,0.0,0.0,0.0,False,3,1,2,6,Occasional,4,Recent Starters
13594,United Kingdom,2011-10-18 10:19:00,2011-10-18 10:19:00,53,1,396.97,396.97,359,1,53,0.0,0.0,0.0,False,3,1,2,6,Occasional,4,Recent Starters
13673,United Kingdom,2011-11-07 15:40:00,2011-11-21 12:11:00,19,2,396.92,198.46,119,1,33,0.0,0.0,0.0,True,4,2,2,8,Potential Loyalists,4,Recent Starters
17486,United Kingdom,2011-03-23 14:00:00,2011-03-23 14:00:00,262,1,396.87,396.87,191,1,262,0.0,0.0,0.0,False,1,2,2,5,Hibernating,0,Lapsed
15883,United Kingdom,2011-11-06 14:50:00,2011-12-07 17:05:00,3,2,396.48,198.24,223,2,34,0.0,0.0,0.0,True,5,3,2,10,Potential Loyalists,4,Recent Starters
18067,United Kingdom,2011-10-30 15:58:00,2011-10-30 15:58:00,41,1,396.33,396.33,189,1,41,0.0,0.0,0.0,False,3,2,2,7,Occasional,4,Recent Starters
16354,United Kingdom,2011-09-27 16:28:00,2011-10-07 14:28:00,64,2,395.8,197.9,150,2,74,0.0,0.0,0.0,True,3,3,2,8,Occasional,4,Recent Starters
17603,United Kingdom,2011-09-22 14:18:00,2011-09-22 14:18:00,79,1,394.72,394.72,74,1,79,1560.02,4.0,79.80703316042032,False,2,2,2,6,Hibernating,0,Lapsed
14619,United Kingdom,2011-04-08 07:37:00,2011-04-08 07:37:00,246,1,394.44,394.44,152,1,246,14.93,1.0,3.647067445098566,False,1,1,2,4,Hibernating,0,Lapsed
16207,United Kingdom,2011-11-14 13:51:00,2011-11-14 13:51:00,26,1,394.38,394.38,140,1,26,0.0,0.0,0.0,False,4,2,2,8,Potential Loyalists,4,Recent Starters
15386,United Kingdom,2011-06-06 13:47:00,2011-06-06 13:47:00,187,1,394.14,394.14,446,1,187,0.0,0.0,0.0,False,1,1,2,4,Hibernating,0,Lapsed
15264,United Kingdom,2011-10-06 13:49:00,2011-10-06 13:49:00,65,1,393.74,393.74,265,1,65,0.0,0.0,0.0,False,3,1,2,6,Occasional,4,Recent Starters
15345,United Kingdom,2011-10-25 11:28:00,2011-10-25 11:28:00,46,1,393.54,393.54,81,1,46,25.85,1.0,6.163713965521352,False,3,1,2,6,Occasional,4,Recent Starters
17226,United Kingdom,2011-02-04 11:52:00,2011-02-04 11:52:00,309,1,393.49,393.49,406,1,309,0.0,0.0,0.0,False,1,2,2,5,Hibernating,0,Lapsed
14600,United Kingdom,2011-02-07 09:48:00,2011-02-07 09:48:00,306,1,393.33000000000004,393.33000000000004,125,1,306,0.0,0.0,0.0,False,1,1,2,4,Hibernating,0,Lapsed
15837,United Kingdom,2011-10-06 09:01:00,2011-10-06 09:01:00,65,1,391.98,391.98,189,1,65,0.0,0.0,0.0,False,3,2,2,7,Occasional,4,Recent Starters
16917,United Kingdom,2011-03-08 11:55:00,2011-03-08 11:55:00,277,1,391.52,391.52,232,1,277,0.0,0.0,0.0,False,1,2,2,5,Hibernating,0,Lapsed
12982,United Kingdom,2011-04-11 11:51:00,2011-04-11 11:51:00,243,1,390.54,390.54,288,1,243,13.34,1.0,3.3029612756264237,False,1,1,2,4,Hibernating,0,Lapsed
17614,United Kingdom,2011-10-13 16:01:00,2011-10-13 16:01:00,58,1,390.07,390.07,238,1,58,0.0,0.0,0.0,False,3,2,2,7,Occasional,4,Recent Starters
17936,United Kingdom,2011-12-04 13:32:00,2011-12-04 13:32:00,6,1,389.84,389.84,262,1,6,0.0,0.0,0.0,False,5,2,2,9,New Customers,4,Recent Starters
18024,United Kingdom,2011-07-10 12:28:00,2011-07-10 12:40:00,153,2,389.78,194.89,184,1,153,153.0,1.0,28.188216220199713,True,2,3,2,7,At Risk,0,Lapsed
14752,United Kingdom,2011-10-27 11:55:00,2011-10-27 11:55:00,44,1,389.64,389.64,260,1,44,0.0,0.0,0.0,False,3,1,2,6,Occasional,4,Recent Starters
13873,United Kingdom,2011-02-03 09:37:00,2011-08-12 10:08:00,120,3,389.6,129.86666666666667,140,3,310,7.9,1.0,1.9874213836477987,True,2,3,2,7,At Risk,1,Growth Potential
13345,United Kingdom,2011-02-25 09:01:00,2011-02-25 09:01:00,288,1,389.5,389.5,141,1,288,11.899999999999999,1.0,2.9646238166417533,False,1,1,2,4,Hibernating,0,Lapsed
16250,United Kingdom,2010-12-01 09:59:00,2011-03-23 15:07:00,262,2,389.44,194.72,208,2,374,0.0,0.0,0.0,True,1,3,2,6,At Risk,0,Lapsed
15847,United Kingdom,2011-02-24 16:46:00,2011-11-01 14:41:00,39,2,389.27,194.635,449,2,289,0.0,0.0,0.0,True,3,3,2,8,Occasional,4,Recent Starters
12690,France,2011-05-18 09:09:00,2011-05-18 09:09:00,206,1,389.01,389.01,106,1,206,0.0,0.0,0.0,False,1,1,2,4,Hibernating,0,Lapsed
17595,United Kingdom,2011-11-02 16:19:00,2011-11-27 16:08:00,13,2,388.79,194.395,229,1,38,0.0,0.0,0.0,True,5,3,2,10,Potential Loyalists,4,Recent Starters
15592,United Kingdom,2011-10-24 08:59:00,2011-10-24 08:59:00,47,1,388.58,388.58,354,1,47,0.0,0.0,0.0,False,3,1,2,6,Occasional,4,Recent Starters
13899,United Kingdom,2011-03-10 09:30:00,2011-11-23 13:40:00,17,2,388.52,194.26,156,2,275,0.0,0.0,0.0,True,4,2,2,8,Potential Loyalists,4,Recent Starters
13856,United Kingdom,2011-05-20 13:13:00,2011-06-24 10:03:00,169,3,388.5,129.5,494,2,204,25.1,2.0,6.068665377176015,True,2,3,2,7,At Risk,1,Growth Potential
17438,United Kingdom,2011-03-31 10:26:00,2011-03-31 10:26:00,254,1,388.45000000000005,388.45000000000005,103,1,254,10.15,1.0,2.5464124435524336,False,1,2,2,5,Hibernating,0,Lapsed
16776,United Kingdom,2011-10-10 13:04:00,2011-10-10 13:04:00,61,1,388.28,388.28,262,1,61,0.0,0.0,0.0,False,3,2,2,7,Occasional,4,Recent Starters
14538,United Kingdom,2011-03-28 14:57:00,2011-10-06 10:31:00,65,2,388.25,194.125,155,2,257,0.0,0.0,0.0,True,3,3,2,8,Occasional,4,Recent Starters
17357,United Kingdom,2011-11-15 16:29:00,2011-11-15 16:30:00,25,2,388.14,194.07,153,1,25,0.0,0.0,0.0,True,4,3,2,9,Potential Loyalists,4,Recent Starters
17817,United Kingdom,2011-03-07 17:30:00,2011-12-05 14:39:00,5,3,387.68,129.22666666666666,67,2,278,0.0,0.0,0.0,True,5,4,2,11,Loyal,4,Recent Starters
14420,United Kingdom,2011-09-01 18:07:00,2011-09-01 18:07:00,100,1,387.52,387.52,334,1,100,1.65,1.0,0.42397923786520036,False,2,1,2,5,Hibernating,0,Lapsed
17508,Greece,2011-03-04 08:10:00,2011-03-04 08:10:00,281,1,387.31,387.31,289,1,281,0.0,0.0,0.0,False,1,2,2,5,Hibernating,0,Lapsed
14114,United Kingdom,2011-01-13 11:05:00,2011-03-11 09:42:00,274,2,386.53,193.265,101,2,331,0.0,0.0,0.0,True,1,3,2,6,At Risk,0,Lapsed
15664,United Kingdom,2011-10-20 10:57:00,2011-10-20 10:57:00,51,1,386.43,386.43,157,1,51,27.799999999999997,1.0,6.711247374646934,False,3,1,2,6,Occasional,4,Recent Starters
14779,United Kingdom,2011-01-20 12:04:00,2011-03-04 12:42:00,281,3,386.15,128.71666666666667,84,2,324,0.0,0.0,0.0,True,1,3,2,6,At Risk,0,Lapsed
13821,United Kingdom,2011-03-23 11:30:00,2011-07-18 09:49:00,145,2,385.64,192.82,153,2,262,0.0,0.0,0.0,True,2,2,2,6,Hibernating,0,Lapsed
17711,United Kingdom,2011-02-23 11:32:00,2011-11-29 11:40:00,11,2,385.1,192.55,246,2,290,0.0,0.0,0.0,True,5,3,2,10,Potential Loyalists,4,Recent Starters
13919,Denmark,2011-08-10 10:15:00,2011-10-11 14:24:00,60,2,384.81,192.405,474,2,122,34.65,1.0,8.260620798169075,True,3,2,2,7,Occasional,4,Recent Starters
13833,United Kingdom,2011-07-03 13:27:00,2011-07-03 13:27:00,160,1,384.8,384.8,118,1,160,0.0,0.0,0.0,False,2,1,2,5,Hibernating,0,Lapsed
17250,United Kingdom,2011-03-23 16:45:00,2011-12-06 12:15:00,4,2,384.52,192.26,168,2,262,0.0,0.0,0.0,True,5,3,2,10,Potential Loyalists,4,Recent Starters
17189,United Kingdom,2010-12-15 17:28:00,2011-08-25 19:39:00,107,2,384.40000000000003,192.20000000000002,227,2,360,0.0,0.0,0.0,True,2,3,2,7,At Risk,0,Lapsed
17205,United Kingdom,2011-10-17 12:46:00,2011-10-17 12:46:00,54,1,384.08,384.08,884,1,54,0.0,0.0,0.0,False,3,2,2,7,Occasional,4,Recent Starters
16982,United Kingdom,2011-10-10 12:28:00,2011-10-10 12:28:00,61,1,384.06,384.06,182,1,61,0.0,0.0,0.0,False,3,2,2,7,Occasional,4,Recent Starters
15048,United Kingdom,2010-12-06 12:15:00,2011-10-05 14:55:00,66,4,384.05,96.0125,195,4,369,3.4799999999999995,1.0,0.8979949939359532,True,3,4,2,9,Loyal,1,Growth Potential
12733,USA,2011-04-19 16:19:00,2011-04-19 16:19:00,235,1,383.95,383.95,137,1,235,0.0,0.0,0.0,False,1,1,2,4,Hibernating,0,Lapsed
12515,Italy,2010-12-21 15:43:00,2010-12-21 15:43:00,354,1,383.7,383.7,131,1,354,0.0,0.0,0.0,False,1,1,2,4,Hibernating,0,Lapsed
15440,United Kingdom,2011-05-15 11:30:00,2011-10-16 12:16:00,55,3,383.68,127.89333333333333,197,3,209,0.0,0.0,0.0,True,3,3,2,8,Occasional,1,Growth Potential
14304,United Kingdom,2011-05-01 11:50:00,2011-05-01 11:50:00,223,1,383.45,383.45,139,1,223,186.35000000000002,1.0,32.70445770445772,False,1,1,2,4,Hibernating,0,Lapsed
15424,United Kingdom,2011-03-30 13:00:00,2011-03-30 13:02:00,255,2,383.34,191.67,554,1,255,0.0,0.0,0.0,True,1,3,2,6,At Risk,0,Lapsed
12832,United Kingdom,2011-09-02 13:48:00,2011-11-07 13:30:00,33,2,383.03,191.515,195,2,99,0.0,0.0,0.0,True,4,2,2,8,Potential Loyalists,4,Recent Starters
13817,Germany,2010-12-23 11:46:00,2011-11-10 17:49:00,30,2,382.98,191.49,211,2,352,0.0,0.0,0.0,True,4,2,2,8,Potential Loyalists,4,Recent Starters
18181,United Kingdom,2011-11-15 15:08:00,2011-11-15 15:08:00,25,1,382.8,382.8,146,1,25,0.0,0.0,0.0,False,4,2,2,8,Potential Loyalists,4,Recent Starters
17239,United Kingdom,2011-01-31 09:41:00,2011-01-31 09:41:00,313,1,382.5,382.5,150,1,313,2.55,1.0,0.662251655629139,False,1,2,2,5,Hibernating,0,Lapsed
13657,United Kingdom,2011-05-22 12:35:00,2011-11-29 12:32:00,11,2,382.14,191.07,209,2,202,0.0,0.0,0.0,True,5,2,2,9,Potential Loyalists,4,Recent Starters
17999,United Kingdom,2010-12-08 15:17:00,2011-11-02 15:56:00,38,2,382.06,191.03,221,2,367,0.0,0.0,0.0,True,3,3,2,8,Occasional,4,Recent Starters
15090,United Kingdom,2011-02-04 14:03:00,2011-02-04 14:03:00,309,1,381.32,381.32,208,1,309,0.0,0.0,0.0,False,1,1,2,4,Hibernating,0,Lapsed
16441,United Kingdom,2011-02-21 17:35:00,2011-10-03 17:48:00,68,2,381.2,190.6,173,2,292,0.0,0.0,0.0,True,3,3,2,8,Occasional,4,Recent Starters
12871,United Kingdom,2011-05-16 13:32:00,2011-09-16 15:07:00,85,2,380.64,190.32,200,2,208,0.0,0.0,0.0,True,2,2,2,6,Hibernating,1,Growth Potential
17573,United Kingdom,2011-09-07 10:36:00,2011-11-10 13:01:00,30,3,380.6,126.86666666666667,308,2,94,17.700000000000003,1.0,4.443886517700227,True,4,4,2,10,Loyal,4,Recent Starters
16930,United Kingdom,2011-10-02 14:25:00,2011-11-13 16:13:00,27,3,380.55,126.85000000000001,341,2,69,0.0,0.0,0.0,True,4,4,2,10,Loyal,4,Recent Starters
17138,United Kingdom,2011-03-09 11:54:00,2011-03-09 11:54:00,276,1,380.5,380.5,126,1,276,0.0,0.0,0.0,False,1,2,2,5,Hibernating,0,Lapsed
12890,United Kingdom,2011-11-15 17:26:00,2011-11-15 17:26:00,25,1,380.46999999999997,380.46999999999997,259,1,25,0.0,0.0,0.0,False,4,1,2,7,Occasional,4,Recent Starters
16769,United Kingdom,2011-03-24 13:41:00,2011-03-24 13:41:00,261,1,380.39,380.39,83,1,261,0.0,0.0,0.0,False,1,2,2,5,Hibernating,0,Lapsed
17031,United Kingdom,2011-07-08 09:38:00,2011-11-28 10:23:00,12,2,380.35,190.175,235,2,155,0.0,0.0,0.0,True,5,3,2,10,Potential Loyalists,4,Recent Starters
14731,United Kingdom,2011-05-11 13:06:00,2011-10-23 15:54:00,48,3,380.02,126.67333333333333,256,2,213,0.0,0.0,0.0,True,3,3,2,8,Occasional,4,Recent Starters
14594,United Kingdom,2010-12-01 13:54:00,2011-12-02 13:28:00,8,2,379.83,189.915,185,2,374,0.0,0.0,0.0,True,5,3,2,10,Potential Loyalists,4,Recent Starters
16552,United Kingdom,2010-12-01 12:36:00,2011-04-11 10:04:00,243,2,379.73,189.865,219,2,374,0.0,0.0,0.0,True,1,3,2,6,At Risk,0,Lapsed
13656,United Kingdom,2011-01-06 15:42:00,2011-06-28 10:31:00,165,2,379.65,189.825,490,2,338,0.0,0.0,0.0,True,2,2,2,6,Hibernating,0,Lapsed
13589,United Kingdom,2011-06-13 12:44:00,2011-11-25 12:10:00,15,2,379.65,189.825,114,2,180,0.0,0.0,0.0,True,4,2,2,8,Potential Loyalists,4,Recent Starters
17878,United Kingdom,2011-10-27 11:24:00,2011-10-27 11:24:00,44,1,379.45,379.45,401,1,44,0.0,0.0,0.0,False,3,2,2,7,Occasional,4,Recent Starters
15885,United Kingdom,2011-02-03 15:28:00,2011-09-08 10:43:00,93,3,379.35,126.45,111,2,310,0.0,0.0,0.0,True,2,4,2,8,At Risk,1,Growth Potential
16909,United Kingdom,2011-09-28 16:45:00,2011-09-28 16:45:00,73,1,379.14,379.14,436,1,73,15.0,1.0,3.8057543005023597,False,2,2,2,6,Hibernating,0,Lapsed
13372,United Kingdom,2011-09-11 12:46:00,2011-09-11 12:46:00,90,1,378.64,378.64,159,1,90,0.0,0.0,0.0,False,2,1,2,5,Hibernating,0,Lapsed
17078,United Kingdom,2011-11-03 18:49:00,2011-11-03 19:17:00,37,2,378.2,189.1,788,1,37,0.0,0.0,0.0,True,3,3,2,8,Occasional,4,Recent Starters
17736,United Kingdom,2011-08-18 14:33:00,2011-11-30 15:36:00,10,3,377.44,125.81333333333333,238,3,114,39.95,1.0,9.571384077241909,True,5,4,2,11,Loyal,4,Recent Starters
15025,United Kingdom,2011-11-06 15:20:00,2011-11-06 15:20:00,34,1,377.01,377.01,189,1,34,0.0,0.0,0.0,False,3,1,2,6,Occasional,4,Recent Starters
17489,United Kingdom,2011-05-11 11:34:00,2011-10-12 08:56:00,59,2,376.64,188.32,428,2,213,0.0,0.0,0.0,True,3,3,2,8,Occasional,4,Recent Starters
13936,United Kingdom,2011-06-13 08:47:00,2011-06-13 08:47:00,180,1,376.58,376.58,330,1,180,15.299999999999999,1.0,3.9042564050219455,False,1,1,2,4,Hibernating,0,Lapsed
16858,United Kingdom,2010-12-06 09:52:00,2010-12-06 09:52:00,369,1,375.69000000000005,375.69000000000005,91,1,369,29.8,1.0,7.3491331475498765,False,1,2,2,5,Hibernating,0,Lapsed
14448,United Kingdom,2010-12-10 17:26:00,2011-11-30 13:50:00,10,2,375.35,187.675,104,2,365,0.0,0.0,0.0,True,5,3,2,10,Potential Loyalists,4,Recent Starters
14079,United Kingdom,2011-08-07 12:10:00,2011-08-07 12:10:00,125,1,375.1,375.1,301,1,125,0.0,0.0,0.0,False,2,1,2,5,Hibernating,0,Lapsed
16147,United Kingdom,2011-07-29 09:57:00,2011-07-29 09:57:00,134,1,375.0,375.0,246,1,134,0.0,0.0,0.0,False,2,2,2,6,Hibernating,0,Lapsed
14067,United Kingdom,2011-09-04 12:00:00,2011-10-07 10:21:00,64,2,374.7,187.35,361,2,97,0.0,0.0,0.0,True,3,3,2,8,Occasional,4,Recent Starters
17492,United Kingdom,2011-04-05 15:21:00,2011-04-05 15:21:00,249,1,374.57,374.57,155,1,249,0.0,0.0,0.0,False,1,2,2,5,Hibernating,0,Lapsed
12873,United Kingdom,2011-03-02 14:58:00,2011-03-02 14:58:00,283,1,374.0,374.0,128,1,283,0.0,0.0,0.0,False,1,1,2,4,Hibernating,0,Lapsed
13351,United Kingdom,2011-10-04 12:55:00,2011-10-04 12:55:00,67,1,373.94,373.94,117,1,67,0.0,0.0,0.0,False,3,1,2,6,Occasional,4,Recent Starters
13569,United Kingdom,2010-12-07 12:29:00,2011-11-22 13:07:00,18,2,373.75,186.875,164,2,368,0.0,0.0,0.0,True,4,2,2,8,Potential Loyalists,4,Recent Starters
16321,Australia,2011-01-20 12:11:00,2011-09-28 14:55:00,73,5,373.65000000000003,74.73,135,3,324,142.95,2.0,27.671312427409983,True,2,4,2,8,At Risk,1,Growth Potential
16903,United Kingdom,2011-11-10 15:32:00,2011-11-10 15:32:00,30,1,373.24,373.24,262,1,30,0.0,0.0,0.0,False,4,2,2,8,Potential Loyalists,4,Recent Starters
12895,United Kingdom,2011-09-14 08:35:00,2011-10-28 13:51:00,43,2,372.8,186.4,210,2,87,25.5,1.0,6.402209389907105,True,3,2,2,7,Occasional,4,Recent Starters
12544,Spain,2011-11-03 16:15:00,2011-11-03 16:15:00,37,1,372.7,372.7,136,1,37,17.0,1.0,4.362329997433924,False,3,1,2,6,Occasional,4,Recent Starters
12981,United Kingdom,2011-07-29 14:14:00,2011-11-10 12:00:00,30,2,372.21999999999997,186.10999999999999,242,2,134,0.0,0.0,0.0,True,4,2,2,8,Potential Loyalists,4,Recent Starters
16065,United Kingdom,2010-12-09 13:03:00,2010-12-09 13:03:00,366,1,372.09,372.09,231,1,366,0.0,0.0,0.0,False,1,2,2,5,Hibernating,0,Lapsed
13300,United Kingdom,2011-06-23 13:09:00,2011-06-23 13:09:00,170,1,371.89,371.89,203,1,170,6.6,1.0,1.7437713017516976,False,2,1,2,5,Hibernating,0,Lapsed
17765,United Kingdom,2011-03-28 11:58:00,2011-07-04 12:41:00,159,3,371.88,123.96,144,3,257,0.0,0.0,0.0,True,2,4,2,8,At Risk,1,Growth Potential
14690,United Kingdom,2011-07-11 11:58:00,2011-10-26 15:39:00,45,2,371.7,185.85,170,2,152,13.090000000000002,1.0,3.401855557576861,True,3,3,2,8,Occasional,4,Recent Starters
18155,United Kingdom,2011-02-21 10:36:00,2011-09-25 13:32:00,76,3,371.62,123.87333333333333,266,3,292,23.8,1.0,6.0189165950128976,True,2,4,2,8,At Risk,1,Growth Potential
15472,United Kingdom,2011-08-18 15:17:00,2011-08-18 15:17:00,114,1,371.56,371.56,251,1,114,0.0,0.0,0.0,False,2,1,2,5,Hibernating,0,Lapsed
14950,United Kingdom,2011-11-20 13:48:00,2011-11-20 13:48:00,20,1,371.2,371.2,136,1,20,9.95,1.0,2.610520792338974,False,4,1,2,7,Occasional,4,Recent Starters
15975,United Kingdom,2011-09-16 13:33:00,2011-09-16 13:33:00,85,1,371.01,371.01,243,1,85,0.0,0.0,0.0,False,2,2,2,6,Hibernating,0,Lapsed
15063,United Kingdom,2011-05-10 13:25:00,2011-05-10 13:25:00,214,1,370.79999999999995,370.79999999999995,56,1,214,0.0,0.0,0.0,False,1,1,2,4,Hibernating,0,Lapsed
16343,United Kingdom,2011-11-23 17:43:00,2011-11-23 17:45:00,17,2,370.47999999999996,185.23999999999998,195,1,17,0.0,0.0,0.0,True,4,3,2,9,Potential Loyalists,4,Recent Starters
15922,United Kingdom,2010-12-01 13:51:00,2010-12-01 13:51:00,374,1,369.5,369.5,138,1,374,5.9,1.0,1.5716568993074056,False,1,2,2,5,Hibernating,0,Lapsed
16758,United Kingdom,2011-10-05 14:47:00,2011-10-05 14:47:00,66,1,369.34000000000003,369.34000000000003,203,1,66,0.0,0.0,0.0,False,3,2,2,7,Occasional,4,Recent Starters
14888,United Kingdom,2011-05-16 14:58:00,2011-05-16 14:58:00,208,1,369.2,369.2,184,1,208,0.0,0.0,0.0,False,1,1,2,4,Hibernating,0,Lapsed
16372,United Kingdom,2011-11-06 12:50:00,2011-11-06 13:08:00,34,2,367.93,183.965,166,1,34,0.0,0.0,0.0,True,3,3,2,8,Occasional,4,Recent Starters
17911,United Kingdom,2011-11-30 14:52:00,2011-11-30 14:52:00,10,1,366.23,366.23,223,1,10,0.0,0.0,0.0,False,5,2,2,9,New Customers,4,Recent Starters
17358,United Kingdom,2010-12-19 14:16:00,2011-02-09 16:57:00,304,2,365.85,182.925,202,2,356,0.0,0.0,0.0,True,1,3,2,6,At Risk,0,Lapsed
17432,United Kingdom,2011-11-02 17:30:00,2011-11-21 17:33:00,19,2,365.76,182.88,207,1,38,0.0,0.0,0.0,True,4,3,2,9,Potential Loyalists,4,Recent Starters
16499,United Kingdom,2010-12-10 10:27:00,2010-12-14 13:31:00,361,2,365.45,182.725,127,1,365,46.35,3.0,11.255463817387081,True,1,3,2,6,At Risk,0,Lapsed
16202,United Kingdom,2010-12-14 10:43:00,2010-12-14 10:43:00,361,1,365.27,365.27,191,1,361,0.0,0.0,0.0,False,1,2,2,5,Hibernating,0,Lapsed
14886,United Kingdom,2011-04-01 08:56:00,2011-04-01 08:56:00,253,1,364.8,364.8,160,1,253,0.0,0.0,0.0,False,1,1,2,4,Hibernating,0,Lapsed
15949,United Kingdom,2011-09-29 17:34:00,2011-11-23 09:09:00,17,2,364.72,182.36,284,2,72,0.0,0.0,0.0,True,4,3,2,9,Potential Loyalists,4,Recent Starters
12373,Austria,2011-02-01 13:10:00,2011-02-01 13:10:00,312,1,364.6,364.6,197,1,312,0.0,0.0,0.0,False,1,1,2,4,Hibernating,0,Lapsed
15343,United Kingdom,2011-09-13 13:55:00,2011-09-13 13:55:00,88,1,364.5,364.5,84,1,88,0.0,0.0,0.0,False,2,1,2,5,Hibernating,0,Lapsed
14528,United Kingdom,2011-11-02 17:09:00,2011-11-02 17:09:00,38,1,364.21999999999997,364.21999999999997,278,1,38,0.0,0.0,0.0,False,3,1,2,6,Occasional,4,Recent Starters
12538,Spain,2011-11-10 17:16:00,2011-11-10 17:16:00,30,1,363.95,363.95,191,1,30,0.0,0.0,0.0,False,4,1,2,7,Occasional,4,Recent Starters
17330,United Kingdom,2011-10-03 11:26:00,2011-11-17 08:56:00,23,2,363.9,181.95,120,2,68,0.0,0.0,0.0,True,4,3,2,9,Potential Loyalists,4,Recent Starters
15901,United Kingdom,2011-07-08 12:18:00,2011-11-23 12:43:00,17,3,363.88,121.29333333333334,384,3,155,0.0,0.0,0.0,True,4,4,2,10,Loyal,4,Recent Starters
14171,United Kingdom,2011-09-02 16:43:00,2011-09-02 16:43:00,99,1,363.79,363.79,167,1,99,0.0,0.0,0.0,False,2,1,2,5,Hibernating,0,Lapsed
16509,United Kingdom,2011-02-16 09:25:00,2011-02-16 09:25:00,297,1,363.7,363.7,64,1,297,0.0,0.0,0.0,False,1,2,2,5,Hibernating,0,Lapsed
18056,United Kingdom,2011-02-24 14:27:00,2011-02-24 14:27:00,289,1,363.65,363.65,211,1,289,0.0,0.0,0.0,False,1,2,2,5,Hibernating,0,Lapsed
16485,United Kingdom,2011-09-23 15:50:00,2011-09-23 15:50:00,78,1,363.65,363.65,235,1,78,0.0,0.0,0.0,False,2,2,2,6,Hibernating,0,Lapsed
12915,United Kingdom,2010-12-02 12:33:00,2011-07-14 11:34:00,149,2,363.65,181.825,93,2,373,0.0,0.0,0.0,True,2,2,2,6,Hibernating,0,Lapsed
14932,Channel Islands,2010-12-09 11:48:00,2010-12-09 11:48:00,366,1,363.53,363.53,80,1,366,0.0,0.0,0.0,False,1,1,2,4,Hibernating,0,Lapsed
14427,United Kingdom,2011-10-07 09:10:00,2011-10-20 14:23:00,51,2,363.34000000000003,181.67000000000002,228,1,64,0.0,0.0,0.0,True,3,3,2,8,Occasional,4,Recent Starters
16378,United Kingdom,2011-02-02 12:42:00,2011-04-06 15:07:00,248,3,362.95,120.98333333333333,267,2,311,0.0,0.0,0.0,True,1,4,2,7,At Risk,0,Lapsed
16052,United Kingdom,2011-10-16 15:13:00,2011-10-16 15:13:00,55,1,362.06,362.06,282,1,55,0.0,0.0,0.0,False,3,2,2,7,Occasional,4,Recent Starters
13844,United Kingdom,2011-11-28 13:21:00,2011-11-28 13:21:00,12,1,361.62,361.62,196,1,12,0.0,0.0,0.0,False,5,1,2,8,New Customers,4,Recent Starters
16305,United Kingdom,2011-07-24 12:18:00,2011-07-24 12:18:00,139,1,361.21999999999997,361.21999999999997,256,1,139,0.0,0.0,0.0,False,2,2,2,6,Hibernating,0,Lapsed
13291,United Kingdom,2011-07-07 10:36:00,2011-07-07 10:36:00,156,1,361.11,361.11,233,1,156,0.0,0.0,0.0,False,2,1,2,5,Hibernating,0,Lapsed
15872,United Kingdom,2011-11-25 11:54:00,2011-11-25 11:55:00,15,2,360.93,180.465,212,1,15,0.0,0.0,0.0,True,4,3,2,9,Potential Loyalists,4,Recent Starters
16595,United Kingdom,2011-10-09 13:15:00,2011-10-09 13:15:00,62,1,360.16,360.16,335,1,62,0.0,0.0,0.0,False,3,2,2,7,Occasional,4,Recent Starters
13780,United Kingdom,2011-06-22 11:43:00,2011-12-02 13:49:00,8,2,360.01,180.005,318,2,171,0.0,0.0,0.0,True,5,2,2,9,Potential Loyalists,4,Recent Starters
13298,United Kingdom,2011-12-08 13:11:00,2011-12-08 13:11:00,2,1,360.0,360.0,96,1,2,0.0,0.0,0.0,False,5,1,2,8,New Customers,4,Recent Starters
15120,United Kingdom,2011-07-29 09:48:00,2011-07-29 09:48:00,134,1,358.82,358.82,296,1,134,15.0,1.0,4.012626397731529,False,2,1,2,5,Hibernating,0,Lapsed
17948,United Kingdom,2011-07-15 12:58:00,2011-07-15 12:58:00,148,1,358.56000000000006,358.56000000000006,144,1,148,0.0,0.0,0.0,False,2,2,2,6,Hibernating,0,Lapsed
16823,United Kingdom,2011-04-26 15:00:00,2011-04-26 15:00:00,228,1,358.38,358.38,136,1,228,0.0,0.0,0.0,False,1,2,2,5,Hibernating,0,Lapsed
13228,United Kingdom,2011-09-19 14:28:00,2011-09-19 14:28:00,82,1,358.0,358.0,200,1,82,0.0,0.0,0.0,False,2,1,2,5,Hibernating,0,Lapsed
13976,United Kingdom,2011-05-17 09:13:00,2011-05-17 09:13:00,207,1,357.98,357.98,154,1,207,0.0,0.0,0.0,False,1,1,2,4,Hibernating,0,Lapsed
16274,United Kingdom,2010-12-01 15:35:00,2010-12-01 15:35:00,374,1,357.95,357.95,155,1,374,0.0,0.0,0.0,False,1,2,2,5,Hibernating,0,Lapsed
17025,United Kingdom,2010-12-01 15:45:00,2011-10-10 09:06:00,61,3,357.77,119.25666666666666,235,2,374,0.0,0.0,0.0,True,3,4,2,9,Loyal,1,Growth Potential
16971,United Kingdom,2011-11-01 15:06:00,2011-11-01 15:06:00,39,1,357.21,357.21,72,1,39,125.0,1.0,25.922316003401008,False,3,2,2,7,Occasional,4,Recent Starters
18040,United Kingdom,2011-04-08 08:27:00,2011-11-20 14:20:00,20,2,357.20000000000005,178.60000000000002,148,2,246,0.0,0.0,0.0,True,4,3,2,9,Potential Loyalists,4,Recent Starters
13453,United Kingdom,2011-02-23 09:44:00,2011-06-27 09:34:00,166,2,356.97999999999996,178.48999999999998,134,2,290,0.0,0.0,0.0,True,2,2,2,6,Hibernating,0,Lapsed
14500,United Kingdom,2011-06-03 10:08:00,2011-09-12 16:45:00,89,3,356.85,118.95,117,3,190,0.0,0.0,0.0,True,2,3,2,7,At Risk,1,Growth Potential
15713,United Kingdom,2010-12-08 15:16:00,2011-07-19 13:34:00,144,2,356.7,178.35,150,2,367,9.95,1.0,2.713759716350743,True,2,3,2,7,At Risk,0,Lapsed
15247,United Kingdom,2011-08-09 12:52:00,2011-08-09 12:52:00,123,1,356.0,356.0,160,1,123,0.0,0.0,0.0,False,2,1,2,5,Hibernating,0,Lapsed
15840,United Kingdom,2011-06-20 11:42:00,2011-10-12 09:08:00,59,2,355.56,177.78,396,2,173,9.9,1.0,2.708914792316533,True,3,3,2,8,Occasional,4,Recent Starters
14537,United Kingdom,2011-10-13 10:54:00,2011-10-13 10:54:00,58,1,355.56,355.56,120,1,58,0.0,0.0,0.0,False,3,1,2,6,Occasional,4,Recent Starters
12617,France,2011-11-10 14:39:00,2011-11-10 14:39:00,30,1,355.53,355.53,213,1,30,0.0,0.0,0.0,False,4,1,2,7,Occasional,4,Recent Starters
17742,United Kingdom,2011-01-11 10:04:00,2011-08-18 15:28:00,114,2,355.11,177.555,89,2,333,0.0,0.0,0.0,True,2,3,2,7,At Risk,0,Lapsed
13642,United Kingdom,2011-05-08 12:34:00,2011-05-08 12:34:00,216,1,354.8,354.8,173,1,216,0.0,0.0,0.0,False,1,1,2,4,Hibernating,0,Lapsed
17222,United Kingdom,2011-10-05 13:58:00,2011-10-05 13:58:00,66,1,354.15,354.15,128,1,66,0.0,0.0,0.0,False,3,2,2,7,Occasional,4,Recent Starters
12888,United Kingdom,2011-03-29 14:31:00,2011-05-09 16:02:00,215,2,354.12,177.06,76,2,256,40.349999999999994,2.0,10.228914746368543,True,1,2,2,5,Hibernating,0,Lapsed
15870,United Kingdom,2011-11-07 10:58:00,2011-11-07 10:58:00,33,1,354.09000000000003,354.09000000000003,335,1,33,0.0,0.0,0.0,False,4,2,2,8,Potential Loyalists,4,Recent Starters
12845,United Kingdom,2011-02-22 14:10:00,2011-03-17 13:34:00,268,4,354.09,88.5225,204,2,291,0.0,0.0,0.0,True,1,4,2,7,At Risk,1,Growth Potential
17252,United Kingdom,2011-06-06 16:41:00,2011-08-15 09:45:00,117,2,353.86,176.93,193,2,187,0.0,0.0,0.0,True,2,3,2,7,At Risk,0,Lapsed
12715,Sweden,2011-08-25 15:22:00,2011-08-25 15:22:00,107,1,353.86,353.86,197,1,107,0.0,0.0,0.0,False,2,1,2,5,Hibernating,0,Lapsed
13173,United Kingdom,2010-12-07 14:30:00,2011-12-05 15:51:00,5,2,353.65,176.825,277,2,368,0.0,0.0,0.0,True,5,2,2,9,Potential Loyalists,4,Recent Starters
13210,United Kingdom,2011-09-07 08:18:00,2011-09-07 08:18:00,94,1,353.48,353.48,316,1,94,0.0,0.0,0.0,False,2,1,2,5,Hibernating,0,Lapsed
13343,United Kingdom,2011-06-15 12:24:00,2011-06-15 12:24:00,178,1,353.43,353.43,135,1,178,49.5,1.0,12.285012285012284,False,2,1,2,5,Hibernating,0,Lapsed
14804,United Kingdom,2011-12-01 11:20:00,2011-12-01 11:20:00,9,1,353.27,353.27,121,1,9,0.0,0.0,0.0,False,5,1,2,8,New Customers,4,Recent Starters
17976,United Kingdom,2010-12-02 13:49:00,2010-12-02 13:49:00,373,1,353.19,353.19,106,1,373,0.0,0.0,0.0,False,1,2,2,5,Hibernating,0,Lapsed
15678,United Kingdom,2011-10-18 09:25:00,2011-10-18 09:25:00,53,1,352.7,352.7,184,1,53,0.0,0.0,0.0,False,3,1,2,6,Occasional,4,Recent Starters
18112,United Kingdom,2011-06-26 13:56:00,2011-11-27 14:43:00,13,2,352.69,176.345,255,2,167,0.0,0.0,0.0,True,5,3,2,10,Potential Loyalists,4,Recent Starters
15334,United Kingdom,2011-06-19 13:51:00,2011-07-06 11:22:00,157,3,351.67,117.22333333333334,274,2,174,0.0,0.0,0.0,True,2,3,2,7,At Risk,1,Growth Potential
12566,Germany,2011-09-14 14:30:00,2011-09-14 14:30:00,87,1,351.65,351.65,265,1,87,4.95,1.0,1.3881099270891757,False,2,1,2,5,Hibernating,0,Lapsed
15789,United Kingdom,2010-12-16 14:35:00,2010-12-16 14:35:00,359,1,351.3,351.3,438,1,359,0.0,0.0,0.0,False,1,2,2,5,Hibernating,0,Lapsed
13923,United Kingdom,2011-10-17 12:33:00,2011-10-17 12:33:00,54,1,351.13,351.13,185,1,54,0.0,0.0,0.0,False,3,1,2,6,Occasional,4,Recent Starters
15900,United Kingdom,2011-11-16 12:19:00,2011-11-16 12:19:00,24,1,351.11,351.11,221,1,24,0.0,0.0,0.0,False,4,2,2,8,Potential Loyalists,4,Recent Starters
13332,United Kingdom,2011-11-25 13:30:00,2011-11-25 13:30:00,15,1,350.9,350.9,179,1,15,0.0,0.0,0.0,False,4,1,2,7,Occasional,4,Recent Starters
13740,United Kingdom,2011-04-13 10:32:00,2011-04-13 10:32:00,241,1,350.75,350.75,425,1,241,0.0,0.0,0.0,False,1,1,2,4,Hibernating,0,Lapsed
17835,United Kingdom,2011-11-16 16:30:00,2011-12-07 11:48:00,3,3,350.64,116.88,348,2,24,0.0,0.0,0.0,True,5,4,2,11,Loyal,4,Recent Starters
17795,United Kingdom,2011-03-20 12:02:00,2011-06-13 12:36:00,180,2,350.39,175.195,341,2,265,0.0,0.0,0.0,True,1,3,2,6,At Risk,0,Lapsed
13108,United Kingdom,2010-12-02 10:35:00,2010-12-02 10:35:00,373,1,350.06,350.06,298,1,373,0.0,0.0,0.0,False,1,1,2,4,Hibernating,0,Lapsed
12532,France,2011-11-09 13:47:00,2011-11-09 13:47:00,31,1,349.83000000000004,349.83000000000004,153,1,31,0.0,0.0,0.0,False,4,1,2,7,Occasional,4,Recent Starters
13670,United Kingdom,2011-09-25 15:25:00,2011-09-25 15:25:00,76,1,349.7,349.7,282,1,76,0.0,0.0,0.0,False,2,1,2,5,Hibernating,0,Lapsed
13887,United Kingdom,2011-05-19 17:22:00,2011-05-19 17:22:00,205,1,349.55,349.55,147,1,205,0.0,0.0,0.0,False,1,1,2,4,Hibernating,0,Lapsed
18250,United Kingdom,2011-02-02 13:16:00,2011-02-02 13:16:00,311,1,349.27,349.27,199,1,311,6.35,1.0,1.7856138574883302,False,1,2,2,5,Hibernating,0,Lapsed
15405,United Kingdom,2011-06-03 14:44:00,2011-06-03 14:44:00,190,1,349.1,349.1,193,1,190,0.0,0.0,0.0,False,1,1,2,4,Hibernating,0,Lapsed
13927,United Kingdom,2011-09-26 12:00:00,2011-09-26 12:00:00,75,1,348.99,348.99,214,1,75,0.0,0.0,0.0,False,2,1,2,5,Hibernating,0,Lapsed
13790,United Kingdom,2011-12-05 15:48:00,2011-12-05 15:48:00,5,1,348.8,348.8,748,1,5,0.0,0.0,0.0,False,5,1,2,8,New Customers,4,Recent Starters
18127,United Kingdom,2011-07-29 10:06:00,2011-11-20 14:05:00,20,3,348.73,116.24333333333334,188,2,134,0.0,0.0,0.0,True,4,4,2,10,Loyal,4,Recent Starters
12527,Germany,2011-01-18 12:05:00,2011-09-19 11:55:00,82,3,348.71000000000004,116.23666666666668,234,3,326,0.0,0.0,0.0,True,2,3,2,7,At Risk,1,Growth Potential
15579,United Kingdom,2011-01-30 12:09:00,2011-10-02 12:45:00,69,2,348.6,174.3,120,2,314,0.0,0.0,0.0,True,3,3,2,8,Occasional,4,Recent Starters
16159,United Kingdom,2011-03-03 12:27:00,2011-03-03 12:27:00,282,1,348.2,348.2,236,1,282,0.0,0.0,0.0,False,1,2,2,5,Hibernating,0,Lapsed
13052,United Kingdom,2011-05-11 14:12:00,2011-05-11 14:12:00,213,1,348.15000000000003,348.15000000000003,222,1,213,0.0,0.0,0.0,False,1,1,2,4,Hibernating,0,Lapsed
14379,United Kingdom,2011-02-17 15:03:00,2011-10-26 16:43:00,45,2,348.1,174.05,292,2,296,0.0,0.0,0.0,True,3,3,2,8,Occasional,4,Recent Starters
13497,United Kingdom,2010-12-06 11:37:00,2011-03-02 09:04:00,283,2,348.05,174.025,163,2,369,27.0,1.0,7.1990401279829355,True,1,2,2,5,Hibernating,0,Lapsed
17668,United Kingdom,2011-11-01 14:45:00,2011-12-08 13:25:00,2,2,347.75,173.875,93,2,39,0.0,0.0,0.0,True,5,3,2,10,Potential Loyalists,4,Recent Starters
13062,United Kingdom,2011-06-01 15:12:00,2011-06-01 15:12:00,192,1,346.98,346.98,343,1,192,0.0,0.0,0.0,False,1,1,2,4,Hibernating,0,Lapsed
13649,United Kingdom,2010-12-08 14:46:00,2011-03-28 11:51:00,257,2,346.6,173.3,139,2,367,0.0,0.0,0.0,True,1,2,2,5,Hibernating,0,Lapsed
16423,United Kingdom,2011-11-15 09:21:00,2011-11-15 09:21:00,25,1,346.12,346.12,230,1,25,0.0,0.0,0.0,False,4,2,2,8,Potential Loyalists,4,Recent Starters
13091,United Kingdom,2011-11-11 15:54:00,2011-11-11 15:54:00,29,1,345.82,345.82,466,1,29,26.0,1.0,6.992630842880964,False,4,1,2,7,Occasional,4,Recent Starters
15781,United Kingdom,2011-02-07 09:15:00,2011-11-14 14:57:00,26,3,345.46,115.15333333333332,180,3,306,11.9,1.0,3.3299753749720176,True,4,4,2,10,Loyal,4,Recent Starters
17123,United Kingdom,2011-07-01 10:47:00,2011-07-01 10:47:00,162,1,345.29999999999995,345.29999999999995,246,1,162,0.0,0.0,0.0,False,2,2,2,6,Hibernating,0,Lapsed
13774,United Kingdom,2011-09-19 12:06:00,2011-09-19 12:06:00,82,1,345.0,345.0,192,1,82,0.0,0.0,0.0,False,2,1,2,5,Hibernating,0,Lapsed
14633,United Kingdom,2011-03-18 17:07:00,2011-03-18 17:07:00,267,1,344.90000000000003,344.90000000000003,96,1,267,0.0,0.0,0.0,False,1,1,2,4,Hibernating,0,Lapsed
16978,United Kingdom,2011-09-23 12:50:00,2011-09-23 12:50:00,78,1,344.33,344.33,166,1,78,0.0,0.0,0.0,False,2,2,2,6,Hibernating,0,Lapsed
17569,United Kingdom,2011-01-11 14:15:00,2011-01-11 14:15:00,333,1,344.14,344.14,159,1,333,0.0,0.0,0.0,False,1,2,2,5,Hibernating,0,Lapsed
13068,United Kingdom,2011-01-24 08:20:00,2011-11-29 15:00:00,11,2,344.0,172.0,200,2,320,0.0,0.0,0.0,True,5,2,2,9,Potential Loyalists,4,Recent Starters
15047,United Kingdom,2011-03-15 10:49:00,2011-03-15 10:49:00,270,1,343.62,343.62,222,1,270,0.0,0.0,0.0,False,1,1,2,4,Hibernating,0,Lapsed
15520,United Kingdom,2011-12-08 10:58:00,2011-12-08 10:58:00,2,1,343.5,343.5,314,1,2,0.0,0.0,0.0,False,5,1,2,8,New Customers,4,Recent Starters
18081,United Kingdom,2011-07-29 11:56:00,2011-11-03 16:30:00,37,3,343.45,114.48333333333333,195,3,134,0.0,0.0,0.0,True,3,4,2,9,Loyal,4,Recent Starters
15880,United Kingdom,2010-12-05 13:00:00,2010-12-05 13:00:00,370,1,343.28000000000003,343.28000000000003,211,1,370,30.0,1.0,8.036862408915558,False,1,2,2,5,Hibernating,0,Lapsed
12875,United Kingdom,2010-12-12 12:03:00,2011-07-19 15:30:00,144,2,343.2300000000001,171.61500000000004,2019,2,363,0.0,0.0,0.0,True,2,2,2,6,Hibernating,0,Lapsed
17201,United Kingdom,2011-10-17 11:55:00,2011-10-17 11:55:00,54,1,342.63,342.63,268,1,54,0.0,0.0,0.0,False,3,2,2,7,Occasional,4,Recent Starters
16851,United Kingdom,2011-10-19 09:48:00,2011-12-05 13:32:00,5,3,342.45,114.14999999999999,271,2,52,0.0,0.0,0.0,True,5,4,2,11,Loyal,4,Recent Starters
16826,United Kingdom,2011-10-19 14:05:00,2011-10-19 14:05:00,52,1,341.7,341.7,158,1,52,0.0,0.0,0.0,False,3,2,2,7,Occasional,4,Recent Starters
13347,United Kingdom,2011-09-30 13:28:00,2011-09-30 13:28:00,71,1,341.36,341.36,205,1,71,0.0,0.0,0.0,False,3,1,2,6,Occasional,0,Lapsed
17917,United Kingdom,2010-12-12 12:08:00,2011-10-25 13:20:00,46,3,341.28,113.75999999999999,187,3,363,0.0,0.0,0.0,True,3,4,2,9,Loyal,4,Recent Starters
14491,United Kingdom,2010-12-02 12:10:00,2011-06-17 15:22:00,176,2,340.93,170.465,139,2,373,0.0,0.0,0.0,True,2,3,2,7,At Risk,0,Lapsed
12519,Germany,2011-10-07 09:26:00,2011-10-07 09:26:00,64,1,340.84,340.84,183,1,64,0.0,0.0,0.0,False,3,1,2,6,Occasional,4,Recent Starters
15115,United Kingdom,2011-11-21 14:59:00,2011-11-21 14:59:00,19,1,340.11,340.11,157,1,19,0.0,0.0,0.0,False,4,1,2,7,Occasional,4,Recent Starters
13737,United Kingdom,2011-05-23 16:32:00,2011-05-23 16:32:00,201,1,339.59999999999997,339.59999999999997,125,1,201,0.0,0.0,0.0,False,1,1,2,4,Hibernating,0,Lapsed
17045,United Kingdom,2011-04-06 12:08:00,2011-08-18 17:09:00,114,3,339.44,113.14666666666666,106,3,248,0.0,0.0,0.0,True,2,4,2,8,At Risk,1,Growth Potential
16545,United Kingdom,2011-06-28 10:37:00,2011-06-28 10:37:00,165,1,339.3,339.3,78,1,165,0.0,0.0,0.0,False,2,2,2,6,Hibernating,0,Lapsed
17697,United Kingdom,2011-04-17 15:40:00,2011-04-17 15:40:00,237,1,338.95,338.95,93,1,237,0.0,0.0,0.0,False,1,2,2,5,Hibernating,0,Lapsed
17839,United Kingdom,2011-10-28 17:27:00,2011-10-28 17:27:00,43,1,338.8,338.8,285,1,43,0.0,0.0,0.0,False,3,2,2,7,Occasional,4,Recent Starters
16183,United Kingdom,2011-10-03 14:59:00,2011-10-03 14:59:00,68,1,338.71000000000004,338.71000000000004,113,1,68,0.0,0.0,0.0,False,3,2,2,7,Occasional,4,Recent Starters
15652,United Kingdom,2011-09-09 14:22:00,2011-09-09 14:22:00,92,1,337.74,337.74,208,1,92,0.0,0.0,0.0,False,2,1,2,5,Hibernating,0,Lapsed
15942,United Kingdom,2011-07-29 09:01:00,2011-07-29 09:01:00,134,1,337.44,337.44,232,1,134,0.0,0.0,0.0,False,2,2,2,6,Hibernating,0,Lapsed
13930,United Kingdom,2011-07-26 11:00:00,2011-10-13 09:45:00,58,2,337.34,168.67,274,2,137,0.0,0.0,0.0,True,3,2,2,7,Occasional,4,Recent Starters
17973,United Kingdom,2011-10-19 10:34:00,2011-10-19 10:34:00,52,1,337.04,337.04,176,1,52,0.0,0.0,0.0,False,3,2,2,7,Occasional,4,Recent Starters
16105,United Kingdom,2011-04-05 10:13:00,2011-04-05 10:13:00,249,1,336.96,336.96,330,1,249,0.0,0.0,0.0,False,1,2,2,5,Hibernating,0,Lapsed
17914,United Kingdom,2011-12-06 11:58:00,2011-12-06 11:58:00,4,1,336.43,336.43,473,1,4,0.0,0.0,0.0,False,5,2,2,9,New Customers,4,Recent Starters
15619,United Kingdom,2011-11-29 08:14:00,2011-11-29 08:14:00,11,1,336.40000000000003,336.40000000000003,136,1,11,0.0,0.0,0.0,False,5,1,2,8,New Customers,4,Recent Starters
17384,United Kingdom,2011-05-04 16:07:00,2011-11-20 15:48:00,20,2,336.4,168.2,88,2,220,0.0,0.0,0.0,True,4,3,2,9,Potential Loyalists,4,Recent Starters
14954,United Kingdom,2011-11-27 14:30:00,2011-11-27 14:30:00,13,1,336.17,336.17,127,1,13,0.0,0.0,0.0,False,5,1,2,8,New Customers,4,Recent Starters
18078,United Kingdom,2011-03-25 15:08:00,2011-05-06 14:32:00,218,2,336.13,168.065,145,2,260,0.0,0.0,0.0,True,1,3,2,6,At Risk,0,Lapsed
15921,United Kingdom,2011-06-20 11:03:00,2011-06-20 11:03:00,173,1,336.03000000000003,336.03000000000003,166,1,173,0.0,0.0,0.0,False,2,2,2,6,Hibernating,0,Lapsed
18276,United Kingdom,2011-10-27 10:54:00,2011-10-27 10:54:00,44,1,335.86,335.86,186,1,44,12.5,2.0,3.5882420484556206,False,3,2,2,7,Occasional,4,Recent Starters
14196,United Kingdom,2011-08-25 10:25:00,2011-08-25 10:25:00,107,1,335.52,335.52,142,1,107,0.0,0.0,0.0,False,2,1,2,5,Hibernating,0,Lapsed
16063,United Kingdom,2011-03-24 14:55:00,2011-03-24 14:56:00,261,1,335.32,335.32,262,1,261,0.0,0.0,0.0,False,1,2,2,5,Hibernating,0,Lapsed
17221,United Kingdom,2011-11-03 17:39:00,2011-12-02 13:35:00,8,2,335.13,167.565,288,2,37,0.0,0.0,0.0,True,5,3,2,10,Potential Loyalists,4,Recent Starters
12489,France,2011-01-07 13:13:00,2011-01-07 13:13:00,337,1,334.93,334.93,105,1,337,0.0,0.0,0.0,False,1,1,2,4,Hibernating,0,Lapsed
14988,United Kingdom,2011-05-12 12:05:00,2011-05-12 12:05:00,212,1,334.54,334.54,141,1,212,0.0,0.0,0.0,False,1,1,2,4,Hibernating,0,Lapsed
15466,United Kingdom,2011-09-15 14:08:00,2011-09-15 14:08:00,86,1,334.53,334.53,246,1,86,0.0,0.0,0.0,False,2,1,2,5,Hibernating,0,Lapsed
12350,Norway,2011-02-02 16:01:00,2011-02-02 16:01:00,311,1,334.4,334.4,197,1,311,0.0,0.0,0.0,False,1,1,2,4,Hibernating,0,Lapsed
15918,United Kingdom,2011-03-13 15:55:00,2011-06-02 11:42:00,191,2,334.23,167.115,153,2,272,0.0,0.0,0.0,True,1,3,2,6,At Risk,0,Lapsed
14264,United Kingdom,2011-04-08 12:20:00,2011-07-08 10:20:00,155,2,333.97,166.985,70,2,246,14.5,1.0,4.161046861996728,True,2,3,2,7,At Risk,0,Lapsed
13216,United Kingdom,2011-03-17 12:18:00,2011-03-17 12:18:00,268,1,333.74,333.74,297,1,268,0.0,0.0,0.0,False,1,1,2,4,Hibernating,0,Lapsed
13727,United Kingdom,2011-11-06 12:16:00,2011-11-11 09:46:00,29,2,333.48,166.74,162,1,34,0.0,0.0,0.0,True,4,2,2,8,Potential Loyalists,4,Recent Starters
16625,United Kingdom,2011-03-10 12:50:00,2011-03-10 12:50:00,275,1,333.08,333.08,164,1,275,0.0,0.0,0.0,False,1,2,2,5,Hibernating,0,Lapsed
14902,United Kingdom,2011-11-14 10:34:00,2011-11-14 10:34:00,26,1,332.66,332.66,218,1,26,18.55,1.0,5.281740269354517,False,4,1,2,7,Occasional,4,Recent Starters
13904,United Kingdom,2011-02-18 11:18:00,2011-11-02 13:41:00,38,2,332.64,166.32,332,2,295,0.0,0.0,0.0,True,3,2,2,7,Occasional,4,Recent Starters
16850,United Kingdom,2011-01-10 11:09:00,2011-01-10 11:09:00,334,1,332.41,332.41,249,1,334,0.0,0.0,0.0,False,1,2,2,5,Hibernating,0,Lapsed
16803,United Kingdom,2011-10-05 14:28:00,2011-10-05 14:28:00,66,1,332.3,332.3,245,1,66,0.0,0.0,0.0,False,3,2,2,7,Occasional,4,Recent Starters
16177,United Kingdom,2011-10-20 12:57:00,2011-10-20 12:57:00,51,1,331.95,331.95,95,1,51,0.0,0.0,0.0,False,3,2,2,7,Occasional,4,Recent Starters
16030,United Kingdom,2011-02-03 11:28:00,2011-02-03 11:28:00,310,1,331.24,331.24,283,1,310,0.0,0.0,0.0,False,1,2,2,5,Hibernating,0,Lapsed
15210,United Kingdom,2011-04-28 16:11:00,2011-04-28 16:11:00,226,1,331.18,331.18,228,1,226,0.0,0.0,0.0,False,1,1,2,4,Hibernating,0,Lapsed
16478,United Kingdom,2011-10-05 12:02:00,2011-11-14 15:51:00,26,3,331.0,110.33333333333333,224,2,66,0.0,0.0,0.0,True,4,4,2,10,Loyal,4,Recent Starters
12891,United Kingdom,2011-02-20 11:28:00,2011-06-07 12:31:00,186,3,331.0,110.33333333333333,950,3,293,0.0,0.0,0.0,True,1,3,2,6,At Risk,0,Lapsed
17862,United Kingdom,2011-01-20 12:23:00,2011-01-20 12:23:00,324,1,330.9,330.9,100,1,324,0.0,0.0,0.0,False,1,2,2,5,Hibernating,0,Lapsed
15714,United Kingdom,2011-09-23 11:25:00,2011-11-28 11:26:00,12,2,330.88,165.44,187,2,78,0.0,0.0,0.0,True,5,3,2,10,Potential Loyalists,4,Recent Starters
13706,United Kingdom,2011-02-10 09:21:00,2011-02-10 09:21:00,303,1,330.79,330.79,189,1,303,0.0,0.0,0.0,False,1,1,2,4,Hibernating,0,Lapsed
14517,United Kingdom,2011-07-21 11:42:00,2011-11-06 14:20:00,34,2,330.45,165.225,91,2,142,0.0,0.0,0.0,True,3,3,2,8,Occasional,4,Recent Starters
15130,United Kingdom,2011-06-23 10:15:00,2011-06-23 10:15:00,170,1,330.11,330.11,197,1,170,0.0,0.0,0.0,False,2,1,2,5,Hibernating,0,Lapsed
16593,United Kingdom,2011-01-16 12:11:00,2011-10-20 12:41:00,51,3,330.03,110.00999999999999,116,3,328,0.0,0.0,0.0,True,3,4,2,9,Loyal,4,Recent Starters
12953,United Kingdom,2011-11-30 09:24:00,2011-11-30 09:24:00,10,1,329.85,329.85,84,1,10,0.0,0.0,0.0,False,5,1,2,8,New Customers,4,Recent Starters
14716,United Kingdom,2011-07-14 12:42:00,2011-10-27 17:29:00,44,2,329.68,164.84,604,2,149,0.0,0.0,0.0,True,3,3,2,8,Occasional,4,Recent Starters
17866,United Kingdom,2011-07-20 11:07:00,2011-07-20 11:07:00,143,1,329.65,329.65,174,1,143,3.95,1.0,1.1840527577937652,False,2,2,2,6,Hibernating,0,Lapsed
17615,United Kingdom,2011-05-01 15:33:00,2011-08-01 14:06:00,131,3,329.6,109.86666666666667,140,2,223,0.0,0.0,0.0,True,2,4,2,8,At Risk,1,Growth Potential
13239,United Kingdom,2011-03-23 10:25:00,2011-03-23 10:25:00,262,1,329.56,329.56,327,1,262,0.0,0.0,0.0,False,1,1,2,4,Hibernating,0,Lapsed
17154,United Kingdom,2011-09-25 13:42:00,2011-09-25 13:42:00,76,1,329.34,329.34,490,1,76,0.0,0.0,0.0,False,2,2,2,6,Hibernating,0,Lapsed
15153,United Kingdom,2011-11-08 17:09:00,2011-11-08 17:09:00,32,1,329.25,329.25,198,1,32,0.0,0.0,0.0,False,4,1,2,7,Occasional,4,Recent Starters
14012,United Kingdom,2011-03-07 12:26:00,2011-03-07 12:26:00,278,1,328.8,328.8,160,1,278,0.0,0.0,0.0,False,1,1,2,4,Hibernating,0,Lapsed
16855,United Kingdom,2011-10-27 16:31:00,2011-11-16 12:03:00,24,2,328.4,164.2,164,2,44,0.0,0.0,0.0,True,4,3,2,9,Potential Loyalists,4,Recent Starters
15213,United Kingdom,2011-01-14 11:05:00,2011-01-25 12:21:00,319,2,328.35,164.175,272,1,330,3.3,1.0,0.9950248756218905,True,1,3,2,6,At Risk,0,Lapsed
14747,United Kingdom,2011-04-04 14:09:00,2011-04-04 14:09:00,250,1,328.2,328.2,84,1,250,33.9,1.0,9.362054681027342,False,1,1,2,4,Hibernating,0,Lapsed
14206,United Kingdom,2011-04-14 16:38:00,2011-04-14 16:38:00,240,1,328.15999999999997,328.15999999999997,276,1,240,19.9,1.0,5.717405045107165,False,1,1,2,4,Hibernating,0,Lapsed
16318,United Kingdom,2011-11-04 13:05:00,2011-11-04 13:05:00,36,1,328.15,328.15,199,1,36,0.0,0.0,0.0,False,3,2,2,7,Occasional,4,Recent Starters
15314,United Kingdom,2011-05-24 14:39:00,2011-05-24 14:39:00,200,1,327.97,327.97,313,1,200,0.0,0.0,0.0,False,1,1,2,4,Hibernating,0,Lapsed
14024,United Kingdom,2011-08-07 13:31:00,2011-08-10 11:30:00,122,2,327.7,163.85,150,1,125,0.0,0.0,0.0,True,2,3,2,7,At Risk,0,Lapsed
16366,United Kingdom,2011-11-21 08:19:00,2011-11-21 08:19:00,19,1,327.3,327.3,256,1,19,0.0,0.0,0.0,False,4,2,2,8,Potential Loyalists,4,Recent Starters
14870,United Kingdom,2011-03-23 10:51:00,2011-03-23 10:51:00,262,1,327.25,327.25,119,1,262,0.0,0.0,0.0,False,1,1,2,4,Hibernating,0,Lapsed
16322,United Kingdom,2011-11-03 14:33:00,2011-12-08 15:41:00,2,2,326.75,163.375,231,2,37,0.0,0.0,0.0,True,5,3,2,10,Potential Loyalists,4,Recent Starters
14987,United Kingdom,2010-12-09 12:13:00,2011-11-24 09:59:00,16,2,326.4,163.2,128,2,366,0.0,0.0,0.0,True,4,3,2,9,Potential Loyalists,4,Recent Starters
17715,United Kingdom,2011-05-23 12:32:00,2011-05-23 12:32:00,201,1,326.4,326.4,384,1,201,0.0,0.0,0.0,False,1,2,2,5,Hibernating,0,Lapsed
16071,United Kingdom,2011-10-26 11:14:00,2011-10-26 11:14:00,45,1,326.24,326.24,180,1,45,0.0,0.0,0.0,False,3,2,2,7,Occasional,4,Recent Starters
15363,United Kingdom,2010-12-02 12:28:00,2010-12-02 12:28:00,373,1,326.0,326.0,144,1,373,7.95,1.0,2.3805958975894597,False,1,1,2,4,Hibernating,0,Lapsed
12844,United Kingdom,2011-08-01 13:11:00,2011-11-10 13:31:00,30,2,325.96000000000004,162.98000000000002,125,2,131,0.0,0.0,0.0,True,4,2,2,8,Potential Loyalists,4,Recent Starters
16830,United Kingdom,2011-11-01 11:35:00,2011-11-01 11:35:00,39,1,325.91,325.91,264,1,39,0.0,0.0,0.0,False,3,2,2,7,Occasional,4,Recent Starters
14850,United Kingdom,2011-02-01 11:21:00,2011-02-01 11:21:00,312,1,325.75,325.75,293,1,312,47.6,1.0,12.749430828980849,False,1,1,2,4,Hibernating,0,Lapsed
15944,United Kingdom,2011-03-08 10:33:00,2011-03-08 10:33:00,277,1,325.1,325.1,50,1,277,0.0,0.0,0.0,False,1,2,2,5,Hibernating,0,Lapsed
12790,Netherlands,2011-05-31 14:14:00,2011-05-31 14:14:00,193,1,324.92,324.92,166,1,193,0.0,0.0,0.0,False,1,1,2,4,Hibernating,0,Lapsed
13801,United Kingdom,2011-10-04 10:15:00,2011-10-04 10:15:00,67,1,324.8,324.8,168,1,67,0.0,0.0,0.0,False,3,1,2,6,Occasional,4,Recent Starters
15597,United Kingdom,2011-11-04 13:26:00,2011-11-04 13:26:00,36,1,324.57,324.57,279,1,36,8.850000000000001,1.0,2.654309879431348,False,3,1,2,6,Occasional,4,Recent Starters
18261,United Kingdom,2011-09-05 09:34:00,2011-10-27 15:36:00,44,2,324.24,162.12,146,2,96,0.0,0.0,0.0,True,3,3,2,8,Occasional,4,Recent Starters
16685,United Kingdom,2011-10-09 13:44:00,2011-10-09 13:58:00,62,2,324.24,162.12,396,1,62,0.0,0.0,0.0,True,3,3,2,8,Occasional,4,Recent Starters
14555,United Kingdom,2011-02-10 17:19:00,2011-10-13 16:24:00,58,2,324.14,162.07,130,2,303,0.0,0.0,0.0,True,3,3,2,8,Occasional,4,Recent Starters
15675,United Kingdom,2011-03-04 14:21:00,2011-09-19 13:48:00,82,3,323.69,107.89666666666666,527,3,281,0.0,0.0,0.0,True,2,3,2,7,At Risk,1,Growth Potential
17793,United Kingdom,2011-11-14 14:24:00,2011-11-14 14:24:00,26,1,323.04,323.04,232,1,26,0.0,0.0,0.0,False,4,2,2,8,Potential Loyalists,4,Recent Starters
16739,United Kingdom,2011-06-16 09:17:00,2011-06-16 09:17:00,177,1,323.0,323.0,172,1,177,10.45,1.0,3.133903133903134,False,2,2,2,6,Hibernating,0,Lapsed
13955,United Kingdom,2011-02-07 12:24:00,2011-07-08 17:19:00,155,2,322.96,161.48,154,2,306,0.0,0.0,0.0,True,2,3,2,7,At Risk,0,Lapsed
16627,United Kingdom,2011-09-21 14:38:00,2011-09-21 14:38:00,80,1,322.8,322.8,162,1,80,0.0,0.0,0.0,False,2,2,2,6,Hibernating,0,Lapsed
16342,United Kingdom,2011-06-13 10:10:00,2011-09-25 14:36:00,76,4,322.41,80.6025,157,4,180,0.0,0.0,0.0,True,2,4,2,8,At Risk,1,Growth Potential
14424,United Kingdom,2011-11-22 11:48:00,2011-11-22 11:48:00,18,1,322.08,322.08,48,1,18,0.0,0.0,0.0,False,4,1,2,7,Occasional,4,Recent Starters
15224,United Kingdom,2010-12-12 12:34:00,2010-12-16 15:02:00,359,2,322.08,161.04,152,1,363,11.6,1.0,3.4763845600575403,True,1,3,2,6,At Risk,0,Lapsed
14484,United Kingdom,2011-10-20 14:11:00,2011-10-20 14:11:00,51,1,321.92,321.92,210,1,51,0.0,0.0,0.0,False,3,1,2,6,Occasional,4,Recent Starters
14823,United Kingdom,2011-05-29 12:48:00,2011-06-12 13:12:00,181,3,321.43,107.14333333333333,88,2,195,0.0,0.0,0.0,True,1,3,2,6,At Risk,0,Lapsed
15236,United Kingdom,2011-02-14 10:52:00,2011-02-14 10:52:00,299,1,321.05,321.05,269,1,299,0.0,0.0,0.0,False,1,1,2,4,Hibernating,0,Lapsed
18117,United Kingdom,2011-11-14 12:47:00,2011-11-14 12:47:00,26,1,320.72,320.72,618,1,26,0.0,0.0,0.0,False,4,2,2,8,Potential Loyalists,4,Recent Starters
16096,United Kingdom,2011-03-20 13:38:00,2011-03-20 13:38:00,265,1,320.62,320.62,155,1,265,0.0,0.0,0.0,False,1,2,2,5,Hibernating,0,Lapsed
14622,United Kingdom,2011-06-08 12:42:00,2011-06-08 12:42:00,185,1,320.58000000000004,320.58000000000004,146,1,185,0.0,0.0,0.0,False,1,1,2,4,Hibernating,0,Lapsed
13986,United Kingdom,2011-11-22 15:00:00,2011-11-22 15:00:00,18,1,320.46,320.46,430,1,18,0.0,0.0,0.0,False,4,1,2,7,Occasional,4,Recent Starters
16674,United Kingdom,2011-09-02 13:59:00,2011-10-16 11:31:00,55,2,319.61,159.805,188,2,99,0.0,0.0,0.0,True,3,3,2,8,Occasional,4,Recent Starters
15107,United Kingdom,2010-12-02 13:45:00,2011-02-01 14:46:00,312,6,319.5,53.25,169,3,373,71.84,2.0,18.35743854448817,True,1,5,2,8,At Risk,1,Growth Potential
16967,United Kingdom,2011-06-03 14:24:00,2011-06-03 14:24:00,190,1,319.02,319.02,333,1,190,0.0,0.0,0.0,False,1,2,2,5,Hibernating,0,Lapsed
17157,United Kingdom,2011-06-16 15:08:00,2011-12-02 09:10:00,8,2,319.0,159.5,172,2,177,12.450000000000001,1.0,3.756222658017801,True,5,3,2,10,Potential Loyalists,4,Recent Starters
17229,United Kingdom,2011-07-20 12:38:00,2011-09-04 13:56:00,97,2,318.76,159.38,185,2,143,0.0,0.0,0.0,True,2,3,2,7,At Risk,0,Lapsed
17248,United Kingdom,2011-08-11 13:34:00,2011-08-11 13:34:00,121,1,318.65,318.65,213,1,121,0.0,0.0,0.0,False,2,2,2,6,Hibernating,0,Lapsed
14703,United Kingdom,2011-11-25 09:23:00,2011-11-25 09:23:00,15,1,318.17,318.17,183,1,15,0.0,0.0,0.0,False,4,1,2,7,Occasional,4,Recent Starters
12648,Germany,2011-07-08 11:55:00,2011-07-08 11:55:00,155,1,318.05,318.05,160,1,155,0.0,0.0,0.0,False,2,1,2,5,Hibernating,0,Lapsed
18066,United Kingdom,2011-09-25 15:30:00,2011-09-25 15:30:00,76,1,318.0,318.0,108,1,76,0.0,0.0,0.0,False,2,2,2,6,Hibernating,0,Lapsed
17172,United Kingdom,2011-09-22 09:36:00,2011-09-22 09:36:00,79,1,317.76,317.76,480,1,79,4.5,1.0,1.3963880096816235,False,2,2,2,6,Hibernating,0,Lapsed
17267,United Kingdom,2011-08-04 17:19:00,2011-08-04 17:22:00,128,2,317.62,158.81,159,1,128,0.0,0.0,0.0,True,2,3,2,7,At Risk,0,Lapsed
15101,United Kingdom,2010-12-15 12:54:00,2011-12-01 10:18:00,9,2,317.53,158.765,241,2,360,7.5,1.0,2.307479309602191,True,5,3,2,10,Potential Loyalists,4,Recent Starters
16386,United Kingdom,2011-03-31 12:19:00,2011-11-11 12:28:00,29,2,317.2,158.6,224,2,254,0.0,0.0,0.0,True,4,3,2,9,Potential Loyalists,4,Recent Starters
15257,United Kingdom,2011-03-01 12:58:00,2011-03-01 12:58:00,284,1,317.15,317.15,46,1,284,85.0,1.0,21.13639189357205,False,1,1,2,4,Hibernating,0,Lapsed
15385,United Kingdom,2011-10-30 15:11:00,2011-10-30 15:11:00,41,1,316.88,316.88,161,1,41,0.0,0.0,0.0,False,3,1,2,6,Occasional,4,Recent Starters
15243,United Kingdom,2011-09-26 14:12:00,2011-09-26 14:12:00,75,1,316.68,316.68,185,1,75,0.0,0.0,0.0,False,2,1,2,5,Hibernating,0,Lapsed
16761,United Kingdom,2011-09-04 11:15:00,2011-09-04 11:15:00,97,1,316.62,316.62,341,1,97,0.0,0.0,0.0,False,2,2,2,6,Hibernating,0,Lapsed
15204,United Kingdom,2010-12-17 13:49:00,2010-12-17 13:49:00,358,1,316.58,316.58,258,1,358,0.0,0.0,0.0,False,1,1,2,4,Hibernating,0,Lapsed
17458,United Kingdom,2011-11-24 13:01:00,2011-11-24 13:01:00,16,1,316.5,316.5,170,1,16,0.0,0.0,0.0,False,4,2,2,8,Potential Loyalists,4,Recent Starters
13494,United Kingdom,2011-02-01 11:58:00,2011-02-01 11:58:00,312,1,316.26000000000005,316.26000000000005,162,1,312,0.0,0.0,0.0,False,1,1,2,4,Hibernating,0,Lapsed
14479,United Kingdom,2010-12-09 12:59:00,2011-03-31 09:07:00,254,2,316.25,158.125,117,2,366,0.0,0.0,0.0,True,1,3,2,6,At Risk,0,Lapsed
16473,United Kingdom,2011-01-07 10:55:00,2011-06-28 09:10:00,165,3,316.11,105.37,196,3,337,1.25,1.0,0.3938744643307285,True,2,4,2,8,At Risk,0,Lapsed
12614,Germany,2011-03-07 10:22:00,2011-03-07 10:22:00,278,1,315.6,315.6,76,1,278,0.0,0.0,0.0,False,1,1,2,4,Hibernating,0,Lapsed
16091,United Kingdom,2011-05-25 09:18:00,2011-07-08 08:45:00,155,2,315.06,157.53,154,2,199,0.0,0.0,0.0,True,2,3,2,7,At Risk,0,Lapsed
15766,United Kingdom,2011-10-06 17:03:00,2011-10-06 17:03:00,65,1,315.06,315.06,170,1,65,0.0,0.0,0.0,False,3,2,2,7,Occasional,4,Recent Starters
17237,United Kingdom,2011-11-17 12:55:00,2011-11-28 15:02:00,12,2,314.69,157.345,105,1,23,0.0,0.0,0.0,True,5,3,2,10,Potential Loyalists,4,Recent Starters
16193,United Kingdom,2011-04-17 11:45:00,2011-04-17 11:45:00,237,1,314.45,314.45,219,1,237,0.0,0.0,0.0,False,1,2,2,5,Hibernating,0,Lapsed
12650,France,2011-12-06 16:34:00,2011-12-06 16:34:00,4,1,314.44,314.44,254,1,4,0.0,0.0,0.0,False,5,1,2,8,New Customers,4,Recent Starters
16227,United Kingdom,2011-04-28 13:33:00,2011-04-28 13:33:00,226,1,314.22,314.22,90,1,226,5.9,1.0,1.8430588529301513,False,1,2,2,5,Hibernating,0,Lapsed
15970,United Kingdom,2011-02-09 12:08:00,2011-02-09 12:08:00,304,1,314.1,314.1,116,1,304,0.0,0.0,0.0,False,1,2,2,5,Hibernating,0,Lapsed
13484,United Kingdom,2011-04-12 16:30:00,2011-04-12 16:30:00,242,1,313.8,313.8,44,1,242,0.0,0.0,0.0,False,1,1,2,4,Hibernating,0,Lapsed
16582,United Kingdom,2011-08-18 17:02:00,2011-08-18 17:02:00,114,1,313.62,313.62,164,1,114,0.0,0.0,0.0,False,2,2,2,6,Hibernating,0,Lapsed
14729,United Kingdom,2010-12-01 12:43:00,2010-12-01 12:43:00,374,1,313.49,313.49,197,1,374,0.0,0.0,0.0,False,1,1,2,4,Hibernating,0,Lapsed
13845,United Kingdom,2011-10-06 08:25:00,2011-10-06 08:25:00,65,1,312.98,312.98,182,1,65,0.0,0.0,0.0,False,3,1,2,6,Occasional,4,Recent Starters
15318,United Kingdom,2011-12-06 11:30:00,2011-12-06 11:30:00,4,1,312.62,312.62,642,1,4,0.0,0.0,0.0,False,5,1,2,8,New Customers,4,Recent Starters
12834,United Kingdom,2011-03-02 09:49:00,2011-03-02 09:49:00,283,1,312.38,312.38,110,1,283,0.0,0.0,0.0,False,1,1,2,4,Hibernating,0,Lapsed
17362,United Kingdom,2011-02-03 10:26:00,2011-04-14 14:43:00,240,2,312.23,156.115,191,2,310,0.0,0.0,0.0,True,1,3,2,6,At Risk,0,Lapsed
17070,United Kingdom,2011-08-17 17:01:00,2011-08-17 17:01:00,115,1,312.14,312.14,133,1,115,0.0,0.0,0.0,False,2,2,2,6,Hibernating,0,Lapsed
12785,Portugal,2010-12-10 13:48:00,2010-12-10 13:48:00,365,1,311.95,311.95,131,1,365,6.24,1.0,1.9610924290518243,False,1,1,2,4,Hibernating,0,Lapsed
16450,United Kingdom,2011-07-13 11:47:00,2011-07-13 11:47:00,150,1,311.92,311.92,200,1,150,0.0,0.0,0.0,False,2,2,2,6,Hibernating,0,Lapsed
14142,United Kingdom,2010-12-01 16:33:00,2010-12-01 16:33:00,374,1,311.81,311.81,313,1,374,0.0,0.0,0.0,False,1,1,2,4,Hibernating,0,Lapsed
15326,United Kingdom,2011-01-10 11:38:00,2011-01-10 11:38:00,334,1,311.71,311.71,386,1,334,0.0,0.0,0.0,False,1,1,2,4,Hibernating,0,Lapsed
14951,United Kingdom,2011-09-21 15:15:00,2011-09-21 15:15:00,80,1,311.69,311.69,311,1,80,0.0,0.0,0.0,False,2,1,2,5,Hibernating,0,Lapsed
14327,United Kingdom,2011-06-29 13:58:00,2011-06-29 13:58:00,164,1,311.65,311.65,139,1,164,0.0,0.0,0.0,False,2,1,2,5,Hibernating,0,Lapsed
12852,United Kingdom,2011-02-18 08:47:00,2011-02-18 08:47:00,295,1,311.55,311.55,149,1,295,11.8,1.0,3.649296428019174,False,1,1,2,4,Hibernating,0,Lapsed
13990,United Kingdom,2011-05-10 15:19:00,2011-05-10 15:19:00,214,1,311.3,311.3,190,1,214,0.0,0.0,0.0,False,1,1,2,4,Hibernating,0,Lapsed
17854,United Kingdom,2011-04-26 16:53:00,2011-06-07 16:21:00,186,2,311.26,155.63,84,2,228,0.0,0.0,0.0,True,1,3,2,6,At Risk,0,Lapsed
16781,United Kingdom,2010-12-02 14:26:00,2010-12-02 14:26:00,373,1,311.25,311.25,113,1,373,16.599999999999998,1.0,5.063291139240505,False,1,2,2,5,Hibernating,0,Lapsed
13897,United Kingdom,2011-10-20 14:30:00,2011-10-20 14:30:00,51,1,311.16,311.16,200,1,51,0.0,0.0,0.0,False,3,1,2,6,Occasional,4,Recent Starters
17912,United Kingdom,2010-12-10 11:11:00,2011-02-02 14:25:00,311,5,311.01,62.202,185,2,365,15.399999999999999,1.0,4.717992708556723,True,1,4,2,7,At Risk,1,Growth Potential
17266,United Kingdom,2011-07-15 11:57:00,2011-12-07 14:12:00,3,3,310.64,103.54666666666667,161,2,148,0.0,0.0,0.0,True,5,4,2,11,Loyal,4,Recent Starters
15185,United Kingdom,2011-09-30 14:06:00,2011-09-30 14:06:00,71,1,310.62,310.62,666,1,71,0.0,0.0,0.0,False,3,1,2,6,Occasional,0,Lapsed
15308,United Kingdom,2011-03-10 13:08:00,2011-03-10 13:08:00,275,1,310.47,310.47,175,1,275,8.2,1.0,2.5731948410581476,False,1,1,2,4,Hibernating,0,Lapsed
14311,United Kingdom,2011-04-11 10:14:00,2011-04-11 10:14:00,243,1,310.26,310.26,146,1,243,80.55,1.0,20.611038612113305,False,1,1,2,4,Hibernating,0,Lapsed
14924,United Kingdom,2011-04-08 09:25:00,2011-04-08 09:25:00,246,1,310.05,310.05,64,1,246,0.0,0.0,0.0,False,1,1,2,4,Hibernating,0,Lapsed
15661,United Kingdom,2011-01-05 12:32:00,2011-01-26 13:56:00,318,2,309.8,154.9,236,1,339,0.0,0.0,0.0,True,1,3,2,6,At Risk,0,Lapsed
15699,United Kingdom,2011-11-22 08:26:00,2011-11-22 08:26:00,18,1,309.65,309.65,113,1,18,0.0,0.0,0.0,False,4,1,2,7,Occasional,4,Recent Starters
16810,United Kingdom,2011-05-31 15:32:00,2011-05-31 15:32:00,193,1,309.54,309.54,114,1,193,33.9,1.0,9.870719776380154,False,1,2,2,5,Hibernating,0,Lapsed
14339,United Kingdom,2011-04-11 11:06:00,2011-04-11 11:06:00,243,1,309.52,309.52,168,1,243,19.61,3.0,5.958132045088567,False,1,1,2,4,Hibernating,0,Lapsed
14847,United Kingdom,2011-07-14 10:52:00,2011-07-14 10:52:00,149,1,309.4,309.4,120,1,149,0.0,0.0,0.0,False,2,1,2,5,Hibernating,0,Lapsed
17604,United Kingdom,2011-01-31 15:09:00,2011-05-06 13:43:00,218,2,309.36,154.68,169,2,313,0.0,0.0,0.0,True,1,3,2,6,At Risk,0,Lapsed
12884,United Kingdom,2011-09-12 13:10:00,2011-09-12 13:10:00,89,1,309.05,309.05,43,1,89,0.0,0.0,0.0,False,2,1,2,5,Hibernating,0,Lapsed
13787,United Kingdom,2010-12-10 14:45:00,2011-09-25 12:06:00,76,2,309.04,154.52,337,2,365,0.0,0.0,0.0,True,2,2,2,6,Hibernating,4,Recent Starters
15010,United Kingdom,2011-11-04 12:42:00,2011-11-04 12:42:00,36,1,308.94,308.94,184,1,36,0.0,0.0,0.0,False,3,1,2,6,Occasional,4,Recent Starters
16956,United Kingdom,2011-11-22 08:56:00,2011-11-22 08:56:00,18,1,308.74,308.74,114,1,18,16.4,1.0,5.043981054315064,False,4,2,2,8,Potential Loyalists,4,Recent Starters
13699,United Kingdom,2011-07-07 16:51:00,2011-07-07 16:51:00,156,1,308.58000000000004,308.58000000000004,66,1,156,0.0,0.0,0.0,False,2,1,2,5,Hibernating,0,Lapsed
17510,United Kingdom,2011-11-15 10:00:00,2011-11-15 10:00:00,25,1,308.48,308.48,214,1,25,0.0,0.0,0.0,False,4,2,2,8,Potential Loyalists,4,Recent Starters
13369,United Kingdom,2010-12-09 11:30:00,2010-12-09 11:30:00,366,1,308.28000000000003,308.28000000000003,149,1,366,44.53,1.0,12.621524333210507,False,1,1,2,4,Hibernating,0,Lapsed
13466,United Kingdom,2011-06-08 16:39:00,2011-06-08 16:39:00,185,1,307.9,307.9,259,1,185,9.95,1.0,3.1304074248859526,False,1,1,2,4,Hibernating,0,Lapsed
15973,United Kingdom,2010-12-08 11:42:00,2010-12-08 11:42:00,367,1,307.82000000000005,307.82000000000005,106,1,367,208.04999999999998,2.0,40.32992808265648,False,1,2,2,5,Hibernating,0,Lapsed
16123,United Kingdom,2011-10-19 09:18:00,2011-10-19 09:18:00,52,1,307.78,307.78,170,1,52,0.0,0.0,0.0,False,3,2,2,7,Occasional,4,Recent Starters
13529,United Kingdom,2011-05-19 11:50:00,2011-09-22 09:15:00,79,2,307.76,153.88,74,2,205,0.0,0.0,0.0,True,2,2,2,6,Hibernating,0,Lapsed
13395,United Kingdom,2011-06-07 15:04:00,2011-06-07 15:04:00,186,1,307.72,307.72,336,1,186,0.0,0.0,0.0,False,1,1,2,4,Hibernating,0,Lapsed
13060,United Kingdom,2011-03-31 11:37:00,2011-03-31 11:37:00,254,1,307.53,307.53,123,1,254,0.0,0.0,0.0,False,1,1,2,4,Hibernating,0,Lapsed
14915,United Kingdom,2011-03-07 09:39:00,2011-09-09 13:34:00,92,2,307.48,153.74,112,2,278,48.65,1.0,13.660741863926095,True,2,3,2,7,At Risk,0,Lapsed
17120,United Kingdom,2011-04-20 15:21:00,2011-04-20 15:21:00,234,1,307.46,307.46,120,1,234,0.0,0.0,0.0,False,1,2,2,5,Hibernating,0,Lapsed
13932,United Kingdom,2011-02-18 12:02:00,2011-02-18 12:02:00,295,1,307.4,307.4,72,1,295,0.0,0.0,0.0,False,1,1,2,4,Hibernating,0,Lapsed
13142,United Kingdom,2011-11-20 16:07:00,2011-11-20 16:07:00,20,1,307.09,307.09,258,1,20,0.0,0.0,0.0,False,4,1,2,7,Occasional,4,Recent Starters
17334,United Kingdom,2011-02-04 09:03:00,2011-02-10 14:59:00,303,2,307.02,153.51,315,1,309,0.42,1.0,0.1366120218579235,True,1,3,2,6,At Risk,0,Lapsed
15087,United Kingdom,2011-03-03 10:34:00,2011-03-03 10:34:00,282,1,306.94,306.94,470,1,282,0.0,0.0,0.0,False,1,1,2,4,Hibernating,0,Lapsed
17551,United Kingdom,2010-12-15 14:12:00,2010-12-15 14:12:00,360,1,306.84,306.84,150,1,360,0.0,0.0,0.0,False,1,2,2,5,Hibernating,0,Lapsed
13762,United Kingdom,2011-05-05 09:15:00,2011-05-05 09:15:00,219,1,306.72,306.72,272,1,219,306.71999999999997,1.0,49.99999999999999,False,1,1,2,4,Hibernating,0,Lapsed
16668,United Kingdom,2011-02-28 12:46:00,2011-11-24 17:43:00,16,6,306.71999999999997,51.12,318,6,285,0.0,0.0,0.0,True,4,5,2,11,Loyal,3,Core Regulars
13718,United Kingdom,2011-02-17 11:58:00,2011-04-07 13:24:00,247,2,306.55,153.275,173,2,296,0.0,0.0,0.0,True,1,2,2,5,Hibernating,0,Lapsed
18059,United Kingdom,2011-10-03 09:30:00,2011-11-16 16:49:00,24,3,306.46,102.15333333333332,258,2,68,9.75,1.0,3.083393947060498,True,4,4,2,10,Loyal,4,Recent Starters
15659,United Kingdom,2011-10-27 09:23:00,2011-10-27 09:23:00,44,1,306.45,306.45,111,1,44,0.0,0.0,0.0,False,3,1,2,6,Occasional,4,Recent Starters
17176,United Kingdom,2011-05-22 12:41:00,2011-05-22 12:41:00,202,1,306.13,306.13,170,1,202,0.0,0.0,0.0,False,1,2,2,5,Hibernating,0,Lapsed
13863,United Kingdom,2011-04-06 10:20:00,2011-04-06 10:20:00,248,1,305.78,305.78,224,1,248,6.22,1.0,1.9935897435897436,False,1,1,2,4,Hibernating,0,Lapsed
15219,United Kingdom,2011-06-16 16:57:00,2011-06-16 16:57:00,177,1,305.75,305.75,45,1,177,0.0,0.0,0.0,False,2,1,2,5,Hibernating,0,Lapsed
16796,United Kingdom,2011-09-11 14:01:00,2011-09-11 14:01:00,90,1,305.62,305.62,186,1,90,0.0,0.0,0.0,False,2,2,2,6,Hibernating,0,Lapsed
16181,United Kingdom,2011-09-27 13:38:00,2011-09-27 13:38:00,74,1,305.54,305.54,152,1,74,0.0,0.0,0.0,False,2,2,2,6,Hibernating,0,Lapsed
13045,United Kingdom,2011-09-01 15:04:00,2011-09-01 15:04:00,100,1,305.28000000000003,305.28000000000003,221,1,100,0.0,0.0,0.0,False,2,1,2,5,Hibernating,0,Lapsed
18220,United Kingdom,2011-04-27 09:03:00,2011-04-27 09:03:00,227,1,305.28000000000003,305.28000000000003,288,1,227,7.5,1.0,2.3978515250335697,False,1,2,2,5,Hibernating,0,Lapsed
12623,Germany,2011-03-08 13:50:00,2011-03-08 13:50:00,277,1,305.1,305.1,191,1,277,0.0,0.0,0.0,False,1,1,2,4,Hibernating,0,Lapsed
13667,United Kingdom,2011-07-13 15:42:00,2011-07-13 15:42:00,150,1,305.02,305.02,154,1,150,0.0,0.0,0.0,False,2,1,2,5,Hibernating,0,Lapsed
17941,United Kingdom,2011-08-01 08:30:00,2011-08-01 08:30:00,131,1,304.56,304.56,252,1,131,0.0,0.0,0.0,False,2,2,2,6,Hibernating,0,Lapsed
15163,United Kingdom,2011-05-31 15:22:00,2011-11-21 13:10:00,19,2,304.47,152.235,186,2,193,0.0,0.0,0.0,True,4,3,2,9,Potential Loyalists,4,Recent Starters
18185,United Kingdom,2011-04-04 13:42:00,2011-04-04 13:42:00,250,1,304.25,304.25,183,1,250,0.0,0.0,0.0,False,1,2,2,5,Hibernating,0,Lapsed
16217,United Kingdom,2011-03-02 15:28:00,2011-04-18 13:31:00,236,2,304.25,152.125,91,2,283,44.86,2.0,12.849818108905502,True,1,3,2,6,At Risk,0,Lapsed
17732,United Kingdom,2010-12-02 09:29:00,2010-12-02 09:29:00,373,1,303.97,303.97,93,1,373,0.0,0.0,0.0,False,1,2,2,5,Hibernating,0,Lapsed
16400,United Kingdom,2011-09-06 12:27:00,2011-09-06 12:27:00,95,1,303.93,303.93,172,1,95,0.0,0.0,0.0,False,2,2,2,6,Hibernating,0,Lapsed
13083,United Kingdom,2011-09-25 10:46:00,2011-12-05 15:01:00,5,2,303.75,151.875,187,2,76,0.0,0.0,0.0,True,5,2,2,9,Potential Loyalists,4,Recent Starters
17433,United Kingdom,2011-09-12 14:24:00,2011-09-12 14:24:00,89,1,303.15999999999997,303.15999999999997,185,1,89,0.0,0.0,0.0,False,2,2,2,6,Hibernating,0,Lapsed
15060,United Kingdom,2011-11-30 14:03:00,2011-12-01 13:47:00,9,4,303.09,75.7725,263,2,10,0.0,0.0,0.0,True,5,4,2,11,Loyal,4,Recent Starters
16425,United Kingdom,2011-02-10 14:30:00,2011-02-10 14:30:00,303,1,302.7,302.7,199,1,303,0.0,0.0,0.0,False,1,2,2,5,Hibernating,0,Lapsed
14248,United Kingdom,2011-01-25 14:45:00,2011-01-25 14:45:00,319,1,302.58,302.58,102,1,319,0.0,0.0,0.0,False,1,1,2,4,Hibernating,0,Lapsed
18165,United Kingdom,2011-06-15 13:23:00,2011-06-15 13:23:00,178,1,302.46000000000004,302.46000000000004,254,1,178,0.0,0.0,0.0,False,2,2,2,6,Hibernating,0,Lapsed
16104,United Kingdom,2011-10-09 10:23:00,2011-10-09 10:23:00,62,1,302.36,302.36,123,1,62,0.0,0.0,0.0,False,3,2,2,7,Occasional,4,Recent Starters
16292,United Kingdom,2011-08-10 12:24:00,2011-08-10 12:24:00,122,1,302.25,302.25,191,1,122,21.349999999999998,1.0,6.597651421508034,False,2,2,2,6,Hibernating,0,Lapsed
17506,United Kingdom,2011-09-25 11:39:00,2011-09-25 11:39:00,76,1,302.2,302.2,139,1,76,7.91,1.0,2.5507078133565506,False,2,2,2,6,Hibernating,0,Lapsed
15054,United Kingdom,2011-10-30 14:33:00,2011-11-27 15:02:00,13,2,302.1,151.05,198,2,41,0.0,0.0,0.0,True,5,3,2,10,Potential Loyalists,4,Recent Starters
17094,United Kingdom,2011-01-21 13:09:00,2011-01-21 13:09:00,323,1,302.0,302.0,152,1,323,31.8,1.0,9.526662672258837,False,1,2,2,5,Hibernating,0,Lapsed
16297,United Kingdom,2011-03-16 08:29:00,2011-03-16 08:29:00,269,1,301.9,301.9,206,1,269,26.499999999999996,3.0,8.069427527405603,False,1,2,2,5,Hibernating,0,Lapsed
16715,United Kingdom,2011-09-22 18:15:00,2011-09-22 18:15:00,79,1,301.71999999999997,301.71999999999997,642,1,79,0.0,0.0,0.0,False,2,2,2,6,Hibernating,0,Lapsed
15667,United Kingdom,2011-10-31 10:56:00,2011-10-31 10:56:00,40,1,301.32,301.32,240,1,40,0.0,0.0,0.0,False,3,1,2,6,Occasional,4,Recent Starters
15148,United Kingdom,2011-11-29 08:21:00,2011-11-29 08:21:00,11,1,301.29,301.29,187,1,11,0.0,0.0,0.0,False,5,1,2,8,New Customers,4,Recent Starters
15623,United Kingdom,2011-07-21 17:26:00,2011-07-21 17:26:00,142,1,301.03,301.03,125,1,142,0.0,0.0,0.0,False,2,1,2,5,Hibernating,0,Lapsed
13479,United Kingdom,2011-04-19 11:27:00,2011-05-23 10:45:00,201,2,300.95,150.475,134,2,235,9.95,1.0,3.200385976198134,True,1,2,2,5,Hibernating,0,Lapsed
17978,United Kingdom,2010-12-09 14:05:00,2010-12-09 14:05:00,366,1,300.91999999999996,300.91999999999996,499,1,366,0.0,0.0,0.0,False,1,2,2,5,Hibernating,0,Lapsed
16430,United Kingdom,2011-10-13 14:47:00,2011-10-13 14:47:00,58,1,300.85,300.85,103,1,58,0.0,0.0,0.0,False,3,2,2,7,Occasional,4,Recent Starters
16479,United Kingdom,2011-11-29 13:04:00,2011-11-29 13:40:00,11,2,300.83,150.415,102,1,11,0.0,0.0,0.0,True,5,3,2,10,Potential Loyalists,4,Recent Starters
14762,United Kingdom,2011-03-21 08:20:00,2011-03-21 08:20:00,264,1,300.52,300.52,341,1,264,0.0,0.0,0.0,False,1,1,2,4,Hibernating,0,Lapsed
13304,United Kingdom,2010-12-23 14:35:00,2010-12-23 14:35:00,352,1,300.42,300.42,238,1,352,0.0,0.0,0.0,False,1,1,2,4,Hibernating,0,Lapsed
15254,United Kingdom,2011-08-04 15:04:00,2011-08-04 15:04:00,128,1,300.36,300.36,275,1,128,0.0,0.0,0.0,False,2,1,2,5,Hibernating,0,Lapsed
13745,United Kingdom,2011-06-30 16:43:00,2011-06-30 16:43:00,163,1,300.04,300.04,496,1,163,8.5,1.0,2.75491022233746,False,2,1,2,5,Hibernating,0,Lapsed
18053,United Kingdom,2011-09-30 09:05:00,2011-09-30 09:05:00,71,1,300.02,300.02,302,1,71,2.95,1.0,0.9736937650592469,False,3,2,2,7,Occasional,0,Lapsed
16402,United Kingdom,2010-12-05 13:42:00,2011-03-20 12:25:00,265,2,299.6,149.8,149,2,370,0.0,0.0,0.0,True,1,3,2,6,At Risk,0,Lapsed
18215,United Kingdom,2011-09-11 16:05:00,2011-09-11 16:05:00,90,1,299.34000000000003,299.34000000000003,118,1,90,0.0,0.0,0.0,False,2,2,2,6,Hibernating,0,Lapsed
17124,United Kingdom,2011-06-07 14:02:00,2011-06-07 14:02:00,186,1,298.89,298.89,130,1,186,0.0,0.0,0.0,False,1,2,2,5,Hibernating,0,Lapsed
15609,United Kingdom,2011-06-08 13:00:00,2011-06-08 13:00:00,185,1,298.48,298.48,148,1,185,28.45,1.0,8.702168659957788,False,1,1,2,4,Hibernating,0,Lapsed
17255,United Kingdom,2011-02-13 15:18:00,2011-10-30 12:18:00,41,2,298.41,149.205,232,2,300,0.0,0.0,0.0,True,3,3,2,8,Occasional,4,Recent Starters
17824,United Kingdom,2011-10-19 14:14:00,2011-10-19 14:14:00,52,1,298.4,298.4,408,1,52,0.0,0.0,0.0,False,3,2,2,7,Occasional,4,Recent Starters
17678,United Kingdom,2011-03-21 11:52:00,2011-03-21 11:52:00,264,1,298.11,298.11,207,1,264,0.0,0.0,0.0,False,1,2,2,5,Hibernating,0,Lapsed
12881,United Kingdom,2011-03-09 11:44:00,2011-03-09 11:44:00,276,1,298.0,298.0,21,1,276,0.0,0.0,0.0,False,1,1,2,4,Hibernating,0,Lapsed
15857,United Kingdom,2011-11-21 12:18:00,2011-11-21 12:18:00,19,1,297.0,297.0,308,1,19,0.0,0.0,0.0,False,4,2,2,8,Potential Loyalists,4,Recent Starters
13708,United Kingdom,2011-03-13 13:46:00,2011-03-13 13:46:00,272,1,296.88,296.88,306,1,272,0.0,0.0,0.0,False,1,1,2,4,Hibernating,0,Lapsed
14985,United Kingdom,2010-12-16 19:51:00,2011-05-25 14:29:00,199,2,296.75,148.375,260,2,359,0.0,0.0,0.0,True,1,3,2,6,At Risk,0,Lapsed
17531,United Kingdom,2011-06-02 19:17:00,2011-06-02 19:17:00,191,1,296.7,296.7,136,1,191,3.25,1.0,1.0835139189864977,False,1,2,2,5,Hibernating,0,Lapsed
13441,United Kingdom,2011-09-09 09:38:00,2011-09-09 09:38:00,92,1,296.64,296.64,204,1,92,0.0,0.0,0.0,False,2,1,2,5,Hibernating,0,Lapsed
15154,United Kingdom,2011-09-25 16:05:00,2011-09-25 16:05:00,76,1,296.42,296.42,104,1,76,56.15,1.0,15.925915421051139,False,2,1,2,5,Hibernating,0,Lapsed
13751,United Kingdom,2011-02-24 15:56:00,2011-02-24 15:56:00,289,1,296.25,296.25,152,1,289,0.0,0.0,0.0,False,1,1,2,4,Hibernating,0,Lapsed
13504,United Kingdom,2011-10-06 13:20:00,2011-10-06 13:20:00,65,1,295.93,295.93,178,1,65,0.0,0.0,0.0,False,3,1,2,6,Occasional,4,Recent Starters
16998,United Kingdom,2011-02-08 15:42:00,2011-07-13 09:44:00,150,4,295.0,73.75,76,3,305,7.98,2.0,2.633837216978018,True,2,4,2,8,At Risk,1,Growth Potential
13573,United Kingdom,2011-03-31 14:47:00,2011-10-20 14:33:00,51,2,294.4,147.2,303,2,254,0.0,0.0,0.0,True,3,2,2,7,Occasional,4,Recent Starters
15732,United Kingdom,2010-12-02 15:00:00,2011-05-11 14:24:00,213,2,294.12,147.06,215,2,373,0.0,0.0,0.0,True,1,3,2,6,At Risk,0,Lapsed
17163,United Kingdom,2011-09-22 15:54:00,2011-11-18 08:57:00,22,2,293.1,146.55,66,2,79,0.0,0.0,0.0,True,4,3,2,9,Potential Loyalists,4,Recent Starters
12829,United Kingdom,2010-12-14 14:54:00,2011-01-07 11:13:00,337,2,293.0,146.5,376,2,361,39.95,1.0,11.998798618411175,True,1,2,2,5,Hibernating,0,Lapsed
15545,United Kingdom,2010-12-03 17:28:00,2011-10-16 13:24:00,55,2,292.71999999999997,146.35999999999999,163,2,372,0.0,0.0,0.0,True,3,3,2,8,Occasional,4,Recent Starters
16721,United Kingdom,2011-03-22 16:08:00,2011-03-22 16:08:00,263,1,292.47,292.47,172,1,263,0.0,0.0,0.0,False,1,2,2,5,Hibernating,0,Lapsed
13259,United Kingdom,2011-10-09 10:48:00,2011-10-09 10:48:00,62,1,292.32,292.32,132,1,62,0.0,0.0,0.0,False,3,1,2,6,Occasional,4,Recent Starters
13502,United Kingdom,2011-01-20 09:03:00,2011-11-23 10:39:00,17,3,292.0,97.33333333333333,264,3,324,0.0,0.0,0.0,True,4,3,2,9,Potential Loyalists,4,Recent Starters
13449,United Kingdom,2011-11-16 08:28:00,2011-11-16 08:28:00,24,1,291.88,291.88,222,1,24,0.0,0.0,0.0,False,4,1,2,7,Occasional,4,Recent Starters
13544,United Kingdom,2011-04-13 12:09:00,2011-10-31 11:57:00,40,2,291.41,145.705,127,2,241,0.0,0.0,0.0,True,3,2,2,7,Occasional,4,Recent Starters
14656,United Kingdom,2011-03-01 13:19:00,2011-06-23 13:51:00,170,2,291.05,145.525,120,2,284,0.0,0.0,0.0,True,2,3,2,7,At Risk,0,Lapsed
14947,United Kingdom,2011-08-01 09:31:00,2011-09-28 15:48:00,73,2,290.82,145.41,179,2,131,0.0,0.0,0.0,True,2,3,2,7,At Risk,4,Recent Starters
16648,United Kingdom,2011-10-28 08:58:00,2011-10-28 08:58:00,43,1,290.65999999999997,290.65999999999997,281,1,43,19.8,1.0,6.3776331894608,False,3,2,2,7,Occasional,4,Recent Starters
15279,United Kingdom,2010-12-20 10:48:00,2010-12-20 10:48:00,355,1,290.51,290.51,189,1,355,13.100000000000001,1.0,4.314745891110307,False,1,1,2,4,Hibernating,0,Lapsed
17691,United Kingdom,2010-12-06 11:10:00,2010-12-16 17:20:00,359,2,290.40000000000003,145.20000000000002,134,1,369,0.0,0.0,0.0,True,1,3,2,6,At Risk,0,Lapsed
16526,United Kingdom,2011-06-21 12:02:00,2011-06-21 12:02:00,172,1,290.36,290.36,106,1,172,0.0,0.0,0.0,False,2,2,2,6,Hibernating,0,Lapsed
17081,United Kingdom,2011-10-24 13:08:00,2011-11-14 12:56:00,26,2,290.16,145.08,78,2,47,0.0,0.0,0.0,True,4,3,2,9,Potential Loyalists,4,Recent Starters
14784,United Kingdom,2011-01-20 09:25:00,2011-11-13 13:30:00,27,2,289.99,144.995,237,2,324,0.0,0.0,0.0,True,4,3,2,9,Potential Loyalists,4,Recent Starters
17464,United Kingdom,2011-07-04 13:19:00,2011-07-04 13:19:00,159,1,289.96000000000004,289.96000000000004,220,1,159,0.0,0.0,0.0,False,2,2,2,6,Hibernating,0,Lapsed
14953,United Kingdom,2011-11-14 14:59:00,2011-11-14 14:59:00,26,1,289.82,289.82,225,1,26,0.0,0.0,0.0,False,4,1,2,7,Occasional,4,Recent Starters
16897,United Kingdom,2011-01-30 11:52:00,2011-02-13 15:02:00,300,2,289.78,144.89,73,2,314,76.75,1.0,20.939622950372414,True,1,3,2,6,At Risk,0,Lapsed
14162,United Kingdom,2011-02-20 12:32:00,2011-06-19 11:36:00,174,2,289.36,144.68,142,2,293,0.0,0.0,0.0,True,2,3,2,7,At Risk,0,Lapsed
16125,United Kingdom,2010-12-07 15:48:00,2010-12-07 15:48:00,368,1,289.35,289.35,124,1,368,0.0,0.0,0.0,False,1,2,2,5,Hibernating,0,Lapsed
14549,United Kingdom,2011-02-01 13:47:00,2011-02-01 13:47:00,312,1,289.24,289.24,136,1,312,0.0,0.0,0.0,False,1,1,2,4,Hibernating,0,Lapsed
17501,United Kingdom,2011-05-03 09:46:00,2011-05-03 09:47:00,221,2,288.6,144.3,160,1,221,0.0,0.0,0.0,True,1,3,2,6,At Risk,0,Lapsed
16808,United Kingdom,2011-03-10 19:05:00,2011-09-01 19:34:00,100,2,288.42,144.21,196,2,275,0.0,0.0,0.0,True,2,3,2,7,At Risk,0,Lapsed
15396,United Kingdom,2011-08-19 10:56:00,2011-08-19 10:56:00,113,1,288.18,288.18,122,1,113,0.0,0.0,0.0,False,2,1,2,5,Hibernating,0,Lapsed
17977,United Kingdom,2011-11-10 13:28:00,2011-11-10 13:28:00,30,1,288.14,288.14,342,1,30,0.0,0.0,0.0,False,4,2,2,8,Potential Loyalists,4,Recent Starters
17080,United Kingdom,2011-03-15 12:05:00,2011-11-17 12:59:00,23,2,287.62,143.81,166,2,270,2.12,1.0,0.731690481121005,True,4,3,2,9,Potential Loyalists,4,Recent Starters
17760,United Kingdom,2010-12-01 15:08:00,2011-11-18 10:56:00,22,2,287.59,143.795,239,2,374,0.0,0.0,0.0,True,4,3,2,9,Potential Loyalists,4,Recent Starters
16432,United Kingdom,2011-10-06 13:59:00,2011-10-06 13:59:00,65,1,287.4,287.4,276,1,65,0.0,0.0,0.0,False,3,2,2,7,Occasional,4,Recent Starters
13760,United Kingdom,2011-03-28 12:52:00,2011-10-16 16:13:00,55,2,286.79,143.395,197,2,257,0.0,0.0,0.0,True,3,2,2,7,Occasional,4,Recent Starters
16555,United Kingdom,2011-08-22 12:32:00,2011-11-04 14:31:00,36,2,285.89,142.945,175,2,110,0.0,0.0,0.0,True,3,3,2,8,Occasional,4,Recent Starters
14660,United Kingdom,2011-08-31 10:40:00,2011-09-14 11:34:00,87,2,285.74,142.87,228,2,101,0.0,0.0,0.0,True,2,3,2,7,At Risk,0,Lapsed
17636,United Kingdom,2011-11-20 14:40:00,2011-11-20 14:40:00,20,1,285.56,285.56,182,1,20,19.630000000000003,1.0,6.432058717520234,False,4,2,2,8,Potential Loyalists,4,Recent Starters
16429,United Kingdom,2011-08-25 13:54:00,2011-08-25 13:54:00,107,1,284.55,284.55,9,1,107,0.0,0.0,0.0,False,2,2,2,6,Hibernating,0,Lapsed
18190,United Kingdom,2011-01-13 10:35:00,2011-05-31 14:48:00,193,2,284.46000000000004,142.23000000000002,140,2,331,9.95,1.0,3.379640637206616,True,1,3,2,6,At Risk,0,Lapsed
13121,United Kingdom,2011-03-15 16:47:00,2011-03-15 16:47:00,270,1,283.73,283.73,252,1,270,29.0,1.0,9.273174943241774,False,1,1,2,4,Hibernating,0,Lapsed
13439,United Kingdom,2011-03-29 14:20:00,2011-03-29 14:20:00,256,1,283.71,283.71,242,1,256,0.0,0.0,0.0,False,1,1,2,4,Hibernating,0,Lapsed
12703,Germany,2011-09-29 17:52:00,2011-09-29 17:52:00,72,1,283.55,283.55,164,1,72,8.850000000000001,1.0,3.0266757865937075,False,3,1,2,6,Occasional,0,Lapsed
17783,United Kingdom,2011-04-06 10:07:00,2011-09-28 16:07:00,73,2,283.47,141.735,354,2,248,0.0,0.0,0.0,True,2,3,2,7,At Risk,4,Recent Starters
17251,United Kingdom,2010-12-12 11:06:00,2010-12-12 11:06:00,363,1,283.28000000000003,283.28000000000003,110,1,363,0.0,0.0,0.0,False,1,2,2,5,Hibernating,0,Lapsed
18270,United Kingdom,2011-03-18 12:41:00,2011-11-01 13:57:00,39,2,283.15,141.575,101,2,267,44.2,1.0,13.502367496563313,True,3,3,2,8,Occasional,4,Recent Starters
17694,United Kingdom,2011-07-21 12:00:00,2011-07-21 12:00:00,142,1,283.12,283.12,184,1,142,0.0,0.0,0.0,False,2,2,2,6,Hibernating,0,Lapsed
14350,United Kingdom,2011-03-10 14:14:00,2011-03-10 14:14:00,275,1,282.93,282.93,183,1,275,24.229999999999997,1.0,7.88839692668316,False,1,1,2,4,Hibernating,0,Lapsed
13754,United Kingdom,2011-01-26 14:58:00,2011-07-11 11:51:00,152,2,282.59999999999997,141.29999999999998,214,2,318,0.0,0.0,0.0,True,2,2,2,6,Hibernating,0,Lapsed
13177,United Kingdom,2011-10-06 09:56:00,2011-10-06 09:56:00,65,1,282.45,282.45,91,1,65,0.0,0.0,0.0,False,3,1,2,6,Occasional,4,Recent Starters
17247,United Kingdom,2011-11-24 15:21:00,2011-11-24 15:21:00,16,1,282.19,282.19,106,1,16,0.0,0.0,0.0,False,4,2,2,8,Potential Loyalists,4,Recent Starters
16557,United Kingdom,2011-07-25 13:28:00,2011-11-15 14:04:00,25,2,281.85,140.925,111,2,138,0.0,0.0,0.0,True,4,3,2,9,Potential Loyalists,4,Recent Starters
17403,United Kingdom,2011-11-03 15:18:00,2011-11-03 15:18:00,37,1,281.62,281.62,117,1,37,0.0,0.0,0.0,False,3,2,2,7,Occasional,4,Recent Starters
16848,United Kingdom,2011-10-18 08:42:00,2011-10-18 08:42:00,53,1,281.42,281.42,182,1,53,0.0,0.0,0.0,False,3,2,2,7,Occasional,4,Recent Starters
14242,United Kingdom,2011-01-18 08:53:00,2011-04-19 11:46:00,235,2,280.55,140.275,123,2,326,0.0,0.0,0.0,True,1,3,2,6,At Risk,0,Lapsed
13606,United Kingdom,2011-02-01 11:42:00,2011-11-10 17:46:00,30,3,280.53999999999996,93.51333333333332,279,3,312,0.0,0.0,0.0,True,4,3,2,9,Potential Loyalists,4,Recent Starters
16149,United Kingdom,2011-07-20 14:54:00,2011-12-05 11:29:00,5,2,280.52,140.26,308,2,143,0.0,0.0,0.0,True,5,3,2,10,Potential Loyalists,4,Recent Starters
14975,United Kingdom,2011-10-13 14:08:00,2011-10-13 14:08:00,58,1,279.94,279.94,380,1,58,0.0,0.0,0.0,False,3,1,2,6,Occasional,4,Recent Starters
15556,United Kingdom,2011-11-15 16:08:00,2011-11-15 16:08:00,25,1,279.77,279.77,236,1,25,0.0,0.0,0.0,False,4,1,2,7,Occasional,4,Recent Starters
14480,United Kingdom,2011-11-28 16:35:00,2011-11-28 16:35:00,12,1,279.05,279.05,143,1,12,0.0,0.0,0.0,False,5,1,2,8,New Customers,4,Recent Starters
17786,United Kingdom,2011-01-26 14:35:00,2011-09-15 12:51:00,86,2,278.74,139.37,200,2,318,0.0,0.0,0.0,True,2,3,2,7,At Risk,0,Lapsed
14764,United Kingdom,2011-10-24 11:54:00,2011-10-24 11:54:00,47,1,278.3,278.3,190,1,47,27.75,1.0,9.067145891194249,False,3,1,2,6,Occasional,4,Recent Starters
14908,United Kingdom,2011-09-26 12:56:00,2011-09-26 12:56:00,75,1,277.8,277.8,132,1,75,0.0,0.0,0.0,False,2,1,2,5,Hibernating,0,Lapsed
17968,United Kingdom,2010-12-01 12:23:00,2010-12-01 12:23:00,374,1,277.35,277.35,160,1,374,0.0,0.0,0.0,False,1,2,2,5,Hibernating,0,Lapsed
13803,United Kingdom,2011-03-29 12:57:00,2011-03-29 12:57:00,256,1,277.07,277.07,121,1,256,0.0,0.0,0.0,False,1,1,2,4,Hibernating,0,Lapsed
15355,United Kingdom,2011-10-17 15:22:00,2011-11-10 13:44:00,30,2,277.05,138.525,45,2,54,0.0,0.0,0.0,True,4,3,2,9,Potential Loyalists,4,Recent Starters
16883,United Kingdom,2010-12-03 10:33:00,2011-06-05 12:51:00,188,2,276.73,138.365,104,2,372,0.0,0.0,0.0,True,1,3,2,6,At Risk,0,Lapsed
13272,United Kingdom,2011-09-11 12:06:00,2011-11-08 14:00:00,32,2,276.56,138.28,96,2,90,0.0,0.0,0.0,True,4,2,2,8,Potential Loyalists,4,Recent Starters
14508,United Kingdom,2011-09-11 11:29:00,2011-11-17 19:48:00,23,2,276.42,138.21,131,2,90,0.0,0.0,0.0,True,4,3,2,9,Potential Loyalists,4,Recent Starters
12750,Poland,2011-08-03 09:13:00,2011-08-03 09:13:00,129,1,275.88,275.88,137,1,129,0.0,0.0,0.0,False,2,1,2,5,Hibernating,0,Lapsed
14512,United Kingdom,2011-04-21 19:05:00,2011-06-05 12:39:00,188,2,275.28,137.64,122,2,233,0.0,0.0,0.0,True,1,3,2,6,At Risk,0,Lapsed
16313,United Kingdom,2011-10-21 09:04:00,2011-12-06 13:02:00,4,2,274.15000000000003,137.07500000000002,165,2,50,0.0,0.0,0.0,True,5,3,2,10,Potential Loyalists,4,Recent Starters
16727,United Kingdom,2010-12-10 13:48:00,2010-12-10 13:48:00,365,1,272.82,272.82,177,1,365,0.0,0.0,0.0,False,1,2,2,5,Hibernating,0,Lapsed
17254,United Kingdom,2011-11-24 14:09:00,2011-12-05 12:46:00,5,2,272.44,136.22,252,2,16,0.0,0.0,0.0,True,5,3,2,10,Potential Loyalists,4,Recent Starters
17498,United Kingdom,2011-09-25 12:25:00,2011-09-25 12:25:00,76,1,272.22,272.22,394,1,76,0.0,0.0,0.0,False,2,2,2,6,Hibernating,0,Lapsed
14819,United Kingdom,2011-05-31 13:50:00,2011-10-06 13:41:00,65,2,272.07,136.035,109,2,193,0.0,0.0,0.0,True,3,3,2,8,Occasional,4,Recent Starters
13917,United Kingdom,2011-06-01 12:46:00,2011-10-21 09:56:00,50,2,272.04,136.02,228,2,192,0.0,0.0,0.0,True,3,2,2,7,Occasional,4,Recent Starters
14816,United Kingdom,2011-05-26 13:16:00,2011-05-26 13:16:00,198,1,271.85,271.85,5,1,198,0.0,0.0,0.0,False,1,1,2,4,Hibernating,0,Lapsed
13058,United Kingdom,2011-07-11 12:01:00,2011-11-15 12:43:00,25,3,271.40000000000003,90.46666666666668,52,3,152,0.0,0.0,0.0,True,4,3,2,9,Potential Loyalists,4,Recent Starters
13837,United Kingdom,2011-01-26 12:15:00,2011-05-12 12:10:00,212,2,271.24,135.62,183,2,318,0.0,0.0,0.0,True,1,2,2,5,Hibernating,0,Lapsed
17767,United Kingdom,2011-11-24 14:42:00,2011-11-24 14:42:00,16,1,271.2,271.2,128,1,16,0.0,0.0,0.0,False,4,2,2,8,Potential Loyalists,4,Recent Starters
17496,United Kingdom,2010-12-16 08:39:00,2010-12-16 08:39:00,359,1,271.05,271.05,79,1,359,0.0,0.0,0.0,False,1,2,2,5,Hibernating,0,Lapsed
18108,United Kingdom,2011-03-30 13:56:00,2011-03-30 13:56:00,255,1,271.0,271.0,84,1,255,6.35,1.0,2.2895258698395526,False,1,2,2,5,Hibernating,0,Lapsed
17011,United Kingdom,2011-11-09 13:30:00,2011-11-09 13:30:00,31,1,270.9,270.9,186,1,31,0.0,0.0,0.0,False,4,2,2,8,Potential Loyalists,4,Recent Starters
15774,United Kingdom,2011-10-02 12:04:00,2011-10-02 12:04:00,69,1,270.8,270.8,87,1,69,0.0,0.0,0.0,False,3,2,2,7,Occasional,0,Lapsed
13533,United Kingdom,2011-03-17 12:47:00,2011-06-10 11:54:00,183,3,270.79,90.26333333333334,204,2,268,0.0,0.0,0.0,True,1,3,2,6,At Risk,0,Lapsed
14520,United Kingdom,2011-02-22 09:15:00,2011-12-08 09:46:00,2,2,270.6,135.3,146,2,291,0.0,0.0,0.0,True,5,3,2,10,Potential Loyalists,4,Recent Starters
13242,United Kingdom,2011-05-10 12:26:00,2011-08-19 12:53:00,113,3,270.40000000000003,90.13333333333334,130,2,214,0.0,0.0,0.0,True,2,3,2,7,At Risk,0,Lapsed
12558,USA,2011-12-02 10:41:00,2011-12-02 10:41:00,8,1,269.96,269.96,196,1,8,269.96,1.0,50.0,False,5,1,2,8,New Customers,4,Recent Starters
14727,United Kingdom,2011-03-10 14:45:00,2011-03-10 14:45:00,275,1,268.58,268.58,62,1,275,0.0,0.0,0.0,False,1,1,2,4,Hibernating,0,Lapsed
15408,United Kingdom,2011-03-20 15:02:00,2011-03-20 15:02:00,265,1,267.18,267.18,106,1,265,0.0,0.0,0.0,False,1,1,2,4,Hibernating,0,Lapsed
17550,United Kingdom,2011-04-10 15:19:00,2011-05-26 14:09:00,198,3,267.16,89.05333333333334,86,2,244,0.0,0.0,0.0,True,1,4,2,7,At Risk,0,Lapsed
15320,United Kingdom,2011-10-26 13:27:00,2011-10-26 13:27:00,45,1,267.13,267.13,326,1,45,0.0,0.0,0.0,False,3,1,2,6,Occasional,4,Recent Starters
17708,United Kingdom,2011-01-19 10:09:00,2011-06-05 10:12:00,188,2,267.08,133.54,91,2,325,0.0,0.0,0.0,True,1,3,2,6,At Risk,0,Lapsed
15517,United Kingdom,2011-04-20 14:02:00,2011-04-20 14:02:00,234,1,267.03,267.03,293,1,234,0.0,0.0,0.0,False,1,1,2,4,Hibernating,0,Lapsed
16451,United Kingdom,2011-09-13 09:17:00,2011-09-13 09:17:00,88,1,266.97,266.97,120,1,88,0.0,0.0,0.0,False,2,2,2,6,Hibernating,0,Lapsed
14863,United Kingdom,2011-11-10 15:04:00,2011-11-10 15:04:00,30,1,266.76,266.76,132,1,30,0.0,0.0,0.0,False,4,1,2,7,Occasional,4,Recent Starters
15119,United Kingdom,2011-04-08 09:08:00,2011-04-08 09:08:00,246,1,266.4,266.4,88,1,246,0.0,0.0,0.0,False,1,1,2,4,Hibernating,0,Lapsed
12962,United Kingdom,2011-08-18 13:38:00,2011-12-02 15:55:00,8,2,266.39,133.195,129,2,114,0.0,0.0,0.0,True,5,2,2,9,Potential Loyalists,4,Recent Starters
15019,United Kingdom,2011-03-18 12:35:00,2011-03-18 12:35:00,267,1,266.0,266.0,159,1,267,0.0,0.0,0.0,False,1,1,2,4,Hibernating,0,Lapsed
14068,United Kingdom,2011-01-23 16:02:00,2011-01-23 16:02:00,321,1,265.85,265.85,73,1,321,0.0,0.0,0.0,False,1,1,2,4,Hibernating,0,Lapsed
17430,United Kingdom,2010-12-09 13:05:00,2011-11-07 09:24:00,33,2,265.76,132.88,190,2,366,0.0,0.0,0.0,True,3,3,2,8,Occasional,4,Recent Starters
14423,United Kingdom,2011-05-05 15:12:00,2011-05-05 15:12:00,219,1,265.2,265.2,120,1,219,0.0,0.0,0.0,False,1,1,2,4,Hibernating,0,Lapsed
13973,United Kingdom,2011-02-25 15:21:00,2011-02-25 15:21:00,288,1,264.7,264.7,109,1,288,0.0,0.0,0.0,False,1,1,2,4,Hibernating,0,Lapsed
15912,United Kingdom,2011-04-20 17:10:00,2011-06-14 14:29:00,179,2,264.62,132.31,185,2,234,0.0,0.0,0.0,True,2,3,2,7,At Risk,0,Lapsed
14452,United Kingdom,2011-09-07 11:32:00,2011-11-29 12:06:00,11,2,264.44,132.22,119,2,94,0.0,0.0,0.0,True,5,3,2,10,Potential Loyalists,4,Recent Starters
15894,United Kingdom,2010-12-05 14:06:00,2011-03-31 13:50:00,254,2,263.55,131.775,168,2,370,0.0,0.0,0.0,True,1,3,2,6,At Risk,0,Lapsed
12492,Germany,2011-08-26 14:51:00,2011-10-07 15:15:00,64,2,263.21000000000004,131.60500000000002,192,2,106,0.0,0.0,0.0,True,3,2,2,7,Occasional,4,Recent Starters
16936,United Kingdom,2011-11-14 11:04:00,2011-11-14 11:04:00,26,1,262.68,262.68,173,1,26,0.0,0.0,0.0,False,4,2,2,8,Potential Loyalists,4,Recent Starters
17194,United Kingdom,2010-12-14 12:06:00,2011-03-11 12:05:00,274,2,262.62,131.31,119,2,361,0.0,0.0,0.0,True,1,3,2,6,At Risk,0,Lapsed
16413,United Kingdom,2011-10-14 12:08:00,2011-10-14 12:08:00,57,1,262.2,262.2,148,1,57,0.0,0.0,0.0,False,3,2,2,7,Occasional,4,Recent Starters
17385,United Kingdom,2011-11-25 11:02:00,2011-11-25 11:02:00,15,1,261.11,261.11,201,1,15,0.0,0.0,0.0,False,4,2,2,8,Potential Loyalists,4,Recent Starters
13189,United Kingdom,2011-08-16 13:12:00,2011-11-21 10:39:00,19,2,260.68,130.34,842,2,116,0.0,0.0,0.0,True,4,2,2,8,Potential Loyalists,4,Recent Starters
14053,United Kingdom,2011-07-03 12:21:00,2011-08-07 14:27:00,125,2,260.25,130.125,215,2,160,0.0,0.0,0.0,True,2,3,2,7,At Risk,0,Lapsed
15014,United Kingdom,2011-06-16 19:40:00,2011-10-27 20:07:00,44,2,260.17,130.085,151,2,177,0.0,0.0,0.0,True,3,3,2,8,Occasional,4,Recent Starters
15143,United Kingdom,2011-04-28 12:03:00,2011-04-28 12:03:00,226,1,259.45,259.45,150,1,226,0.0,0.0,0.0,False,1,1,2,4,Hibernating,0,Lapsed
17125,United Kingdom,2011-10-20 14:41:00,2011-10-20 14:41:00,51,1,259.35,259.35,291,1,51,0.0,0.0,0.0,False,3,2,2,7,Occasional,4,Recent Starters
13127,United Kingdom,2011-09-23 10:26:00,2011-09-23 10:26:00,78,1,259.17,259.17,127,1,78,0.0,0.0,0.0,False,2,1,2,5,Hibernating,0,Lapsed
16447,United Kingdom,2011-07-27 12:45:00,2011-07-27 12:45:00,136,1,259.01,259.01,223,1,136,0.0,0.0,0.0,False,2,2,2,6,Hibernating,0,Lapsed
15577,United Kingdom,2011-02-07 13:32:00,2011-07-11 17:03:00,152,3,258.88,86.29333333333334,89,2,306,0.0,0.0,0.0,True,2,3,2,7,At Risk,0,Lapsed
13277,United Kingdom,2011-07-29 10:06:00,2011-11-24 09:21:00,16,4,258.4,64.6,176,3,134,0.0,0.0,0.0,True,4,4,2,10,Loyal,4,Recent Starters
13227,United Kingdom,2011-05-22 11:47:00,2011-05-22 11:47:00,202,1,257.7,257.7,99,1,202,0.0,0.0,0.0,False,1,1,2,4,Hibernating,0,Lapsed
14375,United Kingdom,2011-06-07 13:44:00,2011-06-07 13:44:00,186,1,257.68,257.68,194,1,186,0.0,0.0,0.0,False,1,1,2,4,Hibernating,0,Lapsed
18009,United Kingdom,2011-04-18 13:36:00,2011-04-18 13:36:00,236,1,257.34,257.34,126,1,236,5.1,1.0,1.9433013260173753,False,1,2,2,5,Hibernating,0,Lapsed
13626,United Kingdom,2011-04-01 10:05:00,2011-04-01 10:05:00,253,1,257.23,257.23,209,1,253,0.0,0.0,0.0,False,1,1,2,4,Hibernating,0,Lapsed
16048,United Kingdom,2010-12-01 15:27:00,2010-12-01 15:28:00,374,2,256.44,128.22,144,1,374,12.75,1.0,4.73643151677254,True,1,3,2,6,At Risk,0,Lapsed
12430,Norway,2011-10-27 15:09:00,2011-10-27 15:09:00,44,1,256.4,256.4,117,1,44,0.0,0.0,0.0,False,3,1,2,6,Occasional,4,Recent Starters
13806,United Kingdom,2011-10-07 11:43:00,2011-10-07 11:43:00,64,1,256.38,256.38,56,1,64,0.0,0.0,0.0,False,3,1,2,6,Occasional,4,Recent Starters
17896,United Kingdom,2011-11-16 13:59:00,2011-11-16 13:59:00,24,1,256.32,256.32,288,1,24,0.0,0.0,0.0,False,4,2,2,8,Potential Loyalists,4,Recent Starters
14761,United Kingdom,2011-01-09 12:03:00,2011-10-12 12:10:00,59,2,255.9,127.95,118,2,335,0.0,0.0,0.0,True,3,3,2,8,Occasional,4,Recent Starters
15277,United Kingdom,2011-10-24 10:08:00,2011-10-24 10:08:00,47,1,255.89999999999998,255.89999999999998,205,1,47,0.0,0.0,0.0,False,3,1,2,6,Occasional,4,Recent Starters
14881,United Kingdom,2011-11-20 11:06:00,2011-11-20 11:06:00,20,1,255.4,255.4,316,1,20,0.0,0.0,0.0,False,4,1,2,7,Occasional,4,Recent Starters
16226,United Kingdom,2011-04-18 12:58:00,2011-05-20 14:41:00,204,3,255.12,85.04,192,2,236,0.0,0.0,0.0,True,1,4,2,7,At Risk,0,Lapsed
15261,United Kingdom,2011-07-27 15:20:00,2011-07-27 15:20:00,136,1,254.82,254.82,270,1,136,0.0,0.0,0.0,False,2,1,2,5,Hibernating,0,Lapsed
12604,France,2011-03-23 12:06:00,2011-09-21 14:08:00,80,2,254.18,127.09,201,2,262,0.0,0.0,0.0,True,2,2,2,6,Hibernating,0,Lapsed
14765,United Kingdom,2011-06-16 19:49:00,2011-11-10 19:53:00,30,3,254.11,84.70333333333333,135,3,177,0.0,0.0,0.0,True,4,3,2,9,Potential Loyalists,4,Recent Starters
15689,United Kingdom,2010-12-13 09:57:00,2011-08-12 09:37:00,120,2,254.1,127.05,84,2,362,0.0,0.0,0.0,True,2,3,2,7,At Risk,0,Lapsed
12797,Portugal,2010-12-09 10:55:00,2010-12-09 10:55:00,366,1,254.03,254.03,118,1,366,59.85,2.0,19.06779661016949,False,1,1,2,4,Hibernating,0,Lapsed
15759,United Kingdom,2010-12-16 15:29:00,2011-05-05 15:13:00,219,3,253.04,84.34666666666666,60,3,359,0.0,0.0,0.0,True,1,3,2,6,At Risk,0,Lapsed
17860,United Kingdom,2010-12-06 12:41:00,2010-12-06 12:41:00,369,1,252.8,252.8,104,1,369,0.0,0.0,0.0,False,1,2,2,5,Hibernating,0,Lapsed
15035,United Kingdom,2011-09-11 11:08:00,2011-09-11 11:08:00,90,1,252.73000000000002,252.73000000000002,245,1,90,0.0,0.0,0.0,False,2,1,2,5,Hibernating,0,Lapsed
13404,United Kingdom,2011-05-11 11:57:00,2011-12-08 15:37:00,2,2,252.49,126.245,111,2,213,0.0,0.0,0.0,True,5,2,2,9,Potential Loyalists,4,Recent Starters
15346,United Kingdom,2011-01-11 11:18:00,2011-01-11 11:18:00,333,1,252.42000000000002,252.42000000000002,144,1,333,0.0,0.0,0.0,False,1,1,2,4,Hibernating,0,Lapsed
13645,United Kingdom,2011-08-11 16:11:00,2011-08-11 16:11:00,121,1,252.1,252.1,158,1,121,0.0,0.0,0.0,False,2,1,2,5,Hibernating,0,Lapsed
13711,United Kingdom,2011-05-05 10:29:00,2011-05-05 10:31:00,219,2,252.06,126.03,140,1,219,0.0,0.0,0.0,True,1,2,2,5,Hibernating,0,Lapsed
16330,United Kingdom,2011-08-19 17:08:00,2011-11-22 12:24:00,18,3,251.91,83.97,147,2,113,9.7,1.0,3.707809334505561,True,4,4,2,10,Loyal,4,Recent Starters
16836,United Kingdom,2011-08-15 12:38:00,2011-10-31 10:05:00,40,2,251.87,125.935,165,2,117,0.0,0.0,0.0,True,3,3,2,8,Occasional,4,Recent Starters
17155,United Kingdom,2011-06-15 10:22:00,2011-11-22 12:38:00,18,2,251.70000000000002,125.85000000000001,242,2,178,0.0,0.0,0.0,True,4,3,2,9,Potential Loyalists,4,Recent Starters
16976,United Kingdom,2011-03-17 16:33:00,2011-03-17 16:33:00,268,1,251.51999999999998,251.51999999999998,88,1,268,0.0,0.0,0.0,False,1,2,2,5,Hibernating,0,Lapsed
16024,United Kingdom,2011-11-27 13:26:00,2011-11-27 13:26:00,13,1,251.24,251.24,398,1,13,0.0,0.0,0.0,False,5,2,2,9,New Customers,4,Recent Starters
14501,United Kingdom,2011-01-24 10:43:00,2011-06-09 12:02:00,184,2,251.21,125.605,161,2,320,60.89999999999999,1.0,19.512351414565373,True,1,3,2,6,At Risk,0,Lapsed
13512,United Kingdom,2011-03-24 10:03:00,2011-03-24 10:03:00,261,1,251.21,251.21,143,1,261,0.0,0.0,0.0,False,1,1,2,4,Hibernating,0,Lapsed
13207,United Kingdom,2011-07-12 11:35:00,2011-11-24 14:52:00,16,2,250.26000000000002,125.13000000000001,130,2,151,0.0,0.0,0.0,True,4,2,2,8,Potential Loyalists,4,Recent Starters
16596,United Kingdom,2010-12-08 16:18:00,2011-11-24 10:02:00,16,2,250.15,125.075,97,2,367,0.0,0.0,0.0,True,4,3,1,8,Potential Loyalists,4,Recent Starters
17303,United Kingdom,2010-12-13 13:32:00,2010-12-13 13:32:00,362,1,250.04,250.04,144,1,362,0.0,0.0,0.0,False,1,2,1,4,Hibernating,0,Lapsed
15510,United Kingdom,2011-01-13 12:10:00,2011-01-13 12:10:00,331,1,250.0,250.0,2,1,331,0.0,0.0,0.0,False,1,1,1,3,Hibernating,0,Lapsed
17456,United Kingdom,2010-12-09 15:23:00,2010-12-09 15:23:00,366,1,249.86,249.86,222,1,366,0.0,0.0,0.0,False,1,2,1,4,Hibernating,0,Lapsed
18005,United Kingdom,2011-10-23 14:40:00,2011-12-06 11:51:00,4,2,249.72,124.86,93,2,48,0.0,0.0,0.0,True,5,3,1,9,Potential Loyalists,4,Recent Starters
16124,United Kingdom,2011-01-26 14:45:00,2011-01-26 14:45:00,318,1,249.0,249.0,48,1,318,61.849999999999994,1.0,19.897056458098756,False,1,2,1,4,Hibernating,0,Lapsed
13061,United Kingdom,2011-09-28 16:04:00,2011-09-28 16:04:00,73,1,248.61,248.61,107,1,73,0.0,0.0,0.0,False,2,1,1,4,Hibernating,0,Lapsed
17111,United Kingdom,2011-10-23 15:59:00,2011-10-23 15:59:00,48,1,248.61,248.61,302,1,48,0.0,0.0,0.0,False,3,2,1,6,Occasional,4,Recent Starters
18212,United Kingdom,2011-01-17 16:14:00,2011-01-17 16:14:00,327,1,248.42,248.42,101,1,327,0.0,0.0,0.0,False,1,2,1,4,Hibernating,0,Lapsed
16510,United Kingdom,2010-12-02 13:39:00,2010-12-02 13:39:00,373,1,248.1,248.1,92,1,373,0.0,0.0,0.0,False,1,2,1,4,Hibernating,0,Lapsed
15097,United Kingdom,2011-12-05 14:03:00,2011-12-05 14:03:00,5,1,248.08,248.08,170,1,5,0.0,0.0,0.0,False,5,1,1,7,New Customers,4,Recent Starters
13592,United Kingdom,2011-03-20 14:01:00,2011-11-04 09:49:00,36,4,247.95999999999998,61.989999999999995,84,3,265,0.0,0.0,0.0,True,3,4,1,8,Loyal,4,Recent Starters
18072,United Kingdom,2011-06-07 10:44:00,2011-06-07 10:44:00,186,1,247.44,247.44,288,1,186,247.44,1.0,50.0,False,1,2,1,4,Hibernating,0,Lapsed
13349,United Kingdom,2011-11-29 08:07:00,2011-11-29 08:07:00,11,1,247.32,247.32,225,1,11,0.0,0.0,0.0,False,5,1,1,7,New Customers,4,Recent Starters
14658,United Kingdom,2011-08-14 15:42:00,2011-12-04 15:35:00,6,2,247.15,123.575,47,2,118,0.0,0.0,0.0,True,5,3,1,9,Potential Loyalists,4,Recent Starters
17051,United Kingdom,2011-05-29 14:13:00,2011-05-29 14:13:00,195,1,247.14000000000001,247.14000000000001,184,1,195,0.0,0.0,0.0,False,1,2,1,4,Hibernating,0,Lapsed
15783,United Kingdom,2011-11-29 09:50:00,2011-11-29 09:50:00,11,1,246.3,246.3,212,1,11,0.0,0.0,0.0,False,5,2,1,8,New Customers,4,Recent Starters
17278,United Kingdom,2011-04-12 13:10:00,2011-04-12 13:10:00,242,1,246.04,246.04,179,1,242,0.0,0.0,0.0,False,1,2,1,4,Hibernating,0,Lapsed
16778,United Kingdom,2011-03-10 15:21:00,2011-09-26 13:48:00,75,2,245.94,122.97,194,2,275,0.0,0.0,0.0,True,2,3,1,6,At Risk,0,Lapsed
17771,United Kingdom,2011-01-20 14:13:00,2011-10-14 11:43:00,57,2,245.81,122.905,287,2,324,0.0,0.0,0.0,True,3,3,1,7,Occasional,4,Recent Starters
12660,France,2011-11-28 13:26:00,2011-11-28 13:26:00,12,1,245.1,245.1,127,1,12,0.0,0.0,0.0,False,5,1,1,7,New Customers,4,Recent Starters
15118,United Kingdom,2011-07-28 14:54:00,2011-07-28 14:54:00,135,1,244.8,244.8,1440,1,135,0.0,0.0,0.0,False,2,1,1,4,Hibernating,0,Lapsed
16601,United Kingdom,2011-10-30 11:09:00,2011-10-30 11:09:00,41,1,244.79999999999998,244.79999999999998,134,1,41,0.0,0.0,0.0,False,3,2,1,6,Occasional,4,Recent Starters
16528,United Kingdom,2011-12-06 12:45:00,2011-12-06 12:45:00,4,1,244.41,244.41,171,1,4,0.0,0.0,0.0,False,5,2,1,8,New Customers,4,Recent Starters
17892,United Kingdom,2011-07-07 12:56:00,2011-10-14 16:49:00,57,3,244.1,81.36666666666666,109,2,156,0.0,0.0,0.0,True,3,4,1,8,Loyal,4,Recent Starters
17925,United Kingdom,2010-12-02 10:10:00,2010-12-02 10:10:00,373,1,244.08,244.08,72,1,373,0.0,0.0,0.0,False,1,2,1,4,Hibernating,0,Lapsed
13103,United Kingdom,2011-10-31 09:38:00,2011-10-31 09:38:00,40,1,243.94,243.94,82,1,40,0.0,0.0,0.0,False,3,1,1,5,Occasional,4,Recent Starters
16793,United Kingdom,2011-10-13 15:08:00,2011-10-13 15:08:00,58,1,243.84,243.84,146,1,58,0.0,0.0,0.0,False,3,2,1,6,Occasional,4,Recent Starters
18193,United Kingdom,2011-06-27 13:58:00,2011-06-27 13:58:00,166,1,243.76,243.76,124,1,166,30.8,2.0,11.217948717948717,False,2,2,1,5,Hibernating,0,Lapsed
13886,United Kingdom,2011-09-29 13:17:00,2011-09-29 13:17:00,72,1,243.56,243.56,126,1,72,0.0,0.0,0.0,False,3,1,1,5,Occasional,0,Lapsed
15634,United Kingdom,2011-11-22 16:28:00,2011-11-22 16:28:00,18,1,243.55,243.55,99,1,18,0.0,0.0,0.0,False,4,1,1,6,Occasional,4,Recent Starters
17339,United Kingdom,2010-12-09 14:44:00,2011-09-06 13:29:00,95,2,243.36,121.68,152,2,366,0.0,0.0,0.0,True,2,3,1,6,At Risk,0,Lapsed
17908,United Kingdom,2010-12-01 11:45:00,2010-12-01 11:45:00,374,1,243.28,243.28,173,1,374,0.0,0.0,0.0,False,1,2,1,4,Hibernating,0,Lapsed
14647,United Kingdom,2011-05-22 13:40:00,2011-05-22 13:40:00,202,1,243.22,243.22,95,1,202,0.0,0.0,0.0,False,1,1,1,3,Hibernating,0,Lapsed
16215,United Kingdom,2011-09-20 10:18:00,2011-09-20 10:18:00,81,1,242.35,242.35,104,1,81,0.0,0.0,0.0,False,2,2,1,5,Hibernating,0,Lapsed
15776,United Kingdom,2011-07-29 13:46:00,2011-07-29 13:46:00,134,1,241.62,241.62,138,1,134,0.0,0.0,0.0,False,2,2,1,5,Hibernating,0,Lapsed
14523,United Kingdom,2011-08-23 13:13:00,2011-08-23 13:13:00,109,1,241.09,241.09,251,1,109,0.0,0.0,0.0,False,2,1,1,4,Hibernating,0,Lapsed
16427,United Kingdom,2011-02-28 15:18:00,2011-03-21 17:10:00,264,2,241.06,120.53,156,2,285,0.0,0.0,0.0,True,1,3,1,5,At Risk,0,Lapsed
15598,United Kingdom,2011-10-17 16:04:00,2011-10-17 16:04:00,54,1,240.68,240.68,160,1,54,5.0,2.0,2.0351676978183,False,3,1,1,5,Occasional,4,Recent Starters
15286,United Kingdom,2011-10-21 11:08:00,2011-10-21 11:08:00,50,1,240.55,240.55,55,1,50,0.0,0.0,0.0,False,3,1,1,5,Occasional,4,Recent Starters
13565,United Kingdom,2011-01-09 14:28:00,2011-11-20 14:33:00,20,2,240.22,120.11,172,2,335,0.0,0.0,0.0,True,4,2,1,7,Potential Loyalists,4,Recent Starters
17256,United Kingdom,2011-01-31 14:53:00,2011-08-24 13:30:00,108,2,240.0,120.0,141,2,313,0.0,0.0,0.0,True,2,3,1,6,At Risk,0,Lapsed
17181,United Kingdom,2010-12-01 12:38:00,2011-10-13 14:48:00,58,2,239.92000000000002,119.96000000000001,241,2,374,0.0,0.0,0.0,True,3,3,1,7,Occasional,4,Recent Starters
15690,United Kingdom,2011-08-31 11:40:00,2011-12-05 15:59:00,5,2,239.76,119.88,408,2,101,0.0,0.0,0.0,True,5,3,1,9,Potential Loyalists,4,Recent Starters
13570,United Kingdom,2011-04-10 13:36:00,2011-04-10 13:36:00,244,1,239.49,239.49,161,1,244,0.0,0.0,0.0,False,1,1,1,3,Hibernating,0,Lapsed
17684,United Kingdom,2011-10-27 11:10:00,2011-10-27 11:10:00,44,1,239.41,239.41,145,1,44,0.0,0.0,0.0,False,3,2,1,6,Occasional,4,Recent Starters
16756,United Kingdom,2011-05-09 09:33:00,2011-05-09 09:33:00,215,1,239.4,239.4,106,1,215,0.0,0.0,0.0,False,1,2,1,4,Hibernating,0,Lapsed
12561,Germany,2011-02-10 11:39:00,2011-02-10 11:39:00,303,1,238.85,238.85,177,1,303,0.0,0.0,0.0,False,1,1,1,3,Hibernating,0,Lapsed
15850,United Kingdom,2011-06-24 14:16:00,2011-11-20 14:14:00,20,2,238.85,119.425,302,2,169,0.0,0.0,0.0,True,4,3,1,8,Potential Loyalists,4,Recent Starters
12718,France,2011-09-29 16:38:00,2011-09-29 16:38:00,72,1,238.25,238.25,203,1,72,0.0,0.0,0.0,False,3,1,1,5,Occasional,0,Lapsed
17877,United Kingdom,2011-06-22 13:00:00,2011-06-22 13:00:00,171,1,237.61,237.61,98,1,171,0.0,0.0,0.0,False,2,2,1,5,Hibernating,0,Lapsed
14586,United Kingdom,2011-03-08 10:04:00,2011-03-08 10:04:00,277,1,237.36,237.36,444,1,277,103.2,2.0,30.303030303030305,False,1,1,1,3,Hibernating,0,Lapsed
15457,United Kingdom,2011-03-22 15:31:00,2011-03-22 15:31:00,263,1,237.07,237.07,132,1,263,0.0,0.0,0.0,False,1,1,1,3,Hibernating,0,Lapsed
18110,United Kingdom,2011-11-20 12:34:00,2011-11-20 12:34:00,20,1,236.3,236.3,86,1,20,30.25,1.0,11.348715062839991,False,4,2,1,7,Potential Loyalists,4,Recent Starters
12732,France,2011-06-13 11:33:00,2011-06-13 11:33:00,180,1,236.26000000000002,236.26000000000002,111,1,180,0.0,0.0,0.0,False,2,1,1,4,Hibernating,0,Lapsed
16026,United Kingdom,2011-10-27 13:53:00,2011-10-27 13:53:00,44,1,236.09,236.09,243,1,44,0.0,0.0,0.0,False,3,2,1,6,Occasional,4,Recent Starters
13187,United Kingdom,2011-01-06 18:57:00,2011-01-06 18:57:00,338,1,236.02,236.02,95,1,338,0.0,0.0,0.0,False,1,1,1,3,Hibernating,0,Lapsed
15462,United Kingdom,2011-06-05 15:36:00,2011-09-06 13:11:00,95,3,234.6,78.2,172,3,188,0.0,0.0,0.0,True,2,3,1,6,At Risk,0,Lapsed
14473,United Kingdom,2011-03-02 13:56:00,2011-09-26 15:10:00,75,2,234.34000000000003,117.17000000000002,88,2,283,0.0,0.0,0.0,True,2,3,1,6,At Risk,0,Lapsed
17060,United Kingdom,2011-03-18 13:27:00,2011-03-18 13:27:00,267,1,234.24,234.24,216,1,267,0.0,0.0,0.0,False,1,2,1,4,Hibernating,0,Lapsed
16961,United Kingdom,2011-08-15 13:46:00,2011-08-15 13:46:00,117,1,234.17,234.17,125,1,117,0.0,0.0,0.0,False,2,2,1,5,Hibernating,0,Lapsed
12736,France,2011-01-11 07:57:00,2011-01-11 07:57:00,333,1,234.0,234.0,173,1,333,0.0,0.0,0.0,False,1,1,1,3,Hibernating,0,Lapsed
15483,United Kingdom,2011-03-18 12:26:00,2011-07-01 13:07:00,162,4,233.81,58.4525,295,2,267,0.0,0.0,0.0,True,2,4,1,7,At Risk,0,Lapsed
13348,United Kingdom,2011-10-06 17:28:00,2011-10-06 17:28:00,65,1,233.76,233.76,136,1,65,0.0,0.0,0.0,False,3,1,1,5,Occasional,0,Lapsed
16583,United Kingdom,2010-12-01 12:03:00,2010-12-01 12:03:00,374,1,233.45,233.45,111,1,374,0.0,0.0,0.0,False,1,2,1,4,Hibernating,0,Lapsed
14995,United Kingdom,2011-03-04 13:14:00,2011-11-01 11:39:00,39,2,233.23000000000002,116.61500000000001,103,2,281,0.0,0.0,0.0,True,3,3,1,7,Occasional,4,Recent Starters
16302,United Kingdom,2011-08-05 09:44:00,2011-08-05 09:44:00,127,1,233.22,233.22,158,1,127,20.4,1.0,8.043529690087531,False,2,2,1,5,Hibernating,0,Lapsed
13678,United Kingdom,2011-07-11 10:14:00,2011-07-11 10:14:00,152,1,232.6,232.6,924,1,152,0.0,0.0,0.0,False,2,1,1,4,Hibernating,0,Lapsed
18213,United Kingdom,2011-04-17 10:21:00,2011-04-17 10:21:00,237,1,232.48000000000002,232.48000000000002,232,1,237,0.0,0.0,0.0,False,1,2,1,4,Hibernating,0,Lapsed
16117,United Kingdom,2011-06-03 11:42:00,2011-06-03 11:42:00,190,1,232.21,232.21,130,1,190,0.0,0.0,0.0,False,1,2,1,4,Hibernating,0,Lapsed
15393,United Kingdom,2011-03-03 16:58:00,2011-11-23 16:48:00,17,2,231.86,115.93,150,2,282,0.0,0.0,0.0,True,4,3,1,8,Potential Loyalists,4,Recent Starters
16641,United Kingdom,2011-08-26 12:49:00,2011-08-26 12:49:00,106,1,231.10000000000002,231.10000000000002,256,1,106,0.0,0.0,0.0,False,2,2,1,5,Hibernating,0,Lapsed
18030,United Kingdom,2011-10-28 13:55:00,2011-12-05 16:37:00,5,2,230.64999999999998,115.32499999999999,67,2,43,9.95,1.0,4.13549459684123,True,5,3,1,9,Potential Loyalists,4,Recent Starters
15866,United Kingdom,2011-08-30 14:09:00,2011-08-30 14:09:00,102,1,230.53,230.53,126,1,102,0.0,0.0,0.0,False,2,2,1,5,Hibernating,0,Lapsed
16445,United Kingdom,2011-11-06 12:32:00,2011-11-06 12:32:00,34,1,230.51,230.51,111,1,34,0.0,0.0,0.0,False,3,2,1,6,Occasional,4,Recent Starters
13786,United Kingdom,2010-12-07 13:53:00,2010-12-07 13:53:00,368,1,230.39999999999998,230.39999999999998,136,1,368,0.0,0.0,0.0,False,1,1,1,3,Hibernating,0,Lapsed
16926,United Kingdom,2010-12-03 13:42:00,2010-12-03 13:42:00,372,1,230.25,230.25,35,1,372,0.0,0.0,0.0,False,1,2,1,4,Hibernating,0,Lapsed
13960,United Kingdom,2011-09-29 12:39:00,2011-11-18 15:27:00,22,2,230.22,115.11,142,2,72,0.0,0.0,0.0,True,4,3,1,8,Potential Loyalists,4,Recent Starters
12812,Japan,2011-10-26 09:54:00,2011-10-26 09:54:00,45,1,229.64000000000001,229.64000000000001,164,1,45,0.0,0.0,0.0,False,3,1,1,5,Occasional,4,Recent Starters
13474,United Kingdom,2011-04-17 13:53:00,2011-04-17 13:53:00,237,1,229.59,229.59,132,1,237,0.0,0.0,0.0,False,1,1,1,3,Hibernating,0,Lapsed
13008,United Kingdom,2011-01-20 14:24:00,2011-01-20 14:24:00,324,1,229.46999999999997,229.46999999999997,175,1,324,51.0,1.0,18.183762969301533,False,1,1,1,3,Hibernating,0,Lapsed
15528,United Kingdom,2011-03-30 16:14:00,2011-03-30 16:14:00,255,1,229.33,229.33,123,1,255,0.0,0.0,0.0,False,1,1,1,3,Hibernating,0,Lapsed
14793,United Kingdom,2011-11-18 14:50:00,2011-11-18 14:50:00,22,1,228.99,228.99,91,1,22,14.850000000000001,1.0,6.090059055118111,False,4,1,1,6,Occasional,4,Recent Starters
17347,United Kingdom,2011-09-14 13:12:00,2011-09-14 13:12:00,87,1,228.96,228.96,216,1,87,0.0,0.0,0.0,False,2,2,1,5,Hibernating,0,Lapsed
13146,United Kingdom,2011-11-13 15:29:00,2011-11-13 15:29:00,27,1,228.91,228.91,154,1,27,0.0,0.0,0.0,False,4,1,1,6,Occasional,4,Recent Starters
13712,United Kingdom,2011-04-07 12:33:00,2011-04-07 12:33:00,247,1,228.84,228.84,352,1,247,0.0,0.0,0.0,False,1,1,1,3,Hibernating,0,Lapsed
13070,United Kingdom,2011-05-31 13:45:00,2011-05-31 13:45:00,193,1,228.8,228.8,110,1,193,0.0,0.0,0.0,False,1,1,1,3,Hibernating,0,Lapsed
17969,United Kingdom,2010-12-13 15:34:00,2011-06-26 13:00:00,167,2,228.2,114.1,152,2,362,0.0,0.0,0.0,True,2,3,1,6,At Risk,0,Lapsed
16527,United Kingdom,2011-09-19 16:21:00,2011-09-19 16:21:00,82,1,228.06,228.06,106,1,82,0.0,0.0,0.0,False,2,2,1,5,Hibernating,0,Lapsed
14569,United Kingdom,2011-12-08 14:58:00,2011-12-08 14:58:00,2,1,227.39,227.39,79,1,2,0.0,0.0,0.0,False,5,1,1,7,New Customers,4,Recent Starters
17212,United Kingdom,2011-03-31 19:42:00,2011-03-31 19:42:00,254,1,226.85,226.85,147,1,254,0.0,0.0,0.0,False,1,2,1,4,Hibernating,0,Lapsed
17572,United Kingdom,2010-12-01 12:51:00,2011-09-29 17:53:00,72,4,226.75000000000003,56.68750000000001,95,3,374,0.0,0.0,0.0,True,2,4,1,7,At Risk,1,Growth Potential
16315,United Kingdom,2011-01-13 11:57:00,2011-01-13 11:57:00,331,1,226.37,226.37,75,1,331,0.0,0.0,0.0,False,1,2,1,4,Hibernating,0,Lapsed
16777,United Kingdom,2011-03-27 14:34:00,2011-09-20 13:41:00,81,2,226.35,113.175,64,2,258,0.0,0.0,0.0,True,2,3,1,6,At Risk,0,Lapsed
16619,United Kingdom,2011-03-21 08:18:00,2011-03-21 08:18:00,264,1,226.21,226.21,133,1,264,21.8,1.0,8.789968146445707,False,1,2,1,4,Hibernating,0,Lapsed
17789,United Kingdom,2011-03-03 13:14:00,2011-03-03 13:14:00,282,1,225.9,225.9,74,1,282,0.0,0.0,0.0,False,1,2,1,4,Hibernating,0,Lapsed
12672,France,2011-01-14 09:20:00,2011-01-14 09:20:00,330,1,225.89999999999998,225.89999999999998,78,1,330,0.0,0.0,0.0,False,1,1,1,3,Hibernating,0,Lapsed
14624,United Kingdom,2011-10-11 14:39:00,2011-10-13 13:44:00,58,2,225.85,112.925,162,1,60,0.0,0.0,0.0,True,3,3,1,7,Occasional,4,Recent Starters
14357,United Kingdom,2011-10-27 16:23:00,2011-10-27 16:23:00,44,1,225.77,225.77,148,1,44,0.0,0.0,0.0,False,3,1,1,5,Occasional,4,Recent Starters
12402,Belgium,2011-01-20 13:49:00,2011-01-20 13:49:00,324,1,225.6,225.6,94,1,324,0.0,0.0,0.0,False,1,1,1,3,Hibernating,0,Lapsed
16690,United Kingdom,2011-05-22 10:53:00,2011-09-28 15:02:00,73,2,225.57999999999998,112.78999999999999,138,2,202,16.95,1.0,6.9888261246031425,True,2,3,1,6,At Risk,0,Lapsed
14052,United Kingdom,2011-11-20 12:30:00,2011-11-20 12:30:00,20,1,225.36,225.36,89,1,20,0.0,0.0,0.0,False,4,1,1,6,Occasional,4,Recent Starters
16587,United Kingdom,2011-04-21 15:51:00,2011-04-21 15:51:00,233,1,225.15,225.15,71,1,233,0.0,0.0,0.0,False,1,2,1,4,Hibernating,0,Lapsed
17171,United Kingdom,2011-02-23 16:37:00,2011-02-23 16:37:00,290,1,224.91,224.91,185,1,290,0.0,0.0,0.0,False,1,2,1,4,Hibernating,0,Lapsed
15175,United Kingdom,2011-09-29 11:31:00,2011-09-29 11:31:00,72,1,224.14,224.14,454,1,72,0.0,0.0,0.0,False,3,1,1,5,Occasional,0,Lapsed
16471,United Kingdom,2011-03-10 09:41:00,2011-03-10 09:41:00,275,1,223.95000000000002,223.95000000000002,141,1,275,0.0,0.0,0.0,False,1,2,1,4,Hibernating,0,Lapsed
16753,United Kingdom,2011-10-12 13:14:00,2011-10-12 13:14:00,59,1,223.92000000000002,223.92000000000002,189,1,59,0.0,0.0,0.0,False,3,2,1,6,Occasional,4,Recent Starters
14929,United Kingdom,2011-11-07 17:21:00,2011-11-07 17:21:00,33,1,223.88,223.88,136,1,33,0.0,0.0,0.0,False,4,1,1,6,Occasional,4,Recent Starters
13926,United Kingdom,2011-11-16 13:16:00,2011-11-16 13:16:00,24,1,223.85000000000002,223.85000000000002,104,1,24,0.0,0.0,0.0,False,4,1,1,6,Occasional,4,Recent Starters
18101,United Kingdom,2011-07-19 13:05:00,2011-11-28 13:37:00,12,2,223.65,111.825,88,2,144,0.0,0.0,0.0,True,5,3,1,9,Potential Loyalists,4,Recent Starters
17534,United Kingdom,2011-10-17 12:47:00,2011-10-17 12:47:00,54,1,223.36,223.36,103,1,54,0.0,0.0,0.0,False,3,2,1,6,Occasional,4,Recent Starters
15637,United Kingdom,2011-10-18 08:28:00,2011-10-18 08:28:00,53,1,223.36,223.36,128,1,53,0.0,0.0,0.0,False,3,1,1,5,Occasional,4,Recent Starters
13382,United Kingdom,2011-03-04 10:03:00,2011-03-04 10:03:00,281,1,222.99,222.99,131,1,281,0.0,0.0,0.0,False,1,1,1,3,Hibernating,0,Lapsed
15897,United Kingdom,2011-05-29 13:32:00,2011-05-29 13:50:00,195,2,222.05,111.025,261,1,195,0.0,0.0,0.0,True,1,3,1,5,At Risk,0,Lapsed
14598,United Kingdom,2011-10-26 13:19:00,2011-10-26 13:19:00,45,1,221.97,221.97,189,1,45,0.0,0.0,0.0,False,3,1,1,5,Occasional,4,Recent Starters
14960,United Kingdom,2011-06-21 13:38:00,2011-12-01 12:54:00,9,2,221.27,110.635,221,2,172,0.0,0.0,0.0,True,5,3,1,9,Potential Loyalists,4,Recent Starters
16392,United Kingdom,2011-03-15 12:11:00,2011-03-15 12:11:00,270,1,221.19,221.19,203,1,270,0.0,0.0,0.0,False,1,2,1,4,Hibernating,0,Lapsed
13419,United Kingdom,2011-10-07 12:49:00,2011-10-07 12:49:00,64,1,221.06,221.06,275,1,64,0.0,0.0,0.0,False,3,1,1,5,Occasional,4,Recent Starters
15790,United Kingdom,2011-11-29 14:53:00,2011-11-29 14:53:00,11,1,220.85,220.85,114,1,11,0.0,0.0,0.0,False,5,2,1,8,New Customers,4,Recent Starters
16482,United Kingdom,2011-11-24 12:33:00,2011-11-24 12:33:00,16,1,220.62,220.62,346,1,16,0.0,0.0,0.0,False,4,2,1,7,Potential Loyalists,4,Recent Starters
13079,United Kingdom,2011-07-22 14:41:00,2011-12-05 16:53:00,5,5,220.10000000000002,44.02,62,4,141,0.0,0.0,0.0,True,5,4,1,10,Loyal,4,Recent Starters
18114,United Kingdom,2011-02-22 13:20:00,2011-02-22 13:20:00,291,1,220.1,220.1,55,1,291,0.0,0.0,0.0,False,1,2,1,4,Hibernating,0,Lapsed
13600,United Kingdom,2011-01-31 15:27:00,2011-01-31 15:27:00,313,1,219.52,219.52,324,1,313,0.0,0.0,0.0,False,1,1,1,3,Hibernating,0,Lapsed
15096,United Kingdom,2011-10-28 10:27:00,2011-10-28 10:27:00,43,1,219.39000000000001,219.39000000000001,120,1,43,0.0,0.0,0.0,False,3,1,1,5,Occasional,4,Recent Starters
16895,United Kingdom,2011-10-06 12:15:00,2011-10-06 12:15:00,65,1,219.14,219.14,102,1,65,0.0,0.0,0.0,False,3,2,1,6,Occasional,0,Lapsed
12702,Germany,2011-11-20 10:36:00,2011-11-20 10:36:00,20,1,219.0,219.0,53,1,20,0.0,0.0,0.0,False,4,1,1,6,Occasional,4,Recent Starters
13669,United Kingdom,2011-07-13 11:44:00,2011-10-20 09:32:00,51,2,218.55,109.275,237,2,150,0.0,0.0,0.0,True,3,2,1,6,Occasional,4,Recent Starters
17619,United Kingdom,2011-01-31 14:18:00,2011-01-31 14:18:00,313,1,218.52,218.52,127,1,313,0.0,0.0,0.0,False,1,2,1,4,Hibernating,0,Lapsed
13428,United Kingdom,2011-11-29 14:20:00,2011-11-29 14:20:00,11,1,218.47,218.47,156,1,11,0.0,0.0,0.0,False,5,1,1,7,New Customers,4,Recent Starters
12574,France,2011-01-28 09:20:00,2011-01-28 09:20:00,316,1,218.45,218.45,61,1,316,0.0,0.0,0.0,False,1,1,1,3,Hibernating,0,Lapsed
15724,United Kingdom,2011-02-28 10:40:00,2011-05-22 14:40:00,202,2,218.25,109.125,73,2,285,5.95,1.0,2.6538804638715434,True,1,3,1,5,At Risk,0,Lapsed
14570,United Kingdom,2011-03-04 10:39:00,2011-03-04 10:58:00,281,2,218.06,109.03,95,1,281,0.0,0.0,0.0,True,1,3,1,5,At Risk,0,Lapsed
16634,United Kingdom,2010-12-02 17:41:00,2011-05-01 12:09:00,223,2,217.9,108.95,82,2,373,0.0,0.0,0.0,True,1,3,1,5,At Risk,0,Lapsed
13271,United Kingdom,2011-11-02 14:31:00,2011-11-02 14:31:00,38,1,217.38,217.38,253,1,38,39.12,1.0,15.251461988304092,False,3,1,1,5,Occasional,4,Recent Starters
15554,United Kingdom,2011-03-07 09:00:00,2011-03-07 09:00:00,278,1,217.2,217.2,74,1,278,0.0,0.0,0.0,False,1,1,1,3,Hibernating,0,Lapsed
16080,United Kingdom,2011-03-10 14:44:00,2011-09-19 10:42:00,82,2,217.16,108.58,128,2,275,40.56,1.0,15.738010243675305,True,2,3,1,6,At Risk,0,Lapsed
13739,United Kingdom,2011-11-21 13:35:00,2011-11-21 13:35:00,19,1,216.9,216.9,54,1,19,0.0,0.0,0.0,False,4,1,1,6,Occasional,4,Recent Starters
13503,United Kingdom,2011-09-29 13:23:00,2011-09-29 13:23:00,72,1,216.85,216.85,248,1,72,0.0,0.0,0.0,False,3,1,1,5,Occasional,0,Lapsed
15460,United Kingdom,2010-12-20 16:08:00,2010-12-20 16:08:00,355,1,216.76,216.76,109,1,355,0.0,0.0,0.0,False,1,1,1,3,Hibernating,0,Lapsed
12897,United Kingdom,2011-02-11 11:40:00,2011-05-19 12:13:00,205,2,216.5,108.25,110,2,302,0.0,0.0,0.0,True,1,2,1,4,Hibernating,0,Lapsed
15604,United Kingdom,2011-10-18 14:47:00,2011-10-18 14:47:00,53,1,216.39,216.39,159,1,53,0.0,0.0,0.0,False,3,1,1,5,Occasional,4,Recent Starters
17436,United Kingdom,2011-04-27 11:33:00,2011-12-08 12:30:00,2,2,216.29999999999998,108.14999999999999,90,2,227,0.0,0.0,0.0,True,5,3,1,9,Potential Loyalists,4,Recent Starters
14104,United Kingdom,2011-06-27 12:49:00,2011-07-08 12:50:00,155,2,216.20999999999998,108.10499999999999,72,2,166,0.0,0.0,0.0,True,2,3,1,6,At Risk,0,Lapsed
13858,United Kingdom,2011-10-13 16:17:00,2011-10-13 16:17:00,58,1,216.17,216.17,75,1,58,0.0,0.0,0.0,False,3,1,1,5,Occasional,4,Recent Starters
16179,United Kingdom,2011-10-10 09:41:00,2011-10-10 09:41:00,61,1,215.83,215.83,99,1,61,0.0,0.0,0.0,False,3,2,1,6,Occasional,4,Recent Starters
15052,United Kingdom,2011-01-24 15:52:00,2011-01-24 15:52:00,320,1,215.78,215.78,82,1,320,0.0,0.0,0.0,False,1,1,1,3,Hibernating,0,Lapsed
17580,United Kingdom,2010-12-16 15:27:00,2011-04-01 12:41:00,253,3,215.72,71.90666666666667,88,3,359,0.0,0.0,0.0,True,1,4,1,6,At Risk,0,Lapsed
14476,United Kingdom,2011-03-27 15:39:00,2011-03-27 15:39:00,258,1,215.7,215.7,132,1,258,0.0,0.0,0.0,False,1,1,1,3,Hibernating,0,Lapsed
16189,United Kingdom,2011-09-15 15:21:00,2011-11-24 11:47:00,16,2,215.48,107.74,134,2,86,0.0,0.0,0.0,True,4,3,1,8,Potential Loyalists,4,Recent Starters
16190,United Kingdom,2011-10-30 15:59:00,2011-10-30 15:59:00,41,1,215.08,215.08,88,1,41,0.0,0.0,0.0,False,3,2,1,6,Occasional,4,Recent Starters
16519,United Kingdom,2010-12-09 14:08:00,2011-11-14 15:41:00,26,2,215.07999999999998,107.53999999999999,54,2,366,0.0,0.0,0.0,True,4,3,1,8,Potential Loyalists,4,Recent Starters
12831,United Kingdom,2011-03-22 13:02:00,2011-03-22 13:02:00,263,1,215.05,215.05,135,1,263,0.0,0.0,0.0,False,1,1,1,3,Hibernating,0,Lapsed
12588,Finland,2011-10-31 15:01:00,2011-10-31 15:01:00,40,1,214.89999999999998,214.89999999999998,53,1,40,0.0,0.0,0.0,False,3,1,1,5,Occasional,4,Recent Starters
16338,United Kingdom,2011-07-05 13:56:00,2011-07-05 13:56:00,158,1,214.79999999999998,214.79999999999998,94,1,158,0.0,0.0,0.0,False,2,2,1,5,Hibernating,0,Lapsed
16411,United Kingdom,2010-12-05 13:26:00,2011-11-20 13:23:00,20,2,214.65,107.325,132,2,370,0.0,0.0,0.0,True,4,3,1,8,Potential Loyalists,4,Recent Starters
16846,United Kingdom,2011-10-20 13:55:00,2011-10-20 13:55:00,51,1,214.32,214.32,135,1,51,0.0,0.0,0.0,False,3,2,1,6,Occasional,4,Recent Starters
16647,United Kingdom,2011-05-19 09:31:00,2011-06-23 11:47:00,170,2,214.06,107.03,146,2,205,0.0,0.0,0.0,True,2,3,1,6,At Risk,0,Lapsed
14601,United Kingdom,2011-11-29 09:48:00,2011-11-29 09:48:00,11,1,213.96,213.96,168,1,11,0.0,0.0,0.0,False,5,1,1,7,New Customers,4,Recent Starters
13621,United Kingdom,2011-08-15 08:26:00,2011-08-15 08:26:00,117,1,213.85,213.85,343,1,117,0.0,0.0,0.0,False,2,1,1,4,Hibernating,0,Lapsed
17153,United Kingdom,2011-11-15 13:42:00,2011-11-15 13:42:00,25,1,213.78,213.78,104,1,25,0.0,0.0,0.0,False,4,2,1,7,Potential Loyalists,4,Recent Starters
14241,United Kingdom,2011-06-09 11:46:00,2011-06-09 11:46:00,184,1,213.70000000000002,213.70000000000002,146,1,184,0.0,0.0,0.0,False,1,1,1,3,Hibernating,0,Lapsed
13411,United Kingdom,2011-08-24 13:57:00,2011-08-24 13:57:00,108,1,213.55,213.55,72,1,108,0.0,0.0,0.0,False,2,1,1,4,Hibernating,0,Lapsed
16591,United Kingdom,2011-10-02 10:43:00,2011-10-02 10:43:00,69,1,213.5,213.5,41,1,69,0.0,0.0,0.0,False,3,2,1,6,Occasional,0,Lapsed
15540,United Kingdom,2011-11-28 13:51:00,2011-11-28 13:51:00,12,1,213.3,213.3,200,1,12,0.0,0.0,0.0,False,5,1,1,7,New Customers,4,Recent Starters
14984,United Kingdom,2011-06-12 11:04:00,2011-11-20 14:28:00,20,2,213.27,106.635,60,2,181,0.0,0.0,0.0,True,4,3,1,8,Potential Loyalists,4,Recent Starters
17928,United Kingdom,2011-04-07 18:03:00,2011-10-25 13:52:00,46,2,212.54,106.27,140,2,247,0.0,0.0,0.0,True,3,3,1,7,Occasional,4,Recent Starters
16017,United Kingdom,2011-10-23 12:56:00,2011-10-23 12:56:00,48,1,211.88,211.88,102,1,48,0.0,0.0,0.0,False,3,2,1,6,Occasional,4,Recent Starters
16356,United Kingdom,2011-03-07 12:31:00,2011-05-26 11:51:00,198,3,211.77,70.59,93,3,278,1.45,1.0,0.6800487759122034,True,1,4,1,6,At Risk,0,Lapsed
15703,United Kingdom,2011-03-20 10:51:00,2011-03-20 10:51:00,265,1,211.5,211.5,66,1,265,0.0,0.0,0.0,False,1,1,1,3,Hibernating,0,Lapsed
12995,United Kingdom,2011-09-15 15:44:00,2011-09-15 15:44:00,86,1,211.32,211.32,108,1,86,10.6,1.0,4.7764960346070655,False,2,1,1,4,Hibernating,0,Lapsed
16415,United Kingdom,2011-10-26 13:35:00,2011-10-26 13:35:00,45,1,210.35,210.35,187,1,45,0.0,0.0,0.0,False,3,2,1,6,Occasional,4,Recent Starters
13532,United Kingdom,2011-11-06 12:25:00,2011-11-06 12:25:00,34,1,210.31,210.31,129,1,34,0.0,0.0,0.0,False,3,1,1,5,Occasional,4,Recent Starters
13828,United Kingdom,2011-11-17 16:02:00,2011-11-17 16:02:00,23,1,209.49,209.49,311,1,23,0.0,0.0,0.0,False,4,1,1,6,Occasional,4,Recent Starters
17855,United Kingdom,2010-12-02 09:44:00,2010-12-02 09:44:00,373,1,208.97,208.97,197,1,373,0.0,0.0,0.0,False,1,2,1,4,Hibernating,0,Lapsed
15327,United Kingdom,2011-10-18 11:55:00,2011-10-18 11:55:00,53,1,208.75,208.75,116,1,53,0.0,0.0,0.0,False,3,1,1,5,Occasional,4,Recent Starters
17514,United Kingdom,2011-08-03 15:45:00,2011-08-03 15:45:00,129,1,208.65,208.65,135,1,129,0.0,0.0,0.0,False,2,2,1,5,Hibernating,0,Lapsed
16914,United Kingdom,2011-11-03 15:27:00,2011-11-03 15:27:00,37,1,208.46,208.46,121,1,37,0.0,0.0,0.0,False,3,2,1,6,Occasional,4,Recent Starters
16457,United Kingdom,2011-05-05 13:19:00,2011-05-05 13:19:00,219,1,208.36,208.36,140,1,219,0.0,0.0,0.0,False,1,2,1,4,Hibernating,0,Lapsed
12547,Spain,2011-03-04 12:46:00,2011-05-26 12:38:00,198,2,207.79999999999998,103.89999999999999,134,2,281,0.0,0.0,0.0,True,1,2,1,4,Hibernating,0,Lapsed
18191,United Kingdom,2011-03-23 12:08:00,2011-03-23 12:08:00,262,1,207.79999999999998,207.79999999999998,140,1,262,0.0,0.0,0.0,False,1,2,1,4,Hibernating,0,Lapsed
16866,United Kingdom,2011-07-01 12:34:00,2011-07-22 10:06:00,141,3,207.73999999999998,69.24666666666666,60,1,162,0.0,0.0,0.0,True,2,4,1,7,At Risk,0,Lapsed
17923,United Kingdom,2011-03-02 15:15:00,2011-03-02 15:15:00,283,1,207.50000000000003,207.50000000000003,50,1,283,0.0,0.0,0.0,False,1,2,1,4,Hibernating,0,Lapsed
16323,United Kingdom,2011-05-27 14:48:00,2011-05-27 14:48:00,197,1,207.50000000000003,207.50000000000003,50,1,197,0.0,0.0,0.0,False,1,2,1,4,Hibernating,0,Lapsed
16752,United Kingdom,2010-12-02 12:18:00,2010-12-02 12:18:00,373,1,207.5,207.5,54,1,373,0.0,0.0,0.0,False,1,2,1,4,Hibernating,0,Lapsed
13099,United Kingdom,2011-09-01 17:40:00,2011-09-01 17:40:00,100,1,207.35999999999999,207.35999999999999,288,1,100,0.0,0.0,0.0,False,2,1,1,4,Hibernating,0,Lapsed
15925,United Kingdom,2011-05-29 15:35:00,2011-05-29 15:35:00,195,1,207.15,207.15,93,1,195,0.0,0.0,0.0,False,1,2,1,4,Hibernating,0,Lapsed
15820,United Kingdom,2011-01-24 12:00:00,2011-01-24 12:00:00,320,1,206.98,206.98,128,1,320,0.0,0.0,0.0,False,1,2,1,4,Hibernating,0,Lapsed
18126,United Kingdom,2011-10-10 12:19:00,2011-10-10 12:19:00,61,1,206.82999999999998,206.82999999999998,144,1,61,0.0,0.0,0.0,False,3,2,1,6,Occasional,4,Recent Starters
17166,United Kingdom,2011-05-20 08:18:00,2011-11-01 09:46:00,39,2,206.34,103.17,78,2,204,16.85,1.0,7.549621398808191,True,3,3,1,7,Occasional,4,Recent Starters
14964,United Kingdom,2011-04-06 14:13:00,2011-04-06 14:13:00,248,1,206.21,206.21,143,1,248,0.0,0.0,0.0,False,1,1,1,3,Hibernating,0,Lapsed
13065,United Kingdom,2010-12-01 16:52:00,2010-12-01 16:52:00,374,1,205.86,205.86,74,1,374,0.0,0.0,0.0,False,1,1,1,3,Hibernating,0,Lapsed
17670,United Kingdom,2011-04-26 09:12:00,2011-04-26 09:12:00,228,1,205.7,205.7,110,1,228,0.0,0.0,0.0,False,1,2,1,4,Hibernating,0,Lapsed
17843,United Kingdom,2011-02-09 15:33:00,2011-02-09 15:33:00,304,1,205.48,205.48,113,1,304,0.0,0.0,0.0,False,1,2,1,4,Hibernating,0,Lapsed
15307,United Kingdom,2011-09-05 11:38:00,2011-09-05 11:38:00,96,1,205.3,205.3,37,1,96,0.0,0.0,0.0,False,2,1,1,4,Hibernating,0,Lapsed
15758,United Kingdom,2011-11-15 10:48:00,2011-11-15 10:48:00,25,1,205.25,205.25,47,1,25,0.0,0.0,0.0,False,4,2,1,7,Potential Loyalists,4,Recent Starters
13513,United Kingdom,2011-08-05 11:50:00,2011-08-05 11:50:00,127,1,205.1,205.1,109,1,127,0.0,0.0,0.0,False,2,1,1,4,Hibernating,0,Lapsed
15319,United Kingdom,2011-03-01 12:48:00,2011-03-01 12:48:00,284,1,204.5,204.5,175,1,284,0.0,0.0,0.0,False,1,1,1,3,Hibernating,0,Lapsed
17206,United Kingdom,2011-10-17 13:25:00,2011-10-17 13:25:00,54,1,204.24,204.24,76,1,54,0.0,0.0,0.0,False,3,2,1,6,Occasional,4,Recent Starters
18273,United Kingdom,2011-03-27 11:22:00,2011-12-07 13:16:00,3,3,204.0,68.0,80,3,258,0.0,0.0,0.0,True,5,4,1,10,Loyal,4,Recent Starters
13017,United Kingdom,2011-12-02 15:53:00,2011-12-02 15:53:00,8,1,204.0,204.0,48,1,8,0.0,0.0,0.0,False,5,1,1,7,New Customers,4,Recent Starters
17187,United Kingdom,2011-04-27 12:39:00,2011-04-27 12:39:00,227,1,203.95,203.95,144,1,227,0.0,0.0,0.0,False,1,2,1,4,Hibernating,0,Lapsed
17889,United Kingdom,2011-01-21 17:14:00,2011-05-11 16:26:00,213,2,203.87,101.935,79,2,323,0.0,0.0,0.0,True,1,3,1,5,At Risk,0,Lapsed
17394,United Kingdom,2011-05-04 13:22:00,2011-05-04 13:22:00,220,1,203.86999999999998,203.86999999999998,241,1,220,0.0,0.0,0.0,False,1,2,1,4,Hibernating,0,Lapsed
17891,United Kingdom,2011-06-30 20:08:00,2011-06-30 20:08:00,163,1,203.85999999999999,203.85999999999999,393,1,163,0.0,0.0,0.0,False,2,2,1,5,Hibernating,0,Lapsed
17376,United Kingdom,2011-02-01 14:12:00,2011-09-30 12:36:00,71,2,203.2,101.6,86,2,312,0.0,0.0,0.0,True,3,3,1,7,Occasional,0,Lapsed
15723,United Kingdom,2010-12-10 11:12:00,2010-12-10 11:12:00,365,1,203.1,203.1,87,1,365,0.0,0.0,0.0,False,1,1,1,3,Hibernating,0,Lapsed
14381,United Kingdom,2011-10-18 17:10:00,2011-10-18 17:10:00,53,1,202.68,202.68,146,1,53,0.0,0.0,0.0,False,3,1,1,5,Occasional,4,Recent Starters
18169,United Kingdom,2011-10-10 12:18:00,2011-10-10 12:18:00,61,1,202.65,202.65,61,1,61,0.0,0.0,0.0,False,3,2,1,6,Occasional,4,Recent Starters
14385,United Kingdom,2011-11-16 11:55:00,2011-11-30 15:36:00,10,3,202.11,67.37,159,1,24,0.0,0.0,0.0,True,5,3,1,9,Potential Loyalists,4,Recent Starters
15347,United Kingdom,2010-12-08 15:25:00,2010-12-08 15:25:00,367,1,201.60000000000002,201.60000000000002,130,1,367,0.0,0.0,0.0,False,1,1,1,3,Hibernating,0,Lapsed
13295,United Kingdom,2010-12-15 11:21:00,2010-12-15 11:21:00,360,1,201.20000000000002,201.20000000000002,82,1,360,3.25,1.0,1.5896307165566153,False,1,1,1,3,Hibernating,0,Lapsed
13284,United Kingdom,2011-01-13 09:23:00,2011-01-13 09:23:00,331,1,201.19,201.19,91,1,331,5.04,1.0,2.4438733452940893,False,1,1,1,3,Hibernating,0,Lapsed
16965,United Kingdom,2011-04-27 12:08:00,2011-04-27 12:08:00,227,1,201.19,201.19,291,1,227,0.0,0.0,0.0,False,1,2,1,4,Hibernating,0,Lapsed
13859,United Kingdom,2011-01-17 16:14:00,2011-01-17 16:14:00,327,1,201.16,201.16,129,1,327,0.0,0.0,0.0,False,1,1,1,3,Hibernating,0,Lapsed
17988,United Kingdom,2011-01-17 11:59:00,2011-11-28 11:00:00,12,7,201.12,28.731428571428573,43,4,327,9.95,1.0,4.714075898990855,True,5,5,1,11,Loyal,3,Core Regulars
17693,United Kingdom,2011-07-25 15:48:00,2011-07-25 15:48:00,138,1,200.47,200.47,231,1,138,13.45,2.0,6.287397157816006,False,2,2,1,5,Hibernating,0,Lapsed
13262,United Kingdom,2011-03-21 15:06:00,2011-03-21 15:06:00,264,1,200.29,200.29,125,1,264,0.0,0.0,0.0,False,1,1,1,3,Hibernating,0,Lapsed
15437,United Kingdom,2011-03-22 13:11:00,2011-03-22 13:11:00,263,1,200.16,200.16,79,1,263,0.0,0.0,0.0,False,1,1,1,3,Hibernating,0,Lapsed
13980,United Kingdom,2011-10-10 13:34:00,2011-10-10 13:34:00,61,1,200.14,200.14,172,1,61,0.0,0.0,0.0,False,3,1,1,5,Occasional,4,Recent Starters
14782,United Kingdom,2011-01-24 11:12:00,2011-01-24 11:12:00,320,1,200.10000000000002,200.10000000000002,114,1,320,0.0,0.0,0.0,False,1,1,1,3,Hibernating,0,Lapsed
13723,United Kingdom,2011-05-06 17:04:00,2011-05-06 17:04:00,218,1,199.85000000000002,199.85000000000002,43,1,218,0.0,0.0,0.0,False,1,1,1,3,Hibernating,0,Lapsed
15593,United Kingdom,2011-09-30 11:46:00,2011-09-30 11:46:00,71,1,199.8,199.8,60,1,71,0.0,0.0,0.0,False,3,1,1,5,Occasional,0,Lapsed
13322,United Kingdom,2011-11-22 14:21:00,2011-11-22 14:21:00,18,1,199.48000000000002,199.48000000000002,117,1,18,0.0,0.0,0.0,False,4,1,1,6,Occasional,4,Recent Starters
17383,United Kingdom,2011-12-05 17:36:00,2011-12-05 17:36:00,5,1,199.29,199.29,150,1,5,0.0,0.0,0.0,False,5,2,1,8,New Customers,4,Recent Starters
16832,United Kingdom,2011-05-06 14:12:00,2011-06-08 15:36:00,185,3,199.15,66.38333333333334,33,2,218,0.0,0.0,0.0,True,1,4,1,6,At Risk,0,Lapsed
17987,United Kingdom,2011-06-07 14:22:00,2011-06-07 14:22:00,186,1,198.57,198.57,261,1,186,0.0,0.0,0.0,False,1,2,1,4,Hibernating,0,Lapsed
16178,United Kingdom,2011-07-24 16:05:00,2011-07-24 16:05:00,139,1,197.9,197.9,94,1,139,0.0,0.0,0.0,False,2,2,1,5,Hibernating,0,Lapsed
12450,Spain,2011-06-19 14:36:00,2011-07-06 14:41:00,157,2,197.88,98.94,128,2,174,0.0,0.0,0.0,True,2,2,1,5,Hibernating,0,Lapsed
12581,Germany,2011-10-31 08:56:00,2011-10-31 08:56:00,40,1,197.71,197.71,161,1,40,0.0,0.0,0.0,False,3,1,1,5,Occasional,4,Recent Starters
14185,United Kingdom,2011-01-12 13:52:00,2011-01-12 13:52:00,332,1,197.65,197.65,6,1,332,0.0,0.0,0.0,False,1,1,1,3,Hibernating,0,Lapsed
14789,United Kingdom,2011-11-11 08:59:00,2011-11-11 08:59:00,29,1,197.64,197.64,116,1,29,0.0,0.0,0.0,False,4,1,1,6,Occasional,4,Recent Starters
17301,United Kingdom,2011-11-18 13:43:00,2011-11-18 13:43:00,22,1,197.63,197.63,149,1,22,0.0,0.0,0.0,False,4,2,1,7,Potential Loyalists,4,Recent Starters
16829,United Kingdom,2011-07-06 10:48:00,2011-07-06 10:48:00,157,1,197.22,197.22,99,1,157,0.0,0.0,0.0,False,2,2,1,5,Hibernating,0,Lapsed
14830,United Kingdom,2011-10-17 14:29:00,2011-10-17 14:29:00,54,1,197.13,197.13,169,1,54,0.0,0.0,0.0,False,3,1,1,5,Occasional,4,Recent Starters
15234,United Kingdom,2011-03-08 08:53:00,2011-03-08 08:53:00,277,1,197.0,197.0,196,1,277,0.0,0.0,0.0,False,1,1,1,3,Hibernating,0,Lapsed
12586,Italy,2011-11-22 16:24:00,2011-11-22 16:24:00,18,1,196.94000000000003,196.94000000000003,79,1,18,17.0,1.0,7.946153127044965,False,4,1,1,6,Occasional,4,Recent Starters
13436,United Kingdom,2011-12-08 10:33:00,2011-12-08 10:33:00,2,1,196.89,196.89,76,1,2,0.0,0.0,0.0,False,5,1,1,7,New Customers,4,Recent Starters
15746,United Kingdom,2011-07-28 15:21:00,2011-07-28 15:21:00,135,1,196.88,196.88,178,1,135,13.919999999999998,1.0,6.603415559772295,False,2,1,1,4,Hibernating,0,Lapsed
13978,United Kingdom,2011-10-25 15:04:00,2011-11-25 11:36:00,15,2,196.79000000000002,98.39500000000001,315,2,46,0.0,0.0,0.0,True,4,3,1,8,Potential Loyalists,4,Recent Starters
17660,United Kingdom,2011-07-21 13:37:00,2011-07-21 13:37:00,142,1,196.0,196.0,130,1,142,0.0,0.0,0.0,False,2,2,1,5,Hibernating,0,Lapsed
16112,United Kingdom,2011-01-05 11:47:00,2011-07-19 14:28:00,144,4,195.73999999999998,48.934999999999995,574,2,339,0.0,0.0,0.0,True,2,4,1,7,At Risk,0,Lapsed
13792,United Kingdom,2011-02-25 14:03:00,2011-10-04 14:31:00,67,2,195.55,97.775,92,2,288,0.0,0.0,0.0,True,3,2,1,6,Occasional,4,Recent Starters
17010,United Kingdom,2011-11-21 14:49:00,2011-11-21 14:49:00,19,1,195.36,195.36,118,1,19,9.9,1.0,4.823151125401929,False,4,2,1,7,Potential Loyalists,4,Recent Starters
14666,United Kingdom,2011-11-15 12:57:00,2011-11-15 12:57:00,25,1,195.25,195.25,161,1,25,0.0,0.0,0.0,False,4,1,1,6,Occasional,4,Recent Starters
15612,United Kingdom,2011-10-09 12:49:00,2011-11-03 14:52:00,37,2,195.15,97.575,52,2,62,0.0,0.0,0.0,True,3,3,1,7,Occasional,4,Recent Starters
14100,United Kingdom,2011-07-25 11:01:00,2011-07-25 11:01:00,138,1,194.9,194.9,64,1,138,0.0,0.0,0.0,False,2,1,1,4,Hibernating,0,Lapsed
16887,United Kingdom,2011-11-04 14:07:00,2011-11-04 14:07:00,36,1,194.88,194.88,157,1,36,0.0,0.0,0.0,False,3,2,1,6,Occasional,4,Recent Starters
14087,United Kingdom,2011-12-07 12:41:00,2011-12-07 12:41:00,3,1,194.42,194.42,251,1,3,12.75,1.0,6.1543659796302554,False,5,1,1,7,New Customers,4,Recent Starters
17475,United Kingdom,2011-09-21 14:55:00,2011-09-21 14:55:00,80,1,194.37,194.37,178,1,80,0.0,0.0,0.0,False,2,2,1,5,Hibernating,0,Lapsed
15683,United Kingdom,2011-08-14 12:56:00,2011-08-14 12:56:00,118,1,193.75,193.75,131,1,118,0.0,0.0,0.0,False,2,1,1,4,Hibernating,0,Lapsed
17343,United Kingdom,2010-12-19 15:07:00,2010-12-19 15:07:00,356,1,193.64,193.64,56,1,356,0.0,0.0,0.0,False,1,2,1,4,Hibernating,0,Lapsed
15198,United Kingdom,2011-08-07 15:16:00,2011-09-08 14:42:00,93,2,193.64,96.82,120,2,125,0.0,0.0,0.0,True,2,3,1,6,At Risk,0,Lapsed
16847,United Kingdom,2011-10-27 13:29:00,2011-10-27 13:29:00,44,1,193.44,193.44,78,1,44,0.0,0.0,0.0,False,3,2,1,6,Occasional,4,Recent Starters
17608,United Kingdom,2011-11-06 13:00:00,2011-11-06 13:06:00,34,2,193.42,96.71,232,1,34,0.0,0.0,0.0,True,3,3,1,7,Occasional,4,Recent Starters
14806,United Kingdom,2011-09-25 15:32:00,2011-09-25 15:32:00,76,1,193.39000000000001,193.39000000000001,330,1,76,0.0,0.0,0.0,False,2,1,1,4,Hibernating,0,Lapsed
14801,United Kingdom,2011-10-09 15:24:00,2011-10-09 15:24:00,62,1,193.14,193.14,175,1,62,0.0,0.0,0.0,False,3,1,1,5,Occasional,4,Recent Starters
13568,United Kingdom,2011-06-19 14:42:00,2011-06-19 14:42:00,174,1,192.85,192.85,70,1,174,0.0,0.0,0.0,False,2,1,1,4,Hibernating,0,Lapsed
12522,Germany,2011-10-19 14:41:00,2011-10-31 15:30:00,40,2,192.72,96.36,194,1,52,0.0,0.0,0.0,True,3,2,1,6,Occasional,4,Recent Starters
12791,Netherlands,2010-12-01 11:27:00,2010-12-01 11:27:00,374,1,192.60000000000002,192.60000000000002,97,1,374,0.0,0.0,0.0,False,1,1,1,3,Hibernating,0,Lapsed
14768,United Kingdom,2011-08-04 13:25:00,2011-11-22 12:54:00,18,2,192.60000000000002,96.30000000000001,52,2,128,53.1,1.0,21.61172161172161,True,4,3,1,8,Potential Loyalists,4,Recent Starters
15909,United Kingdom,2011-06-19 10:38:00,2011-06-19 10:38:00,174,1,191.94,191.94,98,1,174,0.0,0.0,0.0,False,2,2,1,5,Hibernating,0,Lapsed
17904,United Kingdom,2011-11-18 12:57:00,2011-11-18 12:57:00,22,1,191.67,191.67,63,1,22,12.75,1.0,6.237158790724979,False,4,2,1,7,Potential Loyalists,4,Recent Starters
14966,United Kingdom,2011-11-25 12:20:00,2011-11-25 12:20:00,15,1,191.32,191.32,187,1,15,0.0,0.0,0.0,False,4,1,1,6,Occasional,4,Recent Starters
15692,United Kingdom,2011-11-11 14:12:00,2011-11-11 14:12:00,29,1,191.04,191.04,138,1,29,0.0,0.0,0.0,False,4,1,1,6,Occasional,4,Recent Starters
17233,United Kingdom,2011-11-04 14:06:00,2011-11-04 14:06:00,36,1,190.88,190.88,131,1,36,0.0,0.0,0.0,False,3,2,1,6,Occasional,4,Recent Starters
13033,United Kingdom,2010-12-17 14:23:00,2010-12-17 14:23:00,358,1,190.55,190.55,83,1,358,0.0,0.0,0.0,False,1,1,1,3,Hibernating,0,Lapsed
15412,United Kingdom,2011-06-21 15:24:00,2011-06-21 15:24:00,172,1,190.53,190.53,108,1,172,0.0,0.0,0.0,False,2,1,1,4,Hibernating,0,Lapsed
13972,United Kingdom,2011-05-22 11:34:00,2011-09-30 11:54:00,71,2,190.25,95.125,187,2,202,0.0,0.0,0.0,True,3,3,1,7,Occasional,0,Lapsed
17885,United Kingdom,2011-11-27 14:40:00,2011-11-27 14:40:00,13,1,190.19,190.19,167,1,13,0.0,0.0,0.0,False,5,2,1,8,New Customers,4,Recent Starters
12361,Belgium,2011-02-25 13:51:00,2011-02-25 13:51:00,288,1,189.9,189.9,91,1,288,0.0,0.0,0.0,False,1,1,1,3,Hibernating,0,Lapsed
13826,United Kingdom,2011-06-16 13:48:00,2011-06-16 13:48:00,177,1,189.5,189.5,82,1,177,14.85,1.0,7.2669439686811845,False,2,1,1,4,Hibernating,0,Lapsed
13663,United Kingdom,2011-06-13 15:44:00,2011-06-13 15:44:00,180,1,189.47,189.47,91,1,180,0.0,0.0,0.0,False,1,1,1,3,Hibernating,0,Lapsed
18045,United Kingdom,2011-10-25 13:07:00,2011-10-25 13:07:00,46,1,189.4,189.4,142,1,46,0.0,0.0,0.0,False,3,2,1,6,Occasional,4,Recent Starters
16448,United Kingdom,2011-05-25 16:28:00,2011-05-25 16:28:00,199,1,188.89000000000001,188.89000000000001,78,1,199,0.0,0.0,0.0,False,1,2,1,4,Hibernating,0,Lapsed
14697,United Kingdom,2011-05-05 15:29:00,2011-05-05 15:39:00,219,2,188.60999999999999,94.30499999999999,181,1,219,0.0,0.0,0.0,True,1,3,1,5,At Risk,0,Lapsed
12893,United Kingdom,2011-11-09 12:34:00,2011-11-09 12:34:00,31,1,188.14,188.14,96,1,31,0.0,0.0,0.0,False,4,1,1,6,Occasional,4,Recent Starters
17781,United Kingdom,2011-03-31 19:54:00,2011-07-03 16:00:00,160,2,188.02,94.01,34,2,254,0.0,0.0,0.0,True,2,3,1,6,At Risk,0,Lapsed
14722,United Kingdom,2011-07-15 14:58:00,2011-07-15 14:58:00,148,1,187.92000000000002,187.92000000000002,120,1,148,0.0,0.0,0.0,False,2,1,1,4,Hibernating,0,Lapsed
17279,United Kingdom,2011-10-13 11:58:00,2011-10-13 11:58:00,58,1,187.82999999999998,187.82999999999998,48,1,58,0.0,0.0,0.0,False,3,2,1,6,Occasional,4,Recent Starters
18013,United Kingdom,2011-07-07 14:08:00,2011-07-07 14:11:00,156,2,187.29,93.645,285,1,156,0.0,0.0,0.0,True,2,3,1,6,At Risk,0,Lapsed
17440,United Kingdom,2011-04-06 12:05:00,2011-07-06 11:54:00,157,3,186.42000000000002,62.14000000000001,246,2,248,9.32,2.0,4.761418207826709,True,2,4,1,7,At Risk,0,Lapsed
13672,United Kingdom,2011-01-11 13:54:00,2011-02-11 13:53:00,302,2,186.39000000000001,93.19500000000001,57,2,333,257.85,4.0,58.04294975688818,True,1,2,1,4,Hibernating,0,Lapsed
14551,United Kingdom,2011-05-19 18:21:00,2011-11-21 13:36:00,19,2,186.23,93.115,106,2,205,0.0,0.0,0.0,True,4,3,1,8,Potential Loyalists,4,Recent Starters
15567,United Kingdom,2011-11-21 10:48:00,2011-11-21 10:48:00,19,1,186.01,186.01,223,1,19,0.0,0.0,0.0,False,4,1,1,6,Occasional,4,Recent Starters
12641,Sweden,2011-08-16 13:26:00,2011-08-16 13:26:00,116,1,185.9,185.9,72,1,116,0.0,0.0,0.0,False,2,1,1,4,Hibernating,0,Lapsed
17574,United Kingdom,2011-04-11 09:47:00,2011-04-11 09:47:00,243,1,185.65,185.65,77,1,243,0.0,0.0,0.0,False,1,2,1,4,Hibernating,0,Lapsed
14199,United Kingdom,2011-05-05 13:44:00,2011-05-05 13:44:00,219,1,185.39999999999998,185.39999999999998,28,1,219,0.0,0.0,0.0,False,1,1,1,3,Hibernating,0,Lapsed
16097,United Kingdom,2011-04-13 13:47:00,2011-04-13 13:47:00,241,1,185.04999999999998,185.04999999999998,87,1,241,0.0,0.0,0.0,False,1,2,1,4,Hibernating,0,Lapsed
13482,United Kingdom,2011-04-21 17:03:00,2011-04-21 17:03:00,233,1,184.64,184.64,116,1,233,0.0,0.0,0.0,False,1,1,1,3,Hibernating,0,Lapsed
17680,United Kingdom,2011-11-16 12:42:00,2011-11-16 12:42:00,24,1,184.4,184.4,96,1,24,0.0,0.0,0.0,False,4,2,1,7,Potential Loyalists,4,Recent Starters
16433,United Kingdom,2011-11-11 14:09:00,2011-11-11 14:09:00,29,1,184.26,184.26,106,1,29,0.0,0.0,0.0,False,4,2,1,7,Potential Loyalists,4,Recent Starters
15124,United Kingdom,2011-06-01 09:06:00,2011-11-17 10:09:00,23,2,184.19,92.095,233,2,192,0.0,0.0,0.0,True,4,3,1,8,Potential Loyalists,4,Recent Starters
14326,United Kingdom,2011-04-11 15:04:00,2011-04-11 15:04:00,243,1,183.85,183.85,103,1,243,17.0,1.0,8.46402788150361,False,1,1,1,3,Hibernating,0,Lapsed
16680,United Kingdom,2011-10-27 17:35:00,2011-10-27 17:35:00,44,1,183.7,183.7,94,1,44,0.0,0.0,0.0,False,3,2,1,6,Occasional,4,Recent Starters
14059,United Kingdom,2011-03-18 10:06:00,2011-03-18 10:06:00,267,1,183.6,183.6,128,1,267,0.0,0.0,0.0,False,1,1,1,3,Hibernating,0,Lapsed
13460,United Kingdom,2011-10-21 09:50:00,2011-11-10 17:17:00,30,2,183.44,91.72,286,2,50,0.0,0.0,0.0,True,4,2,1,7,Potential Loyalists,4,Recent Starters
13059,United Kingdom,2011-04-04 10:40:00,2011-04-04 10:40:00,250,1,183.4,183.4,35,1,250,0.0,0.0,0.0,False,1,1,1,3,Hibernating,0,Lapsed
17772,United Kingdom,2011-11-29 10:57:00,2011-11-29 11:05:00,11,2,182.77,91.385,58,1,11,0.0,0.0,0.0,True,5,3,1,9,Potential Loyalists,4,Recent Starters
14082,United Kingdom,2010-12-10 11:02:00,2010-12-10 11:02:00,365,1,182.25,182.25,110,1,365,0.0,0.0,0.0,False,1,1,1,3,Hibernating,0,Lapsed
18119,United Kingdom,2010-12-07 11:59:00,2010-12-07 11:59:00,368,1,181.12,181.12,125,1,368,0.0,0.0,0.0,False,1,2,1,4,Hibernating,0,Lapsed
16594,United Kingdom,2011-09-25 14:08:00,2011-09-25 14:08:00,76,1,181.09,181.09,64,1,76,0.0,0.0,0.0,False,2,2,1,5,Hibernating,0,Lapsed
15886,United Kingdom,2011-10-10 14:25:00,2011-10-10 14:25:00,61,1,181.09,181.09,147,1,61,0.0,0.0,0.0,False,3,2,1,6,Occasional,4,Recent Starters
15945,United Kingdom,2010-12-09 13:14:00,2010-12-09 13:14:00,366,1,181.0,181.0,52,1,366,0.0,0.0,0.0,False,1,2,1,4,Hibernating,0,Lapsed
15292,United Kingdom,2011-05-22 15:00:00,2011-05-22 15:00:00,202,1,180.94,180.94,56,1,202,0.0,0.0,0.0,False,1,1,1,3,Hibernating,0,Lapsed
16835,United Kingdom,2010-12-01 17:15:00,2011-08-03 13:50:00,129,2,180.85,90.425,61,2,374,0.0,0.0,0.0,True,2,3,1,6,At Risk,0,Lapsed
18280,United Kingdom,2011-03-07 09:52:00,2011-03-07 09:52:00,278,1,180.60000000000002,180.60000000000002,45,1,278,0.0,0.0,0.0,False,1,2,1,4,Hibernating,0,Lapsed
13710,United Kingdom,2011-11-08 08:16:00,2011-11-08 08:16:00,32,1,180.48,180.48,176,1,32,0.0,0.0,0.0,False,4,1,1,6,Occasional,4,Recent Starters
15041,United Kingdom,2011-06-22 16:16:00,2011-06-22 16:16:00,171,1,180.35,180.35,104,1,171,0.0,0.0,0.0,False,2,1,1,4,Hibernating,0,Lapsed
13598,United Kingdom,2011-10-23 14:28:00,2011-10-23 14:28:00,48,1,180.17000000000002,180.17000000000002,58,1,48,12.75,1.0,6.608957080655193,False,3,1,1,5,Occasional,4,Recent Starters
12622,Germany,2011-04-21 16:39:00,2011-04-21 16:39:00,233,1,180.1,180.1,69,1,233,0.0,0.0,0.0,False,1,1,1,3,Hibernating,0,Lapsed
18147,United Kingdom,2011-08-23 12:22:00,2011-10-25 11:46:00,46,2,179.33999999999997,89.66999999999999,203,2,109,0.0,0.0,0.0,True,3,3,1,7,Occasional,4,Recent Starters
15895,United Kingdom,2011-07-13 10:27:00,2011-07-13 10:27:00,150,1,179.17,179.17,94,1,150,0.0,0.0,0.0,False,2,2,1,5,Hibernating,0,Lapsed
15454,United Kingdom,2010-12-12 14:21:00,2010-12-12 14:21:00,363,1,179.1,179.1,86,1,363,0.0,0.0,0.0,False,1,1,1,3,Hibernating,0,Lapsed
16990,United Kingdom,2011-05-05 08:30:00,2011-05-05 08:30:00,219,1,179.0,179.0,100,1,219,0.0,0.0,0.0,False,1,2,1,4,Hibernating,0,Lapsed
14705,United Kingdom,2011-05-25 12:39:00,2011-05-25 12:39:00,199,1,179.0,179.0,100,1,199,0.0,0.0,0.0,False,1,1,1,3,Hibernating,0,Lapsed
15139,United Kingdom,2011-01-07 12:44:00,2011-04-14 11:39:00,240,2,178.96,89.48,208,2,337,0.0,0.0,0.0,True,1,3,1,5,At Risk,0,Lapsed
16620,United Kingdom,2011-03-24 10:37:00,2011-12-06 12:19:00,4,2,178.96,89.48,88,2,261,0.0,0.0,0.0,True,5,3,1,9,Potential Loyalists,4,Recent Starters
15262,United Kingdom,2011-01-20 12:16:00,2011-01-20 12:16:00,324,1,178.95000000000002,178.95000000000002,73,1,324,0.0,0.0,0.0,False,1,1,1,3,Hibernating,0,Lapsed
13778,United Kingdom,2011-08-28 15:25:00,2011-08-28 15:25:00,104,1,178.7,178.7,70,1,104,0.0,0.0,0.0,False,2,1,1,4,Hibernating,0,Lapsed
17879,United Kingdom,2011-06-19 12:36:00,2011-06-19 12:36:00,174,1,178.51999999999998,178.51999999999998,45,1,174,0.0,0.0,0.0,False,2,2,1,5,Hibernating,0,Lapsed
17253,United Kingdom,2011-11-21 12:59:00,2011-11-21 12:59:00,19,1,178.26,178.26,43,1,19,0.0,0.0,0.0,False,4,2,1,7,Potential Loyalists,4,Recent Starters
17356,United Kingdom,2011-02-01 11:07:00,2011-02-01 11:07:00,312,1,178.22,178.22,166,1,312,0.0,0.0,0.0,False,1,2,1,4,Hibernating,0,Lapsed
18282,United Kingdom,2011-08-05 13:35:00,2011-12-02 11:43:00,8,2,178.05,89.025,103,2,127,1.45,1.0,0.807799442896936,True,5,3,1,9,Potential Loyalists,4,Recent Starters
16403,United Kingdom,2011-01-31 13:39:00,2011-01-31 13:39:00,313,1,177.5,177.5,114,1,313,16.45,1.0,8.481567414282033,False,1,2,1,4,Hibernating,0,Lapsed
13618,United Kingdom,2011-06-19 11:09:00,2011-06-19 11:09:00,174,1,177.34,177.34,246,1,174,0.0,0.0,0.0,False,2,1,1,4,Hibernating,0,Lapsed
12618,Italy,2011-11-18 11:10:00,2011-11-18 11:10:00,22,1,177.31,177.31,96,1,22,0.0,0.0,0.0,False,4,1,1,6,Occasional,4,Recent Starters
13072,United Kingdom,2011-03-18 08:12:00,2011-03-18 08:12:00,267,1,177.15,177.15,69,1,267,0.0,0.0,0.0,False,1,1,1,3,Hibernating,0,Lapsed
12923,United Kingdom,2011-10-06 16:20:00,2011-10-06 16:20:00,65,1,176.97,176.97,69,1,65,0.0,0.0,0.0,False,3,1,1,5,Occasional,0,Lapsed
17947,United Kingdom,2011-11-02 13:05:00,2011-11-02 13:05:00,38,1,176.68,176.68,168,1,38,0.0,0.0,0.0,False,3,2,1,6,Occasional,4,Recent Starters
14287,United Kingdom,2011-05-25 11:41:00,2011-12-01 13:25:00,9,3,176.63,58.876666666666665,261,2,199,25.4,1.0,12.572390239073405,True,5,3,1,9,Potential Loyalists,4,Recent Starters
12509,France,2011-02-28 14:45:00,2011-02-28 14:45:00,285,1,176.5,176.5,55,1,285,0.0,0.0,0.0,False,1,1,1,3,Hibernating,0,Lapsed
18274,United Kingdom,2011-11-09 17:03:00,2011-11-09 17:03:00,31,1,175.92,175.92,88,1,31,175.92,1.0,50.00000000000001,False,4,2,1,7,Potential Loyalists,4,Recent Starters
17582,United Kingdom,2011-04-17 13:18:00,2011-04-17 13:18:00,237,1,175.27,175.27,123,1,237,0.0,0.0,0.0,False,1,2,1,4,Hibernating,0,Lapsed
16144,United Kingdom,2011-04-07 10:09:00,2011-04-07 10:09:00,247,1,175.2,175.2,16,1,247,0.0,0.0,0.0,False,1,2,1,4,Hibernating,0,Lapsed
17331,United Kingdom,2011-08-08 11:55:00,2011-08-08 11:55:00,124,1,175.2,175.2,16,1,124,0.0,0.0,0.0,False,2,2,1,5,Hibernating,0,Lapsed
18010,United Kingdom,2011-03-28 12:27:00,2011-03-28 12:27:00,257,1,174.8,174.8,60,1,257,0.0,0.0,0.0,False,1,2,1,4,Hibernating,0,Lapsed
14355,United Kingdom,2010-12-09 12:16:00,2010-12-09 12:16:00,366,1,174.4,174.4,92,1,366,0.0,0.0,0.0,False,1,1,1,3,Hibernating,0,Lapsed
13560,United Kingdom,2011-12-02 13:11:00,2011-12-02 13:11:00,8,1,174.37,174.37,64,1,8,0.0,0.0,0.0,False,5,1,1,7,New Customers,4,Recent Starters
14518,United Kingdom,2011-10-06 14:43:00,2011-10-06 14:43:00,65,1,174.37,174.37,278,1,65,0.0,0.0,0.0,False,3,1,1,5,Occasional,0,Lapsed
15335,United Kingdom,2011-10-17 12:50:00,2011-10-17 12:50:00,54,1,173.97,173.97,80,1,54,0.0,0.0,0.0,False,3,1,1,5,Occasional,4,Recent Starters
18278,United Kingdom,2011-09-27 11:58:00,2011-09-27 11:58:00,74,1,173.9,173.9,66,1,74,0.0,0.0,0.0,False,2,2,1,5,Hibernating,0,Lapsed
16861,United Kingdom,2011-07-04 15:38:00,2011-10-11 09:05:00,60,2,173.76,86.88,140,2,159,22.110000000000003,1.0,11.288099249502222,True,3,3,1,7,Occasional,4,Recent Starters
14798,United Kingdom,2011-02-02 15:26:00,2011-10-18 10:58:00,53,3,173.74,57.913333333333334,150,3,311,0.0,0.0,0.0,True,3,3,1,7,Occasional,4,Recent Starters
16565,United Kingdom,2010-12-10 15:21:00,2010-12-10 15:21:00,365,1,173.7,173.7,46,1,365,0.0,0.0,0.0,False,1,2,1,4,Hibernating,0,Lapsed
12441,France,2010-12-08 10:45:00,2010-12-08 10:45:00,367,1,173.55,173.55,121,1,367,0.0,0.0,0.0,False,1,1,1,3,Hibernating,0,Lapsed
15565,United Kingdom,2011-09-30 10:44:00,2011-10-20 14:33:00,51,2,173.16,86.58,60,2,71,0.0,0.0,0.0,True,3,3,1,7,Occasional,4,Recent Starters
15670,United Kingdom,2011-02-16 10:50:00,2011-02-16 10:50:00,297,1,173.05,173.05,91,1,297,0.0,0.0,0.0,False,1,1,1,3,Hibernating,0,Lapsed
14693,United Kingdom,2011-03-20 12:50:00,2011-03-20 12:50:00,265,1,172.9,172.9,34,1,265,0.0,0.0,0.0,False,1,1,1,3,Hibernating,0,Lapsed
18048,United Kingdom,2011-05-20 14:54:00,2011-05-20 14:58:00,204,2,172.29000000000002,86.14500000000001,127,1,204,0.0,0.0,0.0,True,1,3,1,5,At Risk,0,Lapsed
13690,United Kingdom,2011-10-11 15:03:00,2011-10-11 15:03:00,60,1,172.25,172.25,67,1,60,0.0,0.0,0.0,False,3,1,1,5,Occasional,4,Recent Starters
13922,United Kingdom,2010-12-23 10:38:00,2010-12-23 10:38:00,352,1,172.25,172.25,93,1,352,0.0,0.0,0.0,False,1,1,1,3,Hibernating,0,Lapsed
12442,Spain,2011-12-06 14:22:00,2011-12-06 14:22:00,4,1,172.06,172.06,182,1,4,0.0,0.0,0.0,False,5,1,1,7,New Customers,4,Recent Starters
14536,United Kingdom,2011-03-25 12:21:00,2011-03-25 12:21:00,260,1,171.8,171.8,40,1,260,0.0,0.0,0.0,False,1,1,1,3,Hibernating,0,Lapsed
16773,United Kingdom,2011-10-13 14:37:00,2011-10-13 14:37:00,58,1,171.59,171.59,171,1,58,0.0,0.0,0.0,False,3,2,1,6,Occasional,4,Recent Starters
17245,United Kingdom,2011-05-19 10:43:00,2011-05-19 10:43:00,205,1,171.45,171.45,75,1,205,0.0,0.0,0.0,False,1,2,1,4,Hibernating,0,Lapsed
15432,United Kingdom,2011-11-16 16:30:00,2011-11-16 16:30:00,24,1,171.19,171.19,65,1,24,0.0,0.0,0.0,False,4,1,1,6,Occasional,4,Recent Starters
17542,United Kingdom,2011-03-15 11:45:00,2011-03-15 11:45:00,270,1,170.75,170.75,134,1,270,0.0,0.0,0.0,False,1,2,1,4,Hibernating,0,Lapsed
14860,United Kingdom,2011-11-20 14:17:00,2011-11-20 14:17:00,20,1,170.32,170.32,232,1,20,1.7,1.0,0.9882571793977446,False,4,1,1,6,Occasional,4,Recent Starters
18058,United Kingdom,2011-11-30 08:38:00,2011-11-30 08:38:00,10,1,170.16,170.16,88,1,10,0.0,0.0,0.0,False,5,2,1,8,New Customers,4,Recent Starters
15016,United Kingdom,2011-06-20 12:06:00,2011-06-20 12:06:00,173,1,170.04,170.04,76,1,173,0.0,0.0,0.0,False,2,1,1,4,Hibernating,0,Lapsed
16921,United Kingdom,2011-10-09 16:22:00,2011-10-09 16:22:00,62,1,169.79,169.79,171,1,62,0.0,0.0,0.0,False,3,2,1,6,Occasional,0,Lapsed
13962,United Kingdom,2011-04-08 11:21:00,2011-11-18 08:47:00,22,2,169.55,84.775,87,2,246,0.0,0.0,0.0,True,4,3,1,8,Potential Loyalists,4,Recent Starters
14218,United Kingdom,2011-10-28 10:00:00,2011-10-28 10:00:00,43,1,169.48000000000002,169.48000000000002,160,1,43,0.0,0.0,0.0,False,3,1,1,5,Occasional,4,Recent Starters
18004,United Kingdom,2010-12-12 13:47:00,2010-12-12 13:47:00,363,1,169.47,169.47,78,1,363,0.0,0.0,0.0,False,1,2,1,4,Hibernating,0,Lapsed
12367,Denmark,2011-12-05 16:48:00,2011-12-05 16:48:00,5,1,168.9,168.9,173,1,5,0.0,0.0,0.0,False,5,1,1,7,New Customers,4,Recent Starters
14578,United Kingdom,2011-12-06 17:18:00,2011-12-06 17:18:00,4,1,168.63,168.63,240,1,4,0.0,0.0,0.0,False,5,1,1,7,New Customers,4,Recent Starters
18269,United Kingdom,2010-12-08 13:53:00,2010-12-08 13:53:00,367,1,168.6,168.6,76,1,367,29.700000000000003,1.0,14.97730711043873,False,1,2,1,4,Hibernating,0,Lapsed
17367,United Kingdom,2011-04-15 14:21:00,2011-04-15 14:21:00,239,1,168.4,168.4,150,1,239,0.0,0.0,0.0,False,1,2,1,4,Hibernating,0,Lapsed
15888,United Kingdom,2011-09-20 12:30:00,2011-09-20 12:30:00,81,1,168.31,168.31,76,1,81,27.04,1.0,13.841822370104941,False,2,2,1,5,Hibernating,0,Lapsed
18099,United Kingdom,2011-08-04 15:52:00,2011-08-04 15:52:00,128,1,168.31,168.31,149,1,128,0.0,0.0,0.0,False,2,2,1,5,Hibernating,0,Lapsed
16282,United Kingdom,2011-01-04 11:42:00,2011-01-04 11:42:00,340,1,168.3,168.3,114,1,340,0.0,0.0,0.0,False,1,2,1,4,Hibernating,0,Lapsed
17737,United Kingdom,2011-10-12 14:42:00,2011-11-30 15:16:00,10,2,168.24,84.12,108,2,59,0.0,0.0,0.0,True,5,3,1,9,Potential Loyalists,4,Recent Starters
15986,United Kingdom,2011-11-09 15:17:00,2011-11-09 15:17:00,31,1,168.12,168.12,268,1,31,0.0,0.0,0.0,False,4,2,1,7,Potential Loyalists,4,Recent Starters
15374,United Kingdom,2011-08-03 09:59:00,2011-08-03 09:59:00,129,1,168.0,168.0,126,1,129,0.0,0.0,0.0,False,2,1,1,4,Hibernating,0,Lapsed
12551,Spain,2010-12-17 11:23:00,2010-12-17 11:23:00,358,1,168.0,168.0,100,1,358,0.0,0.0,0.0,False,1,1,1,3,Hibernating,0,Lapsed
18088,United Kingdom,2011-10-09 13:41:00,2011-10-09 13:41:00,62,1,167.67000000000002,167.67000000000002,109,1,62,0.0,0.0,0.0,False,3,2,1,6,Occasional,0,Lapsed
17561,United Kingdom,2011-11-20 12:53:00,2011-11-20 12:53:00,20,1,167.62,167.62,146,1,20,0.0,0.0,0.0,False,4,2,1,7,Potential Loyalists,4,Recent Starters
16952,United Kingdom,2011-08-22 12:58:00,2011-08-22 13:03:00,110,2,167.61,83.805,92,1,110,0.0,0.0,0.0,True,2,3,1,6,At Risk,0,Lapsed
15920,United Kingdom,2011-07-08 15:16:00,2011-07-08 15:31:00,155,4,167.5,41.875,99,1,155,0.0,0.0,0.0,True,2,4,1,7,At Risk,0,Lapsed
16405,United Kingdom,2011-02-02 17:08:00,2011-02-10 15:24:00,303,2,167.25,83.625,187,1,311,0.0,0.0,0.0,True,1,3,1,5,At Risk,0,Lapsed
18014,United Kingdom,2011-11-11 15:28:00,2011-11-11 15:28:00,29,1,166.42,166.42,68,1,29,0.0,0.0,0.0,False,4,2,1,7,Potential Loyalists,4,Recent Starters
14295,United Kingdom,2011-10-30 15:50:00,2011-10-30 15:50:00,41,1,166.20000000000002,166.20000000000002,84,1,41,11.5,1.0,6.471581316826111,False,3,1,1,5,Occasional,4,Recent Starters
17650,United Kingdom,2011-11-18 14:52:00,2011-11-18 14:52:00,22,1,166.08,166.08,150,1,22,0.0,0.0,0.0,False,4,2,1,7,Potential Loyalists,4,Recent Starters
12817,Austria,2011-03-03 16:28:00,2011-03-03 16:28:00,282,1,166.04,166.04,53,1,282,0.0,0.0,0.0,False,1,1,1,3,Hibernating,0,Lapsed
14485,United Kingdom,2011-11-01 12:25:00,2011-11-01 12:25:00,39,1,165.75,165.75,71,1,39,0.0,0.0,0.0,False,3,1,1,5,Occasional,4,Recent Starters
14552,United Kingdom,2011-07-11 12:49:00,2011-07-11 12:49:00,152,1,165.07,165.07,91,1,152,0.0,0.0,0.0,False,2,1,1,4,Hibernating,0,Lapsed
18042,United Kingdom,2011-10-17 11:49:00,2011-10-17 11:49:00,54,1,165.04999999999998,165.04999999999998,33,1,54,0.0,0.0,0.0,False,3,2,1,6,Occasional,4,Recent Starters
15316,United Kingdom,2011-01-17 11:34:00,2011-01-17 11:34:00,327,1,165.0,165.0,100,1,327,0.0,0.0,0.0,False,1,1,1,3,Hibernating,0,Lapsed
13470,United Kingdom,2011-08-16 17:06:00,2011-09-01 14:57:00,100,2,165.0,82.5,100,2,116,0.0,0.0,0.0,True,2,2,1,5,Hibernating,0,Lapsed
15904,United Kingdom,2011-12-01 14:50:00,2011-12-01 14:50:00,9,1,164.68,164.68,84,1,9,0.0,0.0,0.0,False,5,2,1,8,New Customers,4,Recent Starters
17535,United Kingdom,2011-03-04 15:20:00,2011-03-04 15:20:00,281,1,164.4,164.4,136,1,281,0.0,0.0,0.0,False,1,2,1,4,Hibernating,0,Lapsed
13603,United Kingdom,2011-11-13 15:57:00,2011-11-13 15:57:00,27,1,164.34,164.34,164,1,27,0.0,0.0,0.0,False,4,1,1,6,Occasional,4,Recent Starters
12920,United Kingdom,2011-11-22 15:05:00,2011-11-22 15:05:00,18,1,164.23,164.23,129,1,18,0.0,0.0,0.0,False,4,1,1,6,Occasional,4,Recent Starters
18200,United Kingdom,2011-08-25 18:45:00,2011-08-25 18:45:00,107,1,163.8,163.8,111,1,107,0.0,0.0,0.0,False,2,2,1,5,Hibernating,0,Lapsed
14354,United Kingdom,2011-11-09 15:36:00,2011-12-04 11:32:00,6,2,163.62,81.81,210,2,31,0.0,0.0,0.0,True,5,3,1,9,Potential Loyalists,4,Recent Starters
17110,United Kingdom,2011-06-27 12:58:00,2011-06-27 12:58:00,166,1,163.29999999999998,163.29999999999998,50,1,166,0.0,0.0,0.0,False,2,2,1,5,Hibernating,0,Lapsed
13223,United Kingdom,2011-04-21 15:16:00,2011-05-23 13:03:00,201,2,163.20000000000002,81.60000000000001,88,2,233,0.0,0.0,0.0,True,1,2,1,4,Hibernating,0,Lapsed
16406,United Kingdom,2011-11-21 11:57:00,2011-11-21 11:57:00,19,1,163.07,163.07,122,1,19,0.0,0.0,0.0,False,4,2,1,7,Potential Loyalists,4,Recent Starters
15167,United Kingdom,2011-01-23 12:41:00,2011-01-23 12:41:00,321,1,163.0,163.0,67,1,321,0.0,0.0,0.0,False,1,1,1,3,Hibernating,0,Lapsed
16517,United Kingdom,2011-03-07 13:50:00,2011-03-07 13:50:00,278,1,162.7,162.7,96,1,278,0.0,0.0,0.0,False,1,2,1,4,Hibernating,0,Lapsed
15733,United Kingdom,2011-03-02 09:05:00,2011-03-02 09:05:00,283,1,162.3,162.3,62,1,283,0.0,0.0,0.0,False,1,1,1,3,Hibernating,0,Lapsed
15325,United Kingdom,2011-08-28 11:55:00,2011-08-28 11:55:00,104,1,162.29,162.29,232,1,104,0.0,0.0,0.0,False,2,1,1,4,Hibernating,0,Lapsed
16932,United Kingdom,2011-10-17 14:12:00,2011-10-17 14:12:00,54,1,161.94,161.94,87,1,54,0.0,0.0,0.0,False,3,2,1,6,Occasional,4,Recent Starters
17600,United Kingdom,2011-11-22 09:43:00,2011-11-22 09:43:00,18,1,161.67000000000002,161.67000000000002,144,1,18,0.0,0.0,0.0,False,4,2,1,7,Potential Loyalists,4,Recent Starters
15458,United Kingdom,2011-11-14 13:08:00,2011-11-14 13:08:00,26,1,161.64,161.64,156,1,26,0.0,0.0,0.0,False,4,1,1,6,Occasional,4,Recent Starters
16113,United Kingdom,2011-06-09 16:16:00,2011-06-09 16:16:00,184,1,161.38,161.38,176,1,184,0.0,0.0,0.0,False,1,2,1,4,Hibernating,0,Lapsed
14362,United Kingdom,2011-11-17 15:08:00,2011-11-17 15:08:00,23,1,161.2,161.2,100,1,23,0.0,0.0,0.0,False,4,1,1,6,Occasional,4,Recent Starters
14204,United Kingdom,2011-12-07 13:38:00,2011-12-07 13:38:00,3,1,161.03,161.03,82,1,3,0.0,0.0,0.0,False,5,1,1,7,New Customers,4,Recent Starters
14089,United Kingdom,2011-10-14 10:38:00,2011-10-14 10:38:00,57,1,161.0,161.0,134,1,57,0.0,0.0,0.0,False,3,1,1,5,Occasional,4,Recent Starters
14237,United Kingdom,2010-12-01 13:20:00,2010-12-01 13:20:00,374,1,161.0,161.0,38,1,374,0.0,0.0,0.0,False,1,1,1,3,Hibernating,0,Lapsed
13229,United Kingdom,2011-04-28 12:07:00,2011-04-28 12:07:00,226,1,160.95,160.95,63,1,226,0.0,0.0,0.0,False,1,1,1,3,Hibernating,0,Lapsed
15852,United Kingdom,2011-05-26 13:26:00,2011-06-06 11:22:00,187,2,160.71,80.355,48,2,198,0.0,0.0,0.0,True,1,3,1,5,At Risk,0,Lapsed
17344,United Kingdom,2011-10-24 12:56:00,2011-10-24 12:56:00,47,1,160.57,160.57,66,1,47,0.0,0.0,0.0,False,3,2,1,6,Occasional,4,Recent Starters
12573,France,2011-04-26 15:52:00,2011-04-26 15:52:00,228,1,160.54000000000002,160.54000000000002,84,1,228,0.0,0.0,0.0,False,1,1,1,3,Hibernating,0,Lapsed
18203,United Kingdom,2011-07-05 13:07:00,2011-07-05 13:07:00,158,1,160.42000000000002,160.42000000000002,43,1,158,0.0,0.0,0.0,False,2,2,1,5,Hibernating,0,Lapsed
18146,United Kingdom,2011-05-03 16:35:00,2011-07-22 12:08:00,141,2,160.35000000000002,80.17500000000001,153,2,221,0.0,0.0,0.0,True,2,3,1,6,At Risk,0,Lapsed
14714,United Kingdom,2011-11-15 13:07:00,2011-11-15 13:07:00,25,1,160.19,160.19,229,1,25,0.0,0.0,0.0,False,4,1,1,6,Occasional,4,Recent Starters
12966,United Kingdom,2011-11-30 12:38:00,2011-11-30 12:38:00,10,1,160.18,160.18,75,1,10,0.0,0.0,0.0,False,5,1,1,7,New Customers,4,Recent Starters
13420,United Kingdom,2011-06-22 11:35:00,2011-07-13 08:48:00,150,2,159.85,79.925,101,2,171,19.5,2.0,10.872595483691107,True,2,2,1,5,Hibernating,0,Lapsed
16213,United Kingdom,2011-09-22 10:03:00,2011-09-22 10:03:00,79,1,159.0,159.0,48,1,79,0.0,0.0,0.0,False,2,2,1,5,Hibernating,0,Lapsed
18224,United Kingdom,2011-03-21 10:30:00,2011-03-21 10:30:00,264,1,158.95000000000002,158.95000000000002,69,1,264,0.0,0.0,0.0,False,1,2,1,4,Hibernating,0,Lapsed
13937,United Kingdom,2011-06-23 16:35:00,2011-06-23 16:35:00,170,1,158.85,158.85,123,1,170,0.0,0.0,0.0,False,2,1,1,4,Hibernating,0,Lapsed
17165,United Kingdom,2011-02-28 16:39:00,2011-02-28 16:39:00,285,1,158.68,158.68,100,1,285,0.0,0.0,0.0,False,1,2,1,4,Hibernating,0,Lapsed
15160,United Kingdom,2010-12-17 14:15:00,2010-12-17 14:15:00,358,1,158.16,158.16,84,1,358,0.0,0.0,0.0,False,1,1,1,3,Hibernating,0,Lapsed
15348,United Kingdom,2011-09-28 13:17:00,2011-09-28 13:17:00,73,1,158.04,158.04,84,1,73,0.0,0.0,0.0,False,2,1,1,4,Hibernating,0,Lapsed
15988,United Kingdom,2011-11-20 13:23:00,2011-11-20 13:23:00,20,1,158.03,158.03,181,1,20,0.0,0.0,0.0,False,4,2,1,7,Potential Loyalists,4,Recent Starters
17556,United Kingdom,2011-05-18 10:48:00,2011-05-18 10:48:00,206,1,157.9,157.9,101,1,206,0.0,0.0,0.0,False,1,2,1,4,Hibernating,0,Lapsed
14799,United Kingdom,2011-10-19 16:16:00,2011-10-19 16:16:00,52,1,157.7,157.7,146,1,52,0.0,0.0,0.0,False,3,1,1,5,Occasional,4,Recent Starters
14148,United Kingdom,2011-04-20 12:02:00,2011-04-20 12:02:00,234,1,157.2,157.2,16,1,234,0.0,0.0,0.0,False,1,1,1,3,Hibernating,0,Lapsed
17128,United Kingdom,2011-01-09 12:02:00,2011-01-09 12:02:00,335,1,157.09,157.09,76,1,335,0.0,0.0,0.0,False,1,2,1,4,Hibernating,0,Lapsed
14585,United Kingdom,2011-10-20 14:33:00,2011-10-20 14:33:00,51,1,157.05,157.05,91,1,51,0.0,0.0,0.0,False,3,1,1,5,Occasional,4,Recent Starters
17118,United Kingdom,2011-01-26 12:19:00,2011-01-26 12:19:00,318,1,157.02,157.02,154,1,318,0.0,0.0,0.0,False,1,2,1,4,Hibernating,0,Lapsed
15007,United Kingdom,2011-07-03 16:00:00,2011-07-03 16:00:00,160,1,156.91,156.91,69,1,160,0.0,0.0,0.0,False,2,1,1,4,Hibernating,0,Lapsed
14406,United Kingdom,2011-08-12 16:54:00,2011-08-12 16:54:00,120,1,156.75,156.75,77,1,120,0.0,0.0,0.0,False,2,1,1,4,Hibernating,0,Lapsed
15438,United Kingdom,2011-07-31 14:19:00,2011-07-31 14:19:00,132,1,156.57999999999998,156.57999999999998,59,1,132,0.0,0.0,0.0,False,2,1,1,4,Hibernating,0,Lapsed
15263,United Kingdom,2011-08-25 10:26:00,2011-08-25 10:26:00,107,1,156.51,156.51,89,1,107,0.0,0.0,0.0,False,2,1,1,4,Hibernating,0,Lapsed
13898,United Kingdom,2011-01-18 10:28:00,2011-01-18 10:28:00,326,1,155.93,155.93,133,1,326,0.0,0.0,0.0,False,1,1,1,3,Hibernating,0,Lapsed
17871,United Kingdom,2011-05-19 11:32:00,2011-05-19 11:32:00,205,1,155.9,155.9,182,1,205,0.0,0.0,0.0,False,1,2,1,4,Hibernating,0,Lapsed
17899,United Kingdom,2011-07-03 14:58:00,2011-07-03 14:58:00,160,1,155.8,155.8,171,1,160,0.0,0.0,0.0,False,2,2,1,5,Hibernating,0,Lapsed
14813,United Kingdom,2010-12-05 11:54:00,2010-12-05 11:57:00,370,2,155.43,77.715,67,1,370,0.0,0.0,0.0,True,1,3,1,5,At Risk,0,Lapsed
17832,United Kingdom,2011-10-21 11:43:00,2011-10-21 11:43:00,50,1,155.37,155.37,208,1,50,0.0,0.0,0.0,False,3,2,1,6,Occasional,4,Recent Starters
12738,Germany,2010-12-02 18:27:00,2010-12-02 18:27:00,373,1,155.35,155.35,148,1,373,0.0,0.0,0.0,False,1,1,1,3,Hibernating,0,Lapsed
16720,United Kingdom,2011-11-13 16:22:00,2011-11-13 16:22:00,27,1,155.24,155.24,182,1,27,0.0,0.0,0.0,False,4,2,1,7,Potential Loyalists,4,Recent Starters
15447,United Kingdom,2011-01-13 11:26:00,2011-01-13 11:26:00,331,1,155.17,155.17,85,1,331,0.0,0.0,0.0,False,1,1,1,3,Hibernating,0,Lapsed
13809,Cyprus,2011-02-07 13:15:00,2011-02-07 13:15:00,306,1,155.05,155.05,29,1,306,0.0,0.0,0.0,False,1,1,1,3,Hibernating,0,Lapsed
14368,United Kingdom,2011-01-24 09:52:00,2011-01-24 09:52:00,320,1,155.0,155.0,36,1,320,0.0,0.0,0.0,False,1,1,1,3,Hibernating,0,Lapsed
14046,United Kingdom,2011-02-28 14:48:00,2011-02-28 14:48:00,285,1,154.99,154.99,460,1,285,0.0,0.0,0.0,False,1,1,1,3,Hibernating,0,Lapsed
17698,United Kingdom,2011-03-24 11:34:00,2011-03-24 11:34:00,261,1,154.95,154.95,93,1,261,0.0,0.0,0.0,False,1,2,1,4,Hibernating,0,Lapsed
15740,United Kingdom,2011-10-21 14:29:00,2011-10-21 14:29:00,50,1,154.88,154.88,152,1,50,0.0,0.0,0.0,False,3,1,1,5,Occasional,4,Recent Starters
17026,United Kingdom,2010-12-05 12:47:00,2011-06-07 14:28:00,186,2,154.82999999999998,77.41499999999999,97,2,370,0.0,0.0,0.0,True,1,3,1,5,At Risk,0,Lapsed
15226,United Kingdom,2011-02-02 11:41:00,2011-02-02 11:41:00,311,1,154.41,154.41,71,1,311,0.0,0.0,0.0,False,1,1,1,3,Hibernating,0,Lapsed
17517,United Kingdom,2011-02-04 11:48:00,2011-02-04 11:48:00,309,1,153.94,153.94,102,1,309,0.0,0.0,0.0,False,1,2,1,4,Hibernating,0,Lapsed
17286,United Kingdom,2011-11-18 12:47:00,2011-11-18 12:47:00,22,1,153.92,153.92,118,1,22,0.0,0.0,0.0,False,4,2,1,7,Potential Loyalists,4,Recent Starters
16351,United Kingdom,2011-01-11 10:26:00,2011-01-11 10:26:00,333,1,153.9,153.9,90,1,333,0.0,0.0,0.0,False,1,2,1,4,Hibernating,0,Lapsed
12602,France,2011-10-12 11:22:00,2011-10-12 11:22:00,59,1,153.12,153.12,162,1,59,0.0,0.0,0.0,False,3,1,1,5,Occasional,4,Recent Starters
17714,United Kingdom,2011-01-23 10:32:00,2011-01-23 10:32:00,321,1,153.0,153.0,92,1,321,0.0,0.0,0.0,False,1,2,1,4,Hibernating,0,Lapsed
16248,United Kingdom,2011-10-09 11:32:00,2011-10-09 11:32:00,62,1,152.94,152.94,78,1,62,0.0,0.0,0.0,False,3,2,1,6,Occasional,0,Lapsed
17984,United Kingdom,2011-07-17 15:59:00,2011-07-17 15:59:00,146,1,152.68,152.68,98,1,146,0.0,0.0,0.0,False,2,2,1,5,Hibernating,0,Lapsed
18138,United Kingdom,2011-02-17 14:51:00,2011-02-17 14:51:00,296,1,152.65,152.65,38,1,296,0.0,0.0,0.0,False,1,2,1,4,Hibernating,0,Lapsed
14066,United Kingdom,2011-03-18 12:21:00,2011-03-18 12:21:00,267,1,152.55,152.55,45,1,267,0.0,0.0,0.0,False,1,1,1,3,Hibernating,0,Lapsed
17707,United Kingdom,2011-01-07 13:30:00,2011-06-07 15:03:00,186,2,152.4,76.2,144,2,337,0.0,0.0,0.0,True,1,3,1,5,At Risk,0,Lapsed
13514,United Kingdom,2011-09-27 09:39:00,2011-09-27 09:39:00,74,1,152.20000000000002,152.20000000000002,40,1,74,0.0,0.0,0.0,False,2,1,1,4,Hibernating,0,Lapsed
14039,United Kingdom,2011-11-06 13:48:00,2011-11-06 13:48:00,34,1,152.2,152.2,92,1,34,0.0,0.0,0.0,False,3,1,1,5,Occasional,4,Recent Starters
17898,United Kingdom,2011-05-16 17:13:00,2011-09-15 14:56:00,86,2,152.06,76.03,190,2,208,0.0,0.0,0.0,True,2,3,1,6,At Risk,0,Lapsed
16617,United Kingdom,2011-04-18 10:35:00,2011-04-18 10:35:00,236,1,151.85,151.85,91,1,236,0.0,0.0,0.0,False,1,2,1,4,Hibernating,0,Lapsed
16412,United Kingdom,2011-10-17 12:35:00,2011-10-17 12:35:00,54,1,151.83,151.83,73,1,54,0.0,0.0,0.0,False,3,2,1,6,Occasional,4,Recent Starters
14208,United Kingdom,2011-09-06 12:48:00,2011-09-06 12:48:00,95,1,151.74,151.74,114,1,95,0.0,0.0,0.0,False,2,1,1,4,Hibernating,0,Lapsed
13462,United Kingdom,2011-04-01 11:20:00,2011-04-01 11:20:00,253,1,151.5,151.5,62,1,253,8.25,1.0,5.164319248826291,False,1,1,1,3,Hibernating,0,Lapsed
16461,United Kingdom,2011-06-15 12:07:00,2011-06-15 12:07:00,178,1,151.42,151.42,49,1,178,0.0,0.0,0.0,False,2,2,1,5,Hibernating,0,Lapsed
13697,United Kingdom,2011-11-01 09:14:00,2011-11-01 09:14:00,39,1,151.29999999999998,151.29999999999998,177,1,39,0.0,0.0,0.0,False,3,1,1,5,Occasional,4,Recent Starters
16337,United Kingdom,2011-11-03 10:03:00,2011-11-03 10:03:00,37,1,151.05,151.05,87,1,37,0.0,0.0,0.0,False,3,2,1,6,Occasional,4,Recent Starters
14073,United Kingdom,2011-11-07 15:49:00,2011-11-07 15:49:00,33,1,151.04,151.04,130,1,33,11.5,1.0,7.075181493786145,False,4,1,1,6,Occasional,4,Recent Starters
15717,United Kingdom,2011-04-19 13:21:00,2011-04-19 13:21:00,235,1,150.3,150.3,70,1,235,0.0,0.0,0.0,False,1,1,1,3,Hibernating,0,Lapsed
17234,United Kingdom,2011-06-10 11:20:00,2011-06-10 11:20:00,183,1,149.89000000000001,149.89000000000001,55,1,183,0.0,0.0,0.0,False,1,2,1,4,Hibernating,0,Lapsed
15869,United Kingdom,2011-03-07 17:19:00,2011-03-07 17:23:00,278,2,149.64,74.82,175,1,278,0.0,0.0,0.0,True,1,3,1,5,At Risk,0,Lapsed
17946,United Kingdom,2011-03-25 14:34:00,2011-04-20 17:00:00,234,2,149.57999999999998,74.78999999999999,75,2,260,0.0,0.0,0.0,True,1,3,1,5,At Risk,0,Lapsed
18262,United Kingdom,2011-07-22 16:04:00,2011-07-22 16:04:00,141,1,149.48,149.48,182,1,141,0.0,0.0,0.0,False,2,2,1,5,Hibernating,0,Lapsed
15748,United Kingdom,2011-10-30 12:51:00,2011-10-30 12:51:00,41,1,149.31,149.31,51,1,41,0.0,0.0,0.0,False,3,1,1,5,Occasional,4,Recent Starters
15435,United Kingdom,2011-11-17 16:39:00,2011-11-17 16:39:00,23,1,149.29,149.29,54,1,23,0.0,0.0,0.0,False,4,1,1,6,Occasional,4,Recent Starters
13003,United Kingdom,2011-05-09 08:23:00,2011-08-26 10:50:00,106,3,149.05,49.68333333333334,103,3,215,0.0,0.0,0.0,True,2,3,1,6,At Risk,0,Lapsed
17549,United Kingdom,2011-10-19 10:05:00,2011-11-16 09:59:00,24,2,148.86,74.43,210,2,52,0.0,0.0,0.0,True,4,3,1,8,Potential Loyalists,4,Recent Starters
15526,United Kingdom,2011-11-06 15:01:00,2011-11-06 15:04:00,34,2,148.44,74.22,24,1,34,0.0,0.0,0.0,True,3,3,1,7,Occasional,4,Recent Starters
17859,United Kingdom,2011-02-08 10:32:00,2011-02-08 10:32:00,305,1,148.21,148.21,127,1,305,0.0,0.0,0.0,False,1,2,1,4,Hibernating,0,Lapsed
14968,United Kingdom,2011-11-09 13:58:00,2011-11-09 13:58:00,31,1,147.59,147.59,127,1,31,0.0,0.0,0.0,False,4,1,1,6,Occasional,4,Recent Starters
14098,United Kingdom,2011-11-03 10:13:00,2011-11-03 10:13:00,37,1,147.35,147.35,104,1,37,0.0,0.0,0.0,False,3,1,1,5,Occasional,4,Recent Starters
14037,United Kingdom,2010-12-10 11:39:00,2011-06-16 13:57:00,177,2,147.20000000000002,73.60000000000001,46,2,365,0.0,0.0,0.0,True,2,3,1,6,At Risk,0,Lapsed
12864,United Kingdom,2011-07-24 13:03:00,2011-07-24 13:03:00,139,1,147.12,147.12,216,1,139,0.0,0.0,0.0,False,2,1,1,4,Hibernating,0,Lapsed
15503,United Kingdom,2010-12-12 10:57:00,2010-12-12 10:57:00,363,1,147.09,147.09,74,1,363,0.0,0.0,0.0,False,1,1,1,3,Hibernating,0,Lapsed
17030,United Kingdom,2011-10-07 08:49:00,2011-10-07 08:49:00,64,1,146.87,146.87,146,1,64,0.0,0.0,0.0,False,3,2,1,6,Occasional,0,Lapsed
14238,United Kingdom,2011-01-17 14:40:00,2011-01-17 14:40:00,327,1,146.85,146.85,111,1,327,0.0,0.0,0.0,False,1,1,1,3,Hibernating,0,Lapsed
16893,United Kingdom,2010-12-08 12:06:00,2010-12-08 12:06:00,367,1,145.93,145.93,62,1,367,0.0,0.0,0.0,False,1,2,1,4,Hibernating,0,Lapsed
12565,Saudi Arabia,2011-02-24 10:34:00,2011-02-24 10:34:00,289,1,145.92,145.92,80,1,289,14.75,1.0,9.180307462500778,False,1,1,1,3,Hibernating,0,Lapsed
17935,United Kingdom,2011-07-21 11:23:00,2011-07-24 13:18:00,139,2,145.79,72.895,82,1,142,0.0,0.0,0.0,True,2,3,1,6,At Risk,0,Lapsed
13866,United Kingdom,2011-09-26 14:54:00,2011-09-26 14:54:00,75,1,145.67000000000002,145.67000000000002,57,1,75,0.0,0.0,0.0,False,2,1,1,4,Hibernating,0,Lapsed
15937,United Kingdom,2011-10-06 15:48:00,2011-10-06 15:48:00,65,1,145.35,145.35,73,1,65,0.0,0.0,0.0,False,3,2,1,6,Occasional,0,Lapsed
16598,United Kingdom,2011-02-27 11:42:00,2011-02-27 11:42:00,286,1,145.04999999999998,145.04999999999998,73,1,286,4.35,1.0,2.9116465863453818,False,1,2,1,4,Hibernating,0,Lapsed
17524,United Kingdom,2010-12-13 14:32:00,2010-12-13 14:32:00,362,1,145.0,145.0,90,1,362,0.0,0.0,0.0,False,1,2,1,4,Hibernating,0,Lapsed
16852,United Kingdom,2011-06-16 15:49:00,2011-11-29 13:22:00,11,2,144.91000000000003,72.45500000000001,56,2,177,0.0,0.0,0.0,True,5,3,1,9,Potential Loyalists,4,Recent Starters
12974,United Kingdom,2011-05-26 09:33:00,2011-05-26 09:33:00,198,1,144.8,144.8,24,1,198,0.0,0.0,0.0,False,1,1,1,3,Hibernating,0,Lapsed
14109,United Kingdom,2011-09-28 10:18:00,2011-09-28 10:18:00,73,1,144.2,144.2,88,1,73,64.0,1.0,30.73967339097022,False,2,1,1,4,Hibernating,0,Lapsed
17186,United Kingdom,2011-10-10 12:52:00,2011-10-24 10:20:00,47,2,144.0,72.0,200,1,61,0.0,0.0,0.0,True,3,3,1,7,Occasional,4,Recent Starters
12587,Finland,2011-12-02 12:47:00,2011-12-02 12:47:00,8,1,144.0,144.0,51,1,8,0.0,0.0,0.0,False,5,1,1,7,New Customers,4,Recent Starters
17578,United Kingdom,2011-05-05 18:38:00,2011-05-05 18:38:00,219,1,143.45999999999998,143.45999999999998,138,1,219,18.72,1.0,11.542730299667038,False,1,2,1,4,Hibernating,0,Lapsed
15705,United Kingdom,2011-05-22 15:37:00,2011-05-22 15:37:00,202,1,143.1,143.1,62,1,202,0.0,0.0,0.0,False,1,1,1,3,Hibernating,0,Lapsed
13299,United Kingdom,2011-03-16 12:55:00,2011-03-16 12:55:00,269,1,142.5,142.5,30,1,269,0.0,0.0,0.0,False,1,1,1,3,Hibernating,0,Lapsed
16287,United Kingdom,2011-06-23 09:08:00,2011-06-23 09:08:00,170,1,142.5,142.5,298,1,170,0.0,0.0,0.0,False,2,2,1,5,Hibernating,0,Lapsed
14386,United Kingdom,2011-02-16 09:45:00,2011-02-16 09:45:00,297,1,142.4,142.4,54,1,297,0.0,0.0,0.0,False,1,1,1,3,Hibernating,0,Lapsed
13584,United Kingdom,2011-02-06 12:49:00,2011-02-06 12:49:00,307,1,142.4,142.4,37,1,307,0.0,0.0,0.0,False,1,1,1,3,Hibernating,0,Lapsed
13561,United Kingdom,2011-05-08 12:39:00,2011-05-08 12:39:00,216,1,141.85999999999999,141.85999999999999,83,1,216,0.0,0.0,0.0,False,1,1,1,3,Hibernating,0,Lapsed
14041,United Kingdom,2011-03-18 13:25:00,2011-03-18 13:25:00,267,1,141.41,141.41,94,1,267,0.0,0.0,0.0,False,1,1,1,3,Hibernating,0,Lapsed
15388,Canada,2011-03-14 13:53:00,2011-03-14 13:53:00,271,1,140.54,140.54,88,1,271,0.0,0.0,0.0,False,1,1,1,3,Hibernating,0,Lapsed
13483,United Kingdom,2011-10-05 11:53:00,2011-10-05 11:53:00,66,1,140.34,140.34,160,1,66,0.0,0.0,0.0,False,3,1,1,5,Occasional,0,Lapsed
14494,United Kingdom,2011-11-14 09:21:00,2011-11-14 09:21:00,26,1,139.56,139.56,92,1,26,0.0,0.0,0.0,False,4,1,1,6,Occasional,4,Recent Starters
16483,United Kingdom,2011-05-31 13:08:00,2011-05-31 13:08:00,193,1,139.35,139.35,44,1,193,0.0,0.0,0.0,False,1,2,1,4,Hibernating,0,Lapsed
17718,United Kingdom,2011-04-21 13:39:00,2011-04-21 13:39:00,233,1,139.35,139.35,83,1,233,0.0,0.0,0.0,False,1,2,1,4,Hibernating,0,Lapsed
14772,United Kingdom,2011-08-19 15:04:00,2011-08-19 15:04:00,113,1,139.26,139.26,82,1,113,0.0,0.0,0.0,False,2,1,1,4,Hibernating,0,Lapsed
18209,United Kingdom,2011-11-11 12:07:00,2011-11-11 12:07:00,29,1,139.10000000000002,139.10000000000002,58,1,29,0.0,0.0,0.0,False,4,2,1,7,Potential Loyalists,4,Recent Starters
15135,United Kingdom,2011-04-14 19:16:00,2011-04-14 19:16:00,240,1,139.05,139.05,43,1,240,11.9,1.0,7.883405101026829,False,1,1,1,3,Hibernating,0,Lapsed
13273,United Kingdom,2011-08-18 14:02:00,2011-08-18 14:02:00,114,1,138.98,138.98,153,1,114,0.0,0.0,0.0,False,2,1,1,4,Hibernating,0,Lapsed
12902,United Kingdom,2011-03-20 12:06:00,2011-03-20 12:06:00,265,1,138.68,138.68,66,1,265,0.0,0.0,0.0,False,1,1,1,3,Hibernating,0,Lapsed
14581,United Kingdom,2011-11-23 12:39:00,2011-11-23 12:39:00,17,1,138.6,138.6,217,1,17,0.0,0.0,0.0,False,4,1,1,6,Occasional,4,Recent Starters
17122,United Kingdom,2011-08-12 14:33:00,2011-08-12 14:33:00,120,1,138.32,138.32,80,1,120,0.0,0.0,0.0,False,2,2,1,5,Hibernating,0,Lapsed
13716,United Kingdom,2011-03-15 13:49:00,2011-03-15 13:49:00,270,1,138.28,138.28,138,1,270,0.0,0.0,0.0,False,1,1,1,3,Hibernating,0,Lapsed
15663,United Kingdom,2011-08-25 15:50:00,2011-08-25 15:50:00,107,1,138.14,138.14,106,1,107,0.0,0.0,0.0,False,2,1,1,4,Hibernating,0,Lapsed
12512,Israel,2011-10-04 14:53:00,2011-10-04 14:55:00,67,2,138.03,69.015,99,1,67,0.0,0.0,0.0,True,3,2,1,6,Occasional,0,Lapsed
16050,United Kingdom,2011-06-19 11:44:00,2011-06-19 11:44:00,174,1,137.9,137.9,278,1,174,0.0,0.0,0.0,False,2,2,1,5,Hibernating,0,Lapsed
13279,United Kingdom,2011-09-22 17:24:00,2011-09-22 17:24:00,79,1,137.75,137.75,73,1,79,11.45,1.0,7.674262734584451,False,2,1,1,4,Hibernating,0,Lapsed
17709,United Kingdom,2011-06-23 11:55:00,2011-06-23 11:55:00,170,1,137.45,137.45,17,1,170,0.0,0.0,0.0,False,2,2,1,5,Hibernating,0,Lapsed
15836,United Kingdom,2011-10-20 17:13:00,2011-10-20 17:13:00,51,1,137.37,137.37,26,1,51,19.9,1.0,12.653398613848793,False,3,2,1,6,Occasional,4,Recent Starters
14483,United Kingdom,2011-03-03 10:26:00,2011-03-03 10:26:00,282,1,137.1,137.1,97,1,282,7.9,1.0,5.448275862068965,False,1,1,1,3,Hibernating,0,Lapsed
17468,United Kingdom,2011-11-25 12:52:00,2011-11-29 15:33:00,11,2,137.0,68.5,116,1,15,0.0,0.0,0.0,True,5,3,1,9,Potential Loyalists,4,Recent Starters
15691,United Kingdom,2011-04-01 15:13:00,2011-04-01 15:13:00,253,1,136.8,136.8,72,1,253,0.0,0.0,0.0,False,1,1,1,3,Hibernating,0,Lapsed
14247,United Kingdom,2011-03-06 15:21:00,2011-03-06 15:21:00,279,1,136.76999999999998,136.76999999999998,47,1,279,0.0,0.0,0.0,False,1,1,1,3,Hibernating,0,Lapsed
17972,United Kingdom,2011-04-12 12:16:00,2011-04-12 12:16:00,242,1,136.04,136.04,37,1,242,0.0,0.0,0.0,False,1,2,1,4,Hibernating,0,Lapsed
16462,United Kingdom,2011-03-01 08:58:00,2011-09-27 10:24:00,74,3,136.0,45.333333333333336,16,3,284,34.0,1.0,20.0,True,2,4,1,7,At Risk,0,Lapsed
12968,United Kingdom,2011-08-19 15:44:00,2011-08-19 15:44:00,113,1,135.95,135.95,73,1,113,0.0,0.0,0.0,False,2,1,1,4,Hibernating,0,Lapsed
15042,United Kingdom,2011-05-24 16:25:00,2011-05-24 16:25:00,200,1,135.93,135.93,30,1,200,0.0,0.0,0.0,False,1,1,1,3,Hibernating,0,Lapsed
14889,United Kingdom,2011-01-07 15:19:00,2011-01-07 15:19:00,337,1,135.9,135.9,90,1,337,0.0,0.0,0.0,False,1,1,1,3,Hibernating,0,Lapsed
15419,United Kingdom,2011-11-15 09:23:00,2011-11-15 09:23:00,25,1,135.86,135.86,230,1,25,0.0,0.0,0.0,False,4,1,1,6,Occasional,4,Recent Starters
16114,United Kingdom,2011-06-22 10:13:00,2011-06-22 10:13:00,171,1,135.75000000000003,135.75000000000003,43,1,171,0.0,0.0,0.0,False,2,2,1,5,Hibernating,0,Lapsed
15174,United Kingdom,2011-01-21 09:06:00,2011-01-21 09:06:00,323,1,135.75,135.75,145,1,323,0.0,0.0,0.0,False,1,1,1,3,Hibernating,0,Lapsed
16665,United Kingdom,2010-12-12 14:03:00,2010-12-12 14:03:00,363,1,135.39999999999998,135.39999999999998,59,1,363,0.0,0.0,0.0,False,1,2,1,4,Hibernating,0,Lapsed
15276,United Kingdom,2011-10-04 16:39:00,2011-10-04 16:39:00,67,1,135.31,135.31,64,1,67,0.0,0.0,0.0,False,3,1,1,5,Occasional,0,Lapsed
12851,United Kingdom,2011-09-04 12:41:00,2011-09-04 12:41:00,97,1,135.18,135.18,109,1,97,0.0,0.0,0.0,False,2,1,1,4,Hibernating,0,Lapsed
13364,United Kingdom,2011-09-29 18:13:00,2011-09-29 18:13:00,72,1,134.95999999999998,134.95999999999998,71,1,72,134.95999999999998,1.0,50.0,False,3,1,1,5,Occasional,0,Lapsed
16055,United Kingdom,2011-05-03 09:26:00,2011-05-03 09:26:00,221,1,134.8,134.8,22,1,221,0.0,0.0,0.0,False,1,2,1,4,Hibernating,0,Lapsed
14340,United Kingdom,2011-05-05 09:44:00,2011-05-05 09:44:00,219,1,134.7,134.7,58,1,219,0.0,0.0,0.0,False,1,1,1,3,Hibernating,0,Lapsed
15562,United Kingdom,2010-12-23 09:55:00,2010-12-23 09:55:00,352,1,134.55,134.55,39,1,352,0.0,0.0,0.0,False,1,1,1,3,Hibernating,0,Lapsed
14174,United Kingdom,2011-11-06 13:17:00,2011-11-06 13:17:00,34,1,134.46,134.46,94,1,34,0.0,0.0,0.0,False,3,1,1,5,Occasional,4,Recent Starters
12837,United Kingdom,2011-06-19 16:07:00,2011-06-19 16:07:00,174,1,134.1,134.1,24,1,174,0.0,0.0,0.0,False,2,1,1,4,Hibernating,0,Lapsed
14280,United Kingdom,2011-05-27 10:37:00,2011-05-27 10:37:00,197,1,134.04,134.04,52,1,197,0.0,0.0,0.0,False,1,1,1,3,Hibernating,0,Lapsed
16424,United Kingdom,2011-06-01 13:40:00,2011-06-01 13:40:00,192,1,133.56,133.56,88,1,192,51.0,1.0,27.633289986996097,False,1,2,1,4,Hibernating,0,Lapsed
14349,United Kingdom,2011-11-29 15:39:00,2011-11-29 15:39:00,11,1,133.5,133.5,86,1,11,0.0,0.0,0.0,False,5,1,1,7,New Customers,4,Recent Starters
12445,Spain,2011-11-17 18:43:00,2011-11-17 18:43:00,23,1,133.4,133.4,62,1,23,0.0,0.0,0.0,False,4,1,1,6,Occasional,4,Recent Starters
17881,United Kingdom,2011-02-08 17:16:00,2011-02-08 17:16:00,305,1,133.35000000000002,133.35000000000002,32,1,305,0.0,0.0,0.0,False,1,2,1,4,Hibernating,0,Lapsed
15709,United Kingdom,2011-03-01 10:38:00,2011-03-01 10:38:00,284,1,133.25,133.25,121,1,284,0.0,0.0,0.0,False,1,1,1,3,Hibernating,0,Lapsed
17647,United Kingdom,2011-10-05 15:38:00,2011-10-05 15:38:00,66,1,133.06,133.06,30,1,66,0.0,0.0,0.0,False,3,2,1,6,Occasional,0,Lapsed
17785,United Kingdom,2011-10-17 13:43:00,2011-10-17 13:43:00,54,1,131.94,131.94,67,1,54,0.0,0.0,0.0,False,3,2,1,6,Occasional,4,Recent Starters
14438,United Kingdom,2011-02-06 14:56:00,2011-02-06 14:56:00,307,1,131.9,131.9,82,1,307,0.0,0.0,0.0,False,1,1,1,3,Hibernating,0,Lapsed
17297,United Kingdom,2011-11-22 14:43:00,2011-11-22 14:43:00,18,1,131.78,131.78,67,1,18,0.0,0.0,0.0,False,4,2,1,7,Potential Loyalists,4,Recent Starters
17455,United Kingdom,2011-05-20 12:31:00,2011-05-20 12:31:00,204,1,131.7,131.7,66,1,204,0.0,0.0,0.0,False,1,2,1,4,Hibernating,0,Lapsed
14795,United Kingdom,2011-06-26 13:04:00,2011-06-26 13:04:00,167,1,131.45000000000002,131.45000000000002,17,1,167,0.0,0.0,0.0,False,2,1,1,4,Hibernating,0,Lapsed
15844,United Kingdom,2011-10-24 15:19:00,2011-10-24 15:19:00,47,1,130.73999999999998,130.73999999999998,134,1,47,0.0,0.0,0.0,False,3,2,1,6,Occasional,4,Recent Starters
16679,United Kingdom,2010-12-08 13:51:00,2010-12-08 13:51:00,367,1,129.75,129.75,29,1,367,0.0,0.0,0.0,False,1,2,1,4,Hibernating,0,Lapsed
16611,United Kingdom,2011-06-06 15:46:00,2011-06-06 15:46:00,187,1,129.49,129.49,47,1,187,8.5,1.0,6.15986665700413,False,1,2,1,4,Hibernating,0,Lapsed
16623,United Kingdom,2011-04-08 10:09:00,2011-04-08 10:09:00,246,1,129.45,129.45,39,1,246,0.0,0.0,0.0,False,1,2,1,4,Hibernating,0,Lapsed
16828,United Kingdom,2011-08-19 13:24:00,2011-09-07 15:10:00,94,2,128.5,64.25,59,2,113,0.0,0.0,0.0,True,2,3,1,6,At Risk,0,Lapsed
15543,United Kingdom,2011-02-24 15:26:00,2011-02-24 15:26:00,289,1,127.86,127.86,86,1,289,0.0,0.0,0.0,False,1,1,1,3,Hibernating,0,Lapsed
17359,United Kingdom,2011-11-28 14:37:00,2011-11-28 14:37:00,12,1,127.86,127.86,161,1,12,0.0,0.0,0.0,False,5,2,1,8,New Customers,4,Recent Starters
13781,United Kingdom,2011-04-03 12:08:00,2011-04-03 12:08:00,251,1,127.84,127.84,30,1,251,0.0,0.0,0.0,False,1,1,1,3,Hibernating,0,Lapsed
15578,United Kingdom,2011-06-30 13:03:00,2011-06-30 13:03:00,163,1,127.1,127.1,52,1,163,0.0,0.0,0.0,False,2,1,1,4,Hibernating,0,Lapsed
15923,United Kingdom,2010-12-02 12:16:00,2010-12-02 12:16:00,373,1,127.08,127.08,122,1,373,0.0,0.0,0.0,False,1,2,1,4,Hibernating,0,Lapsed
14962,United Kingdom,2011-03-14 09:42:00,2011-03-14 09:42:00,271,1,126.7,126.7,44,1,271,0.0,0.0,0.0,False,1,1,1,3,Hibernating,0,Lapsed
16414,United Kingdom,2011-03-04 13:27:00,2011-11-18 09:42:00,22,2,126.25,63.125,27,2,281,0.0,0.0,0.0,True,4,3,1,8,Potential Loyalists,4,Recent Starters
15463,United Kingdom,2011-11-10 12:57:00,2011-11-10 12:57:00,30,1,126.14,126.14,106,1,30,0.0,0.0,0.0,False,4,1,1,6,Occasional,4,Recent Starters
16988,United Kingdom,2011-12-04 16:02:00,2011-12-04 16:02:00,6,1,126.12,126.12,43,1,6,0.0,0.0,0.0,False,5,2,1,8,New Customers,4,Recent Starters
12814,Poland,2011-08-30 12:11:00,2011-08-30 12:11:00,102,1,125.92,125.92,49,1,102,0.0,0.0,0.0,False,2,1,1,4,Hibernating,0,Lapsed
13522,United Kingdom,2011-11-09 15:11:00,2011-11-09 15:11:00,31,1,125.80000000000001,125.80000000000001,44,1,31,0.0,0.0,0.0,False,4,1,1,6,Occasional,4,Recent Starters
14861,United Kingdom,2011-10-18 12:54:00,2011-10-18 12:54:00,53,1,125.79,125.79,117,1,53,0.0,0.0,0.0,False,3,1,1,5,Occasional,4,Recent Starters
14890,United Kingdom,2011-03-31 11:57:00,2011-03-31 11:57:00,254,1,125.65,125.65,51,1,254,0.0,0.0,0.0,False,1,1,1,3,Hibernating,0,Lapsed
15017,United Kingdom,2011-11-06 10:33:00,2011-11-06 10:33:00,34,1,125.58,125.58,63,1,34,0.0,0.0,0.0,False,3,1,1,5,Occasional,4,Recent Starters
12531,Germany,2011-11-25 11:12:00,2011-11-25 11:12:00,15,1,125.22,125.22,45,1,15,0.0,0.0,0.0,False,4,1,1,6,Occasional,4,Recent Starters
17148,United Kingdom,2011-10-19 09:59:00,2011-10-19 09:59:00,52,1,124.88,124.88,82,1,52,0.0,0.0,0.0,False,3,2,1,6,Occasional,4,Recent Starters
16849,United Kingdom,2011-06-06 09:16:00,2011-06-06 09:16:00,187,1,124.57,124.57,33,1,187,0.0,0.0,0.0,False,1,2,1,4,Hibernating,0,Lapsed
16569,United Kingdom,2011-12-06 15:32:00,2011-12-06 15:32:00,4,1,124.2,124.2,93,1,4,0.0,0.0,0.0,False,5,2,1,8,New Customers,4,Recent Starters
14495,United Kingdom,2011-08-10 14:13:00,2011-10-20 12:28:00,51,2,123.8,61.9,62,2,122,0.0,0.0,0.0,True,3,3,1,7,Occasional,4,Recent Starters
16658,United Kingdom,2010-12-06 13:47:00,2010-12-06 13:47:00,369,1,123.24,123.24,40,1,369,0.0,0.0,0.0,False,1,2,1,4,Hibernating,0,Lapsed
15917,United Kingdom,2011-04-06 10:40:00,2011-04-06 10:40:00,248,1,123.1,123.1,42,1,248,0.0,0.0,0.0,False,1,2,1,4,Hibernating,0,Lapsed
17967,United Kingdom,2010-12-03 11:19:00,2010-12-03 11:19:00,372,1,123.07,123.07,80,1,372,0.0,0.0,0.0,False,1,2,1,4,Hibernating,0,Lapsed
13519,United Kingdom,2011-09-22 18:24:00,2011-09-22 18:24:00,79,1,122.75,122.75,23,1,79,11.95,1.0,8.871566443949519,False,2,1,1,4,Hibernating,0,Lapsed
14413,United Kingdom,2010-12-12 13:37:00,2010-12-12 13:37:00,363,1,122.7,122.7,68,1,363,0.0,0.0,0.0,False,1,1,1,3,Hibernating,0,Lapsed
13876,United Kingdom,2011-10-07 10:22:00,2011-10-07 10:22:00,64,1,122.7,122.7,36,1,64,0.0,0.0,0.0,False,3,1,1,5,Occasional,0,Lapsed
13638,United Kingdom,2011-11-24 10:38:00,2011-11-24 10:38:00,16,1,122.64,122.64,93,1,16,0.0,0.0,0.0,False,4,1,1,6,Occasional,4,Recent Starters
14165,United Kingdom,2011-03-09 12:39:00,2011-03-09 12:39:00,276,1,122.53999999999999,122.53999999999999,54,1,276,0.0,0.0,0.0,False,1,1,1,3,Hibernating,0,Lapsed
14076,United Kingdom,2011-08-02 15:19:00,2011-08-02 15:19:00,130,1,122.47,122.47,81,1,130,0.0,0.0,0.0,False,2,1,1,4,Hibernating,0,Lapsed
16073,United Kingdom,2011-02-15 15:41:00,2011-02-15 15:41:00,298,1,122.39999999999999,122.39999999999999,48,1,298,28.049999999999997,1.0,18.64406779661017,False,1,2,1,4,Hibernating,0,Lapsed
18018,United Kingdom,2011-05-24 13:22:00,2011-08-23 17:37:00,109,2,122.14,61.07,55,2,200,0.0,0.0,0.0,True,2,3,1,6,At Risk,0,Lapsed
13244,United Kingdom,2011-09-08 11:46:00,2011-09-08 11:46:00,93,1,121.74000000000001,121.74000000000001,38,1,93,0.0,0.0,0.0,False,2,1,1,4,Hibernating,0,Lapsed
13182,United Kingdom,2011-10-25 13:46:00,2011-10-25 13:46:00,46,1,121.18,121.18,201,1,46,0.0,0.0,0.0,False,3,1,1,5,Occasional,4,Recent Starters
15049,United Kingdom,2011-03-11 12:13:00,2011-03-11 12:13:00,274,1,121.17000000000002,121.17000000000002,63,1,274,0.0,0.0,0.0,False,1,1,1,3,Hibernating,0,Lapsed
15512,United Kingdom,2010-12-15 12:01:00,2011-07-07 10:20:00,156,2,121.0,60.5,68,2,360,0.0,0.0,0.0,True,2,3,1,6,At Risk,0,Lapsed
13002,United Kingdom,2011-01-25 15:18:00,2011-01-25 15:18:00,319,1,120.94999999999999,120.94999999999999,73,1,319,0.0,0.0,0.0,False,1,1,1,3,Hibernating,0,Lapsed
17446,United Kingdom,2011-02-02 14:40:00,2011-06-16 10:42:00,177,2,120.9,60.45,198,2,311,0.0,0.0,0.0,True,2,3,1,6,At Risk,0,Lapsed
18015,United Kingdom,2011-12-05 14:49:00,2011-12-05 14:49:00,5,1,120.03,120.03,157,1,5,0.0,0.0,0.0,False,5,2,1,8,New Customers,4,Recent Starters
14259,United Kingdom,2011-07-21 10:44:00,2011-07-21 10:44:00,142,1,120.0,120.0,68,1,142,0.0,0.0,0.0,False,2,1,1,4,Hibernating,0,Lapsed
14314,United Kingdom,2011-08-25 10:39:00,2011-08-25 10:39:00,107,1,120.0,120.0,296,1,107,0.0,0.0,0.0,False,2,1,1,4,Hibernating,0,Lapsed
14453,United Kingdom,2011-06-02 14:15:00,2011-06-02 14:15:00,191,1,119.93,119.93,49,1,191,0.0,0.0,0.0,False,1,1,1,3,Hibernating,0,Lapsed
16542,United Kingdom,2011-10-17 10:47:00,2011-10-17 10:47:00,54,1,119.62,119.62,46,1,54,0.0,0.0,0.0,False,3,2,1,6,Occasional,4,Recent Starters
15266,United Kingdom,2011-01-05 13:40:00,2011-01-05 13:40:00,339,1,119.3,119.3,18,1,339,0.0,0.0,0.0,False,1,1,1,3,Hibernating,0,Lapsed
16666,United Kingdom,2011-11-20 14:01:00,2011-11-20 14:01:00,20,1,118.98,118.98,233,1,20,0.0,0.0,0.0,False,4,2,1,7,Potential Loyalists,4,Recent Starters
15843,United Kingdom,2011-02-09 10:19:00,2011-02-09 10:19:00,304,1,118.95000000000002,118.95000000000002,27,1,304,0.0,0.0,0.0,False,1,2,1,4,Hibernating,0,Lapsed
17079,United Kingdom,2011-09-22 15:34:00,2011-09-22 15:34:00,79,1,118.80000000000001,118.80000000000001,24,1,79,0.0,0.0,0.0,False,2,2,1,5,Hibernating,0,Lapsed
14155,United Kingdom,2011-03-18 14:13:00,2011-03-18 14:13:00,267,1,118.75,118.75,25,1,267,0.0,0.0,0.0,False,1,1,1,3,Hibernating,0,Lapsed
13581,United Kingdom,2011-02-03 14:41:00,2011-02-03 14:41:00,310,1,118.0,118.0,30,1,310,0.0,0.0,0.0,False,1,1,1,3,Hibernating,0,Lapsed
13193,United Kingdom,2011-10-09 14:30:00,2011-10-09 14:30:00,62,1,117.88,117.88,50,1,62,0.0,0.0,0.0,False,3,1,1,5,Occasional,0,Lapsed
12929,United Kingdom,2011-02-01 12:08:00,2011-02-01 12:08:00,312,1,117.85,117.85,37,1,312,12.75,1.0,9.762633996937213,False,1,1,1,3,Hibernating,0,Lapsed
17654,United Kingdom,2011-03-07 13:17:00,2011-03-07 13:17:00,278,1,117.55,117.55,41,1,278,0.0,0.0,0.0,False,1,2,1,4,Hibernating,0,Lapsed
16959,United Kingdom,2011-09-13 15:03:00,2011-09-13 15:03:00,88,1,117.35000000000001,117.35000000000001,49,1,88,0.0,0.0,0.0,False,2,2,1,5,Hibernating,0,Lapsed
13877,United Kingdom,2011-09-14 15:49:00,2011-09-14 15:49:00,87,1,117.24,117.24,108,1,87,0.0,0.0,0.0,False,2,1,1,4,Hibernating,0,Lapsed
17117,United Kingdom,2011-02-24 13:54:00,2011-02-24 13:54:00,289,1,116.19999999999999,116.19999999999999,68,1,289,0.0,0.0,0.0,False,1,2,1,4,Hibernating,0,Lapsed
13170,United Kingdom,2011-11-13 12:19:00,2011-11-13 12:19:00,27,1,116.00999999999999,116.00999999999999,147,1,27,0.0,0.0,0.0,False,4,1,1,6,Occasional,4,Recent Starters
17601,United Kingdom,2011-04-14 18:02:00,2011-04-14 18:02:00,240,1,116.00999999999999,116.00999999999999,103,1,240,0.0,0.0,0.0,False,1,2,1,4,Hibernating,0,Lapsed
14143,United Kingdom,2011-07-29 09:48:00,2011-07-29 09:48:00,134,1,115.8,115.8,30,1,134,0.0,0.0,0.0,False,2,1,1,4,Hibernating,0,Lapsed
15350,United Kingdom,2010-12-01 13:33:00,2010-12-01 13:33:00,374,1,115.65,115.65,51,1,374,0.0,0.0,0.0,False,1,1,1,3,Hibernating,0,Lapsed
13067,United Kingdom,2011-09-18 13:38:00,2011-09-18 13:38:00,83,1,115.46000000000001,115.46000000000001,32,1,83,0.0,0.0,0.0,False,2,1,1,4,Hibernating,0,Lapsed
18027,United Kingdom,2011-09-02 10:38:00,2011-09-02 10:38:00,99,1,115.31,115.31,78,1,99,0.0,0.0,0.0,False,2,2,1,5,Hibernating,0,Lapsed
14972,United Kingdom,2011-08-03 14:54:00,2011-08-03 14:54:00,129,1,114.77,114.77,28,1,129,0.0,0.0,0.0,False,2,1,1,4,Hibernating,0,Lapsed
13188,United Kingdom,2011-11-28 15:28:00,2011-11-28 15:28:00,12,1,114.60000000000001,114.60000000000001,25,1,12,0.0,0.0,0.0,False,5,1,1,7,New Customers,4,Recent Starters
16247,United Kingdom,2011-06-22 14:23:00,2011-06-22 14:23:00,171,1,114.56,114.56,182,1,171,0.0,0.0,0.0,False,2,2,1,5,Hibernating,0,Lapsed
14632,United Kingdom,2011-03-22 08:49:00,2011-03-22 08:49:00,263,1,114.56,114.56,96,1,263,0.0,0.0,0.0,False,1,1,1,3,Hibernating,0,Lapsed
14974,United Kingdom,2011-11-02 13:01:00,2011-11-02 13:01:00,38,1,114.39,114.39,44,1,38,0.0,0.0,0.0,False,3,1,1,5,Occasional,4,Recent Starters
17852,United Kingdom,2011-11-28 12:31:00,2011-11-28 12:36:00,12,2,114.34,57.17,53,1,12,0.0,0.0,0.0,True,5,3,1,9,Potential Loyalists,4,Recent Starters
17219,United Kingdom,2011-11-08 11:25:00,2011-11-08 11:25:00,32,1,114.23,114.23,89,1,32,0.0,0.0,0.0,False,4,2,1,7,Potential Loyalists,4,Recent Starters
14652,United Kingdom,2011-09-23 14:21:00,2011-09-23 14:21:00,78,1,114.18,114.18,53,1,78,0.0,0.0,0.0,False,2,1,1,4,Hibernating,0,Lapsed
12938,United Kingdom,2011-11-14 11:21:00,2011-11-14 11:21:00,26,1,114.14,114.14,140,1,26,0.0,0.0,0.0,False,4,1,1,6,Occasional,4,Recent Starters
14582,United Kingdom,2011-10-30 11:56:00,2011-10-30 11:56:00,41,1,114.11,114.11,73,1,41,0.0,0.0,0.0,False,3,1,1,5,Occasional,4,Recent Starters
12651,France,2011-01-09 12:46:00,2011-01-09 12:46:00,335,1,114.0,114.0,78,1,335,0.0,0.0,0.0,False,1,1,1,3,Hibernating,0,Lapsed
14457,United Kingdom,2011-02-02 09:39:00,2011-02-02 09:39:00,311,1,113.64,113.64,88,1,311,0.0,0.0,0.0,False,1,1,1,3,Hibernating,0,Lapsed
15445,United Kingdom,2011-03-20 15:06:00,2011-03-20 15:06:00,265,1,113.5,113.5,58,1,265,0.0,0.0,0.0,False,1,1,1,3,Hibernating,0,Lapsed
17217,United Kingdom,2011-04-19 17:19:00,2011-04-19 17:19:00,235,1,113.5,113.5,24,1,235,0.0,0.0,0.0,False,1,2,1,4,Hibernating,0,Lapsed
18105,United Kingdom,2011-11-02 12:04:00,2011-11-02 12:04:00,38,1,113.48000000000002,113.48000000000002,46,1,38,0.0,0.0,0.0,False,3,2,1,6,Occasional,4,Recent Starters
16913,United Kingdom,2011-02-22 12:56:00,2011-02-22 12:56:00,291,1,113.44,113.44,82,1,291,0.0,0.0,0.0,False,1,2,1,4,Hibernating,0,Lapsed
15280,United Kingdom,2011-06-20 17:14:00,2011-06-20 17:14:00,173,1,113.12,113.12,154,1,173,0.0,0.0,0.0,False,2,1,1,4,Hibernating,0,Lapsed
14689,United Kingdom,2011-05-15 11:22:00,2011-05-15 11:22:00,209,1,112.8,112.8,76,1,209,0.0,0.0,0.0,False,1,1,1,3,Hibernating,0,Lapsed
16697,United Kingdom,2011-04-12 17:12:00,2011-04-12 17:12:00,242,1,112.75,112.75,27,1,242,0.0,0.0,0.0,False,1,2,1,4,Hibernating,0,Lapsed
13161,United Kingdom,2011-01-30 14:03:00,2011-01-30 14:03:00,314,1,112.75,112.75,29,1,314,0.0,0.0,0.0,False,1,1,1,3,Hibernating,0,Lapsed
13807,United Kingdom,2010-12-07 15:48:00,2010-12-07 15:48:00,368,1,112.6,112.6,36,1,368,0.0,0.0,0.0,False,1,1,1,3,Hibernating,0,Lapsed
18129,United Kingdom,2011-04-10 14:16:00,2011-04-10 14:16:00,244,1,112.55000000000001,112.55000000000001,48,1,244,0.0,0.0,0.0,False,1,2,1,4,Hibernating,0,Lapsed
15610,United Kingdom,2011-10-19 10:36:00,2011-10-19 10:36:00,52,1,112.46000000000001,112.46000000000001,66,1,52,0.0,0.0,0.0,False,3,1,1,5,Occasional,4,Recent Starters
17038,United Kingdom,2011-11-09 13:50:00,2011-11-09 13:50:00,31,1,112.4,112.4,28,1,31,0.0,0.0,0.0,False,4,2,1,7,Potential Loyalists,4,Recent Starters
14271,United Kingdom,2011-04-28 12:47:00,2011-04-28 12:47:00,226,1,112.32,112.32,88,1,226,0.0,0.0,0.0,False,1,1,1,3,Hibernating,0,Lapsed
17893,United Kingdom,2011-04-28 13:50:00,2011-04-28 13:50:00,226,1,112.25,112.25,161,1,226,0.0,0.0,0.0,False,1,2,1,4,Hibernating,0,Lapsed
17900,United Kingdom,2011-06-02 14:28:00,2011-06-02 14:38:00,191,2,112.19999999999999,56.099999999999994,73,1,191,97.19999999999999,2.0,46.418338108882516,True,1,3,1,5,At Risk,0,Lapsed
12756,Japan,2011-09-14 09:31:00,2011-09-14 09:31:00,87,1,112.07999999999998,112.07999999999998,144,1,87,0.0,0.0,0.0,False,2,1,1,4,Hibernating,0,Lapsed
17274,United Kingdom,2011-11-04 13:16:00,2011-11-04 13:16:00,36,1,111.97999999999999,111.97999999999999,79,1,36,0.0,0.0,0.0,False,3,2,1,6,Occasional,4,Recent Starters
17957,United Kingdom,2011-10-04 14:58:00,2011-10-04 14:58:00,67,1,111.68,111.68,287,1,67,0.0,0.0,0.0,False,3,2,1,6,Occasional,0,Lapsed
17887,United Kingdom,2011-08-02 17:29:00,2011-08-02 17:29:00,130,1,111.35,111.35,30,1,130,0.0,0.0,0.0,False,2,2,1,5,Hibernating,0,Lapsed
18120,United Kingdom,2011-05-09 13:45:00,2011-05-09 13:45:00,215,1,111.15,111.15,31,1,215,0.0,0.0,0.0,False,1,2,1,4,Hibernating,0,Lapsed
13508,United Kingdom,2011-04-10 11:58:00,2011-04-10 11:58:00,244,1,110.97,110.97,24,1,244,0.0,0.0,0.0,False,1,1,1,3,Hibernating,0,Lapsed
13144,United Kingdom,2011-01-11 11:15:00,2011-01-11 11:15:00,333,1,110.95,110.95,21,1,333,0.0,0.0,0.0,False,1,1,1,3,Hibernating,0,Lapsed
15537,United Kingdom,2011-06-29 13:10:00,2011-06-29 13:10:00,164,1,110.92,110.92,29,1,164,0.0,0.0,0.0,False,2,1,1,4,Hibernating,0,Lapsed
15853,United Kingdom,2011-10-19 10:38:00,2011-10-19 10:38:00,52,1,110.8,110.8,135,1,52,0.0,0.0,0.0,False,3,2,1,6,Occasional,4,Recent Starters
17349,United Kingdom,2011-06-13 14:29:00,2011-06-13 14:29:00,180,1,110.75,110.75,112,1,180,0.0,0.0,0.0,False,1,2,1,4,Hibernating,0,Lapsed
16963,United Kingdom,2011-06-05 13:48:00,2011-06-05 13:48:00,188,1,110.55000000000001,110.55000000000001,35,1,188,0.0,0.0,0.0,False,1,2,1,4,Hibernating,0,Lapsed
14641,United Kingdom,2011-11-18 10:42:00,2011-11-18 10:42:00,22,1,110.46,110.46,90,1,22,0.0,0.0,0.0,False,4,1,1,6,Occasional,4,Recent Starters
12734,France,2010-12-22 12:47:00,2010-12-22 12:47:00,353,1,110.39999999999999,110.39999999999999,88,1,353,0.0,0.0,0.0,False,1,1,1,3,Hibernating,0,Lapsed
16792,United Kingdom,2011-03-02 14:39:00,2011-03-02 14:41:00,283,2,110.38000000000001,55.190000000000005,44,1,283,0.0,0.0,0.0,True,1,3,1,5,At Risk,0,Lapsed
18277,United Kingdom,2011-10-12 15:22:00,2011-10-12 15:22:00,59,1,110.38,110.38,68,1,59,12.75,1.0,10.354909445301715,False,3,2,1,6,Occasional,0,Lapsed
17901,United Kingdom,2011-11-10 17:29:00,2011-11-10 17:29:00,30,1,110.38,110.38,24,1,30,0.0,0.0,0.0,False,4,2,1,7,Potential Loyalists,4,Recent Starters
17746,United Kingdom,2011-04-13 14:31:00,2011-04-13 14:31:00,241,1,110.25,110.25,29,1,241,11.45,1.0,9.408381265406737,False,1,2,1,4,Hibernating,0,Lapsed
17836,United Kingdom,2011-10-23 16:13:00,2011-10-23 16:13:00,48,1,110.21000000000001,110.21000000000001,88,1,48,0.0,0.0,0.0,False,3,2,1,6,Occasional,4,Recent Starters
16339,United Kingdom,2011-02-28 13:41:00,2011-02-28 13:41:00,285,1,109.95,109.95,23,1,285,0.0,0.0,0.0,False,1,2,1,4,Hibernating,0,Lapsed
13133,United Kingdom,2011-02-08 15:48:00,2011-03-11 10:31:00,274,2,109.8,54.9,32,2,305,0.0,0.0,0.0,True,1,2,1,4,Hibernating,0,Lapsed
16363,United Kingdom,2011-10-17 14:14:00,2011-10-17 14:14:00,54,1,109.36000000000001,109.36000000000001,52,1,54,0.0,0.0,0.0,False,3,2,1,6,Occasional,4,Recent Starters
14699,United Kingdom,2011-05-09 14:54:00,2011-05-09 14:54:00,215,1,109.13000000000001,109.13000000000001,77,1,215,0.0,0.0,0.0,False,1,1,1,3,Hibernating,0,Lapsed
14345,United Kingdom,2011-11-01 09:51:00,2011-11-01 09:51:00,39,1,108.97999999999999,108.97999999999999,50,1,39,0.0,0.0,0.0,False,3,1,1,5,Occasional,4,Recent Starters
17639,United Kingdom,2011-03-08 15:22:00,2011-03-08 15:22:00,277,1,108.5,108.5,49,1,277,0.0,0.0,0.0,False,1,2,1,4,Hibernating,0,Lapsed
16106,United Kingdom,2011-10-05 10:37:00,2011-10-05 10:37:00,66,1,108.38,108.38,74,1,66,0.0,0.0,0.0,False,3,2,1,6,Occasional,0,Lapsed
13226,United Kingdom,2011-03-11 14:35:00,2011-03-11 14:35:00,274,1,108.21000000000001,108.21000000000001,80,1,274,0.0,0.0,0.0,False,1,1,1,3,Hibernating,0,Lapsed
12956,United Kingdom,2011-02-06 16:08:00,2011-02-06 16:08:00,307,1,108.07,108.07,34,1,307,0.0,0.0,0.0,False,1,1,1,3,Hibernating,0,Lapsed
14661,United Kingdom,2011-11-13 11:51:00,2011-11-13 11:51:00,27,1,107.95,107.95,35,1,27,0.0,0.0,0.0,False,4,1,1,6,Occasional,4,Recent Starters
16784,United Kingdom,2011-11-20 12:20:00,2011-11-20 12:20:00,20,1,107.6,107.6,24,1,20,0.0,0.0,0.0,False,4,2,1,7,Potential Loyalists,4,Recent Starters
15395,United Kingdom,2011-01-18 12:40:00,2011-01-18 12:40:00,326,1,107.45,107.45,17,1,326,0.0,0.0,0.0,False,1,1,1,3,Hibernating,0,Lapsed
16757,United Kingdom,2011-01-25 11:59:00,2011-01-25 11:59:00,319,1,106.83000000000001,106.83000000000001,81,1,319,0.0,0.0,0.0,False,1,2,1,4,Hibernating,0,Lapsed
15168,United Kingdom,2011-11-14 11:26:00,2011-11-14 11:26:00,26,1,106.56,106.56,52,1,26,0.0,0.0,0.0,False,4,1,1,6,Occasional,4,Recent Starters
15070,United Kingdom,2010-12-02 11:23:00,2010-12-02 11:23:00,373,1,106.2,106.2,36,1,373,0.0,0.0,0.0,False,1,1,1,3,Hibernating,0,Lapsed
17791,United Kingdom,2011-11-10 12:09:00,2011-11-10 12:09:00,30,1,106.1,106.1,46,1,30,0.0,0.0,0.0,False,4,2,1,7,Potential Loyalists,4,Recent Starters
16581,United Kingdom,2011-06-10 10:05:00,2011-06-10 10:05:00,183,1,105.84,105.84,134,1,183,35.400000000000006,1.0,25.06372132540357,False,1,2,1,4,Hibernating,0,Lapsed
15775,United Kingdom,2011-04-08 12:56:00,2011-04-08 12:56:00,246,1,104.9,104.9,68,1,246,0.0,0.0,0.0,False,1,2,1,4,Hibernating,0,Lapsed
14027,United Kingdom,2011-10-10 09:01:00,2011-10-10 09:01:00,61,1,104.82,104.82,62,1,61,0.0,0.0,0.0,False,3,1,1,5,Occasional,0,Lapsed
15607,United Kingdom,2011-01-07 12:44:00,2011-01-07 12:44:00,337,1,104.76,104.76,202,1,337,0.0,0.0,0.0,False,1,1,1,3,Hibernating,0,Lapsed
15958,United Kingdom,2011-09-26 13:41:00,2011-09-26 13:41:00,75,1,104.35,104.35,33,1,75,0.0,0.0,0.0,False,2,2,1,5,Hibernating,0,Lapsed
18174,United Kingdom,2011-12-02 16:56:00,2011-12-02 16:56:00,8,1,104.0,104.0,50,1,8,0.0,0.0,0.0,False,5,2,1,8,New Customers,4,Recent Starters
17548,United Kingdom,2011-04-20 12:01:00,2011-04-20 12:01:00,234,1,103.3,103.3,58,1,234,244.78,2.0,70.32291427258102,False,1,2,1,4,Hibernating,0,Lapsed
18255,United Kingdom,2011-09-11 13:16:00,2011-09-11 13:16:00,90,1,103.3,103.3,74,1,90,0.0,0.0,0.0,False,2,2,1,5,Hibernating,0,Lapsed
14542,United Kingdom,2011-06-07 08:19:00,2011-06-07 08:19:00,186,1,103.25,103.25,19,1,186,0.0,0.0,0.0,False,1,1,1,3,Hibernating,0,Lapsed
17962,United Kingdom,2011-07-20 14:16:00,2011-07-20 14:16:00,143,1,102.83,102.83,128,1,143,0.0,0.0,0.0,False,2,2,1,5,Hibernating,0,Lapsed
18011,United Kingdom,2010-12-01 17:35:00,2010-12-01 17:35:00,374,1,102.78999999999999,102.78999999999999,71,1,374,0.0,0.0,0.0,False,1,2,1,4,Hibernating,0,Lapsed
14836,United Kingdom,2011-11-09 13:26:00,2011-11-29 16:45:00,11,3,102.44999999999999,34.15,45,1,31,0.0,0.0,0.0,True,5,3,1,9,Potential Loyalists,4,Recent Starters
14981,United Kingdom,2011-04-07 13:45:00,2011-04-07 13:45:00,247,1,102.12,102.12,97,1,247,0.0,0.0,0.0,False,1,1,1,3,Hibernating,0,Lapsed
13948,United Kingdom,2010-12-14 10:18:00,2010-12-14 10:18:00,361,1,102.0,102.0,40,1,361,0.0,0.0,0.0,False,1,1,1,3,Hibernating,0,Lapsed
15212,United Kingdom,2011-04-12 13:45:00,2011-04-12 13:45:00,242,1,101.8,101.8,36,1,242,12.85,1.0,11.208024422154384,False,1,1,1,3,Hibernating,0,Lapsed
18068,United Kingdom,2011-02-23 14:50:00,2011-02-23 14:50:00,290,1,101.69999999999999,101.69999999999999,6,1,290,0.0,0.0,0.0,False,1,2,1,4,Hibernating,0,Lapsed
16516,United Kingdom,2011-11-09 14:59:00,2011-11-09 14:59:00,31,1,101.69999999999999,101.69999999999999,58,1,31,0.0,0.0,0.0,False,4,2,1,7,Potential Loyalists,4,Recent Starters
17643,United Kingdom,2010-12-01 14:38:00,2010-12-01 14:38:00,374,1,101.55,101.55,71,1,374,0.0,0.0,0.0,False,1,2,1,4,Hibernating,0,Lapsed
16006,United Kingdom,2011-05-12 13:12:00,2011-05-12 13:12:00,212,1,101.4,101.4,84,1,212,0.0,0.0,0.0,False,1,2,1,4,Hibernating,0,Lapsed
18086,United Kingdom,2011-03-10 13:34:00,2011-03-10 13:34:00,275,1,101.34,101.34,106,1,275,0.0,0.0,0.0,False,1,2,1,4,Hibernating,0,Lapsed
13101,United Kingdom,2011-04-19 14:37:00,2011-04-19 14:37:00,235,1,101.19,101.19,113,1,235,0.0,0.0,0.0,False,1,1,1,3,Hibernating,0,Lapsed
16344,United Kingdom,2011-07-04 15:50:00,2011-07-04 15:50:00,159,1,101.10000000000001,101.10000000000001,18,1,159,0.0,0.0,0.0,False,2,2,1,5,Hibernating,0,Lapsed
16498,United Kingdom,2011-06-30 19:52:00,2011-07-01 15:07:00,162,2,100.97,50.485,45,2,163,14.850000000000001,1.0,12.821619754791922,True,2,3,1,6,At Risk,0,Lapsed
14946,United Kingdom,2011-11-25 13:33:00,2011-11-25 13:33:00,15,1,100.9,100.9,22,1,15,0.0,0.0,0.0,False,4,1,1,6,Occasional,4,Recent Starters
17427,United Kingdom,2011-09-29 11:29:00,2011-09-29 11:29:00,72,1,100.8,100.8,34,1,72,0.0,0.0,0.0,False,3,2,1,6,Occasional,0,Lapsed
14371,United Kingdom,2011-02-17 16:35:00,2011-02-17 16:35:00,296,1,100.5,100.5,34,1,296,0.0,0.0,0.0,False,1,1,1,3,Hibernating,0,Lapsed
13703,United Kingdom,2011-01-25 13:10:00,2011-01-25 13:10:00,319,1,99.5,99.5,10,1,319,0.0,0.0,0.0,False,1,1,1,3,Hibernating,0,Lapsed
17939,United Kingdom,2011-07-03 12:27:00,2011-07-03 12:27:00,160,1,99.14,99.14,40,1,160,0.0,0.0,0.0,False,2,2,1,5,Hibernating,0,Lapsed
15256,United Kingdom,2011-07-14 11:47:00,2011-07-14 11:47:00,149,1,98.45,98.45,55,1,149,0.0,0.0,0.0,False,2,1,1,4,Hibernating,0,Lapsed
17538,United Kingdom,2011-11-14 12:12:00,2011-11-14 12:12:00,26,1,98.42,98.42,134,1,26,0.0,0.0,0.0,False,4,2,1,7,Potential Loyalists,4,Recent Starters
17895,United Kingdom,2011-10-26 17:00:00,2011-10-26 17:00:00,45,1,98.0,98.0,130,1,45,0.0,0.0,0.0,False,3,2,1,6,Occasional,4,Recent Starters
18033,United Kingdom,2011-10-05 17:28:00,2011-10-05 17:28:00,66,1,97.97,97.97,253,1,66,0.0,0.0,0.0,False,3,2,1,6,Occasional,0,Lapsed
15422,United Kingdom,2011-01-20 14:17:00,2011-01-20 16:17:00,324,2,97.7,48.85,38,1,324,0.0,0.0,0.0,True,1,3,1,5,At Risk,0,Lapsed
12984,United Kingdom,2011-11-21 12:37:00,2011-11-21 12:37:00,19,1,97.5,97.5,26,1,19,0.0,0.0,0.0,False,4,1,1,6,Occasional,4,Recent Starters
17325,United Kingdom,2011-03-04 13:09:00,2011-03-04 13:09:00,281,1,96.8,96.8,60,1,281,0.0,0.0,0.0,False,1,2,1,4,Hibernating,0,Lapsed
15216,United Kingdom,2011-09-13 11:41:00,2011-09-13 11:41:00,88,1,96.6,96.6,28,1,88,0.0,0.0,0.0,False,2,1,1,4,Hibernating,0,Lapsed
14642,United Kingdom,2011-10-12 11:08:00,2011-10-12 11:08:00,59,1,96.12,96.12,76,1,59,0.0,0.0,0.0,False,3,1,1,5,Occasional,0,Lapsed
17024,United Kingdom,2011-07-05 09:31:00,2011-10-25 13:47:00,46,3,95.85,31.95,69,3,158,0.0,0.0,0.0,True,3,4,1,8,Loyal,4,Recent Starters
18249,United Kingdom,2011-11-22 15:07:00,2011-11-22 15:07:00,18,1,95.34,95.34,128,1,18,0.0,0.0,0.0,False,4,2,1,7,Potential Loyalists,4,Recent Starters
12548,Spain,2011-06-26 15:35:00,2011-06-26 15:35:00,167,1,95.19999999999999,95.19999999999999,49,1,167,0.0,0.0,0.0,False,2,1,1,4,Hibernating,0,Lapsed
16387,United Kingdom,2011-01-21 11:34:00,2011-01-21 11:34:00,323,1,94.36,94.36,44,1,323,0.0,0.0,0.0,False,1,2,1,4,Hibernating,0,Lapsed
13651,United Kingdom,2011-10-31 12:11:00,2011-11-04 14:59:00,36,2,94.2,47.1,33,2,40,0.0,0.0,0.0,True,3,2,1,6,Occasional,4,Recent Starters
15397,United Kingdom,2011-02-23 09:25:00,2011-02-23 09:25:00,290,1,94.0,94.0,20,1,290,0.0,0.0,0.0,False,1,1,1,3,Hibernating,0,Lapsed
15428,United Kingdom,2011-11-24 16:54:00,2011-11-24 16:54:00,16,1,93.78,93.78,102,1,16,0.0,0.0,0.0,False,4,1,1,6,Occasional,4,Recent Starters
18227,United Kingdom,2011-05-06 12:23:00,2011-05-06 12:23:00,218,1,93.75,93.75,21,1,218,0.0,0.0,0.0,False,1,2,1,4,Hibernating,0,Lapsed
13283,United Kingdom,2011-06-07 12:39:00,2011-10-11 09:50:00,60,2,93.66,46.83,90,2,186,0.0,0.0,0.0,True,3,2,1,6,Occasional,4,Recent Starters
17991,United Kingdom,2011-04-27 16:39:00,2011-04-28 15:58:00,226,2,93.35,46.675,25,1,227,0.0,0.0,0.0,True,1,3,1,5,At Risk,0,Lapsed
12821,United Kingdom,2011-05-09 15:51:00,2011-05-09 15:51:00,215,1,92.72,92.72,70,1,215,0.0,0.0,0.0,False,1,1,1,3,Hibernating,0,Lapsed
14054,United Kingdom,2011-10-05 15:49:00,2011-10-05 15:49:00,66,1,92.46,92.46,62,1,66,0.0,0.0,0.0,False,3,1,1,5,Occasional,0,Lapsed
12789,Netherlands,2011-10-05 13:34:00,2011-10-05 13:34:00,66,1,91.85,91.85,4,1,66,0.0,0.0,0.0,False,3,1,1,5,Occasional,0,Lapsed
13551,United Kingdom,2011-01-24 14:46:00,2011-01-24 14:46:00,320,1,91.80000000000001,91.80000000000001,12,1,320,0.0,0.0,0.0,False,1,1,1,3,Hibernating,0,Lapsed
13160,United Kingdom,2011-11-17 13:07:00,2011-11-17 13:07:00,23,1,91.8,91.8,56,1,23,0.0,0.0,0.0,False,4,1,1,6,Occasional,4,Recent Starters
12659,France,2011-11-10 11:53:00,2011-11-10 11:53:00,30,1,91.68,91.68,105,1,30,0.0,0.0,0.0,False,4,1,1,6,Occasional,4,Recent Starters
15488,United Kingdom,2011-09-08 10:11:00,2011-09-08 10:11:00,93,1,91.32000000000001,91.32000000000001,73,1,93,0.0,0.0,0.0,False,2,1,1,4,Hibernating,0,Lapsed
14353,United Kingdom,2011-05-08 16:06:00,2011-05-08 16:06:00,216,1,90.6,90.6,64,1,216,0.0,0.0,0.0,False,1,1,1,3,Hibernating,0,Lapsed
13947,United Kingdom,2011-10-05 14:42:00,2011-10-05 14:42:00,66,1,90.6,90.6,44,1,66,0.0,0.0,0.0,False,3,1,1,5,Occasional,0,Lapsed
18084,United Kingdom,2011-11-23 13:57:00,2011-11-23 13:57:00,17,1,90.47999999999999,90.47999999999999,312,1,17,2.95,1.0,3.157444075778658,False,4,2,1,7,Potential Loyalists,4,Recent Starters
16506,United Kingdom,2011-10-30 15:50:00,2011-11-20 12:17:00,20,2,90.30000000000001,45.150000000000006,42,2,41,0.0,0.0,0.0,True,4,3,1,8,Potential Loyalists,4,Recent Starters
15552,United Kingdom,2011-05-06 14:47:00,2011-05-06 14:47:00,218,1,90.12,90.12,60,1,218,0.0,0.0,0.0,False,1,1,1,3,Hibernating,0,Lapsed
16597,United Kingdom,2011-12-05 15:44:00,2011-12-05 15:44:00,5,1,90.04,90.04,184,1,5,0.0,0.0,0.0,False,5,2,1,8,New Customers,4,Recent Starters
14117,United Kingdom,2011-07-19 09:49:00,2011-07-19 09:49:00,144,1,90.0,90.0,72,1,144,0.0,0.0,0.0,False,2,1,1,4,Hibernating,0,Lapsed
14219,United Kingdom,2011-12-05 16:23:00,2011-12-05 16:23:00,5,1,89.94,89.94,78,1,5,0.0,0.0,0.0,False,5,1,1,7,New Customers,4,Recent Starters
14760,United Kingdom,2011-02-15 16:27:00,2011-02-15 16:27:00,298,1,89.2,89.2,40,1,298,35.400000000000006,1.0,28.41091492776886,False,1,1,1,3,Hibernating,0,Lapsed
12686,France,2010-12-03 09:51:00,2010-12-03 09:51:00,372,1,89.14,89.14,107,1,372,0.0,0.0,0.0,False,1,1,1,3,Hibernating,0,Lapsed
14436,United Kingdom,2011-09-02 10:13:00,2011-09-02 10:13:00,99,1,89.06,89.06,129,1,99,0.0,0.0,0.0,False,2,1,1,4,Hibernating,0,Lapsed
12353,Bahrain,2011-05-19 17:47:00,2011-05-19 17:47:00,205,1,89.0,89.0,20,1,205,0.0,0.0,0.0,False,1,1,1,3,Hibernating,0,Lapsed
15083,United Kingdom,2011-03-28 12:18:00,2011-03-28 12:18:00,257,1,88.2,88.2,38,1,257,0.0,0.0,0.0,False,1,1,1,3,Hibernating,0,Lapsed
15180,United Kingdom,2010-12-07 14:57:00,2010-12-07 14:57:00,368,1,87.5,87.5,36,1,368,0.0,0.0,0.0,False,1,1,1,3,Hibernating,0,Lapsed
13296,United Kingdom,2011-07-25 13:46:00,2011-07-25 13:46:00,138,1,87.4,87.4,78,1,138,0.0,0.0,0.0,False,2,1,1,4,Hibernating,0,Lapsed
15541,United Kingdom,2011-08-17 14:58:00,2011-08-17 14:58:00,115,1,85.13000000000001,85.13000000000001,49,1,115,0.0,0.0,0.0,False,2,1,1,4,Hibernating,0,Lapsed
15729,United Kingdom,2011-05-11 12:36:00,2011-05-11 12:36:00,213,1,85.0,85.0,28,1,213,23.0,1.0,21.296296296296298,False,1,1,1,3,Hibernating,0,Lapsed
13841,United Kingdom,2011-04-01 12:10:00,2011-04-01 12:10:00,253,1,85.0,85.0,100,1,253,0.0,0.0,0.0,False,1,1,1,3,Hibernating,0,Lapsed
13666,United Kingdom,2011-02-25 13:05:00,2011-10-10 15:39:00,61,3,84.65,28.21666666666667,41,2,288,0.0,0.0,0.0,True,3,3,1,7,Occasional,4,Recent Starters
12401,Belgium,2011-02-09 13:50:00,2011-02-09 13:50:00,304,1,84.3,84.3,11,1,304,0.0,0.0,0.0,False,1,1,1,3,Hibernating,0,Lapsed
17309,United Kingdom,2011-09-05 15:20:00,2011-09-05 15:20:00,96,1,82.75,82.75,41,1,96,0.0,0.0,0.0,False,2,2,1,5,Hibernating,0,Lapsed
13006,United Kingdom,2011-10-14 13:49:00,2011-10-14 13:49:00,57,1,81.57,81.57,55,1,57,0.0,0.0,0.0,False,3,1,1,5,Occasional,0,Lapsed
17620,United Kingdom,2011-10-11 12:08:00,2011-10-11 12:08:00,60,1,81.44,81.44,60,1,60,0.0,0.0,0.0,False,3,2,1,6,Occasional,0,Lapsed
18281,United Kingdom,2011-06-12 10:53:00,2011-06-12 10:53:00,181,1,80.82,80.82,54,1,181,0.0,0.0,0.0,False,1,2,1,4,Hibernating,0,Lapsed
16789,United Kingdom,2011-12-01 15:12:00,2011-12-01 15:12:00,9,1,80.8,80.8,32,1,9,0.0,0.0,0.0,False,5,2,1,8,New Customers,4,Recent Starters
13967,United Kingdom,2011-07-17 12:02:00,2011-07-17 12:02:00,146,1,80.7,80.7,42,1,146,0.0,0.0,0.0,False,2,1,1,4,Hibernating,0,Lapsed
17752,United Kingdom,2010-12-15 16:19:00,2010-12-15 16:19:00,360,1,80.64,80.64,192,1,360,0.0,0.0,0.0,False,1,2,1,4,Hibernating,0,Lapsed
13747,United Kingdom,2010-12-01 10:37:00,2010-12-01 10:37:00,374,1,79.6,79.6,8,1,374,0.0,0.0,0.0,False,1,1,1,3,Hibernating,0,Lapsed
15753,United Kingdom,2011-02-08 12:41:00,2011-02-08 12:41:00,305,1,79.2,79.2,144,1,305,0.0,0.0,0.0,False,1,1,1,3,Hibernating,0,Lapsed
16078,United Kingdom,2011-03-01 09:47:00,2011-03-01 09:47:00,284,1,79.2,79.2,16,1,284,0.0,0.0,0.0,False,1,2,1,4,Hibernating,0,Lapsed
17942,United Kingdom,2011-12-02 10:45:00,2011-12-02 10:45:00,8,1,77.50000000000001,77.50000000000001,38,1,8,0.0,0.0,0.0,False,5,2,1,8,New Customers,4,Recent Starters
14785,United Kingdom,2011-11-24 13:40:00,2011-11-29 13:21:00,11,2,77.4,38.7,84,1,16,0.0,0.0,0.0,True,5,3,1,9,Potential Loyalists,4,Recent Starters
13132,United Kingdom,2011-03-23 12:44:00,2011-03-23 12:44:00,262,1,77.3,77.3,20,1,262,0.0,0.0,0.0,False,1,1,1,3,Hibernating,0,Lapsed
13992,United Kingdom,2011-11-09 15:23:00,2011-11-09 15:23:00,31,1,76.8,76.8,64,1,31,0.0,0.0,0.0,False,4,1,1,6,Occasional,4,Recent Starters
14373,United Kingdom,2010-12-16 15:40:00,2010-12-16 15:40:00,359,1,76.55,76.55,17,1,359,0.0,0.0,0.0,False,1,1,1,3,Hibernating,0,Lapsed
13106,United Kingdom,2011-07-29 15:12:00,2011-07-29 15:12:00,134,1,76.5,76.5,18,1,134,17.0,1.0,18.181818181818183,False,2,1,1,4,Hibernating,0,Lapsed
17536,United Kingdom,2011-06-15 13:23:00,2011-06-15 13:23:00,178,1,76.5,76.5,6,1,178,0.0,0.0,0.0,False,2,2,1,5,Hibernating,0,Lapsed
18113,United Kingdom,2010-12-06 12:31:00,2010-12-06 12:31:00,369,1,76.32000000000001,76.32000000000001,72,1,369,0.0,0.0,0.0,False,1,2,1,4,Hibernating,0,Lapsed
16148,United Kingdom,2011-02-16 14:01:00,2011-02-16 14:01:00,297,1,76.32000000000001,76.32000000000001,72,1,297,0.0,0.0,0.0,False,1,2,1,4,Hibernating,0,Lapsed
15668,United Kingdom,2011-05-06 10:39:00,2011-05-06 10:39:00,218,1,76.32000000000001,76.32000000000001,72,1,218,0.0,0.0,0.0,False,1,1,1,3,Hibernating,0,Lapsed
14090,United Kingdom,2011-01-19 10:51:00,2011-01-19 10:51:00,325,1,76.32000000000001,76.32000000000001,72,1,325,0.0,0.0,0.0,False,1,1,1,3,Hibernating,0,Lapsed
17995,United Kingdom,2011-03-03 12:30:00,2011-03-03 12:30:00,282,1,76.1,76.1,133,1,282,0.0,0.0,0.0,False,1,2,1,4,Hibernating,0,Lapsed
17628,United Kingdom,2011-09-19 15:21:00,2011-09-19 15:21:00,82,1,75.75,75.75,79,1,82,0.0,0.0,0.0,False,2,2,1,5,Hibernating,0,Lapsed
16610,United Kingdom,2011-05-04 13:13:00,2011-05-04 13:13:00,220,1,75.66,75.66,66,1,220,0.0,0.0,0.0,False,1,2,1,4,Hibernating,0,Lapsed
13403,United Kingdom,2011-11-22 08:28:00,2011-11-22 08:28:00,18,1,75.0,75.0,44,1,18,0.0,0.0,0.0,False,4,1,1,6,Occasional,4,Recent Starters
16468,United Kingdom,2011-09-26 14:13:00,2011-09-26 14:13:00,75,1,74.9,74.9,31,1,75,0.0,0.0,0.0,False,2,2,1,5,Hibernating,0,Lapsed
18050,United Kingdom,2010-12-15 14:25:00,2010-12-15 14:25:00,360,1,74.4,74.4,40,1,360,0.0,0.0,0.0,False,1,2,1,4,Hibernating,0,Lapsed
13095,United Kingdom,2011-09-30 12:03:00,2011-09-30 12:03:00,71,1,74.39999999999999,74.39999999999999,144,1,71,0.0,0.0,0.0,False,3,1,1,5,Occasional,0,Lapsed
17960,United Kingdom,2011-06-21 14:15:00,2011-06-21 14:15:00,172,1,73.78,73.78,41,1,172,0.0,0.0,0.0,False,2,2,1,5,Hibernating,0,Lapsed
12506,France,2011-04-21 08:54:00,2011-04-21 08:54:00,233,1,73.5,73.5,23,1,233,0.0,0.0,0.0,False,1,1,1,3,Hibernating,0,Lapsed
18032,United Kingdom,2011-01-09 15:32:00,2011-01-09 15:32:00,335,1,73.5,73.5,42,1,335,0.0,0.0,0.0,False,1,2,1,4,Hibernating,0,Lapsed
16171,United Kingdom,2011-10-11 14:51:00,2011-10-11 14:51:00,60,1,73.2,73.2,24,1,60,0.0,0.0,0.0,False,3,2,1,6,Occasional,0,Lapsed
17906,United Kingdom,2011-04-06 17:25:00,2011-04-06 17:25:00,248,1,72.9,72.9,26,1,248,0.0,0.0,0.0,False,1,2,1,4,Hibernating,0,Lapsed
13686,United Kingdom,2011-06-10 09:10:00,2011-06-10 09:10:00,183,1,72.0,72.0,70,1,183,0.0,0.0,0.0,False,1,1,1,3,Hibernating,0,Lapsed
13938,United Kingdom,2011-11-04 14:37:00,2011-11-04 14:37:00,36,1,71.66,71.66,70,1,36,0.0,0.0,0.0,False,3,1,1,5,Occasional,4,Recent Starters
13185,United Kingdom,2011-03-17 11:56:00,2011-03-17 11:56:00,268,1,71.4,71.4,12,1,268,0.0,0.0,0.0,False,1,1,1,3,Hibernating,0,Lapsed
17747,United Kingdom,2011-08-19 08:13:00,2011-08-19 08:13:00,113,1,71.4,71.4,12,1,113,6.75,1.0,8.637236084452974,False,2,2,1,5,Hibernating,0,Lapsed
17022,United Kingdom,2011-11-08 17:09:00,2011-11-08 17:09:00,32,1,71.0,71.0,108,1,32,0.0,0.0,0.0,False,4,2,1,7,Potential Loyalists,4,Recent Starters
18037,United Kingdom,2010-12-12 16:20:00,2011-07-08 13:39:00,155,6,70.02,11.67,20,5,363,0.0,0.0,0.0,True,2,5,1,8,At Risk,0,Lapsed
15863,United Kingdom,2011-05-31 11:36:00,2011-11-14 12:49:00,26,2,68.84,34.42,19,2,193,0.0,0.0,0.0,True,4,3,1,8,Potential Loyalists,4,Recent Starters
14393,United Kingdom,2011-05-05 18:16:00,2011-05-05 18:16:00,219,1,67.95,67.95,13,1,219,0.0,0.0,0.0,False,1,1,1,3,Hibernating,0,Lapsed
13684,United Kingdom,2011-02-27 10:13:00,2011-02-27 10:13:00,286,1,67.23,67.23,39,1,286,3.0,1.0,4.271678769756514,False,1,1,1,3,Hibernating,0,Lapsed
17382,United Kingdom,2011-10-05 13:05:00,2011-10-05 13:05:00,66,1,65.4,65.4,25,1,66,0.0,0.0,0.0,False,3,2,1,6,Occasional,0,Lapsed
13130,United Kingdom,2011-09-06 15:30:00,2011-09-06 15:30:00,95,1,64.0,64.0,32,1,95,0.0,0.0,0.0,False,2,1,1,4,Hibernating,0,Lapsed
13302,United Kingdom,2011-07-07 17:56:00,2011-07-07 17:56:00,156,1,63.75,63.75,5,1,156,0.0,0.0,0.0,False,2,1,1,4,Hibernating,0,Lapsed
17263,United Kingdom,2011-05-15 14:32:00,2011-05-15 14:32:00,209,1,63.440000000000005,63.440000000000005,36,1,209,0.0,0.0,0.0,False,1,2,1,4,Hibernating,0,Lapsed
12665,Germany,2011-01-19 08:34:00,2011-01-19 08:34:00,325,1,63.0,63.0,37,1,325,1.25,1.0,1.9455252918287937,False,1,1,1,3,Hibernating,0,Lapsed
14437,United Kingdom,2010-12-09 09:27:00,2010-12-09 09:27:00,366,1,63.0,63.0,60,1,366,106.4,1.0,62.8099173553719,False,1,1,1,3,Hibernating,0,Lapsed
14840,United Kingdom,2011-03-17 12:00:00,2011-03-17 12:00:00,268,1,62.85,62.85,31,1,268,0.0,0.0,0.0,False,1,1,1,3,Hibernating,0,Lapsed
13218,United Kingdom,2011-08-04 16:59:00,2011-08-04 16:59:00,128,1,62.63999999999999,62.63999999999999,88,1,128,0.0,0.0,0.0,False,2,1,1,4,Hibernating,0,Lapsed
15516,United Kingdom,2011-10-24 11:33:00,2011-10-26 10:51:00,45,3,62.43,20.81,27,1,47,0.0,0.0,0.0,True,3,3,1,7,Occasional,4,Recent Starters
13194,United Kingdom,2011-07-27 09:01:00,2011-07-27 09:01:00,136,1,60.7,60.7,26,1,136,0.0,0.0,0.0,False,2,1,1,4,Hibernating,0,Lapsed
17174,United Kingdom,2011-05-06 11:47:00,2011-05-06 11:47:00,218,1,59.9,59.9,41,1,218,0.0,0.0,0.0,False,1,2,1,4,Hibernating,0,Lapsed
13391,United Kingdom,2011-05-20 10:50:00,2011-05-20 10:50:00,204,1,59.8,59.8,4,1,204,0.0,0.0,0.0,False,1,1,1,3,Hibernating,0,Lapsed
13682,United Kingdom,2011-06-05 14:06:00,2011-06-05 14:06:00,188,1,59.5,59.5,10,1,188,0.0,0.0,0.0,False,1,1,1,3,Hibernating,0,Lapsed
14957,United Kingdom,2011-03-31 17:59:00,2011-03-31 17:59:00,254,1,58.49,58.49,34,1,254,0.0,0.0,0.0,False,1,1,1,3,Hibernating,0,Lapsed
13080,United Kingdom,2011-06-13 14:59:00,2011-06-13 14:59:00,180,1,58.08,58.08,120,1,180,0.0,0.0,0.0,False,1,1,1,3,Hibernating,0,Lapsed
17775,United Kingdom,2011-03-30 10:50:00,2011-03-30 10:50:00,255,1,56.4,56.4,72,1,255,0.0,0.0,0.0,False,1,2,1,4,Hibernating,0,Lapsed
15899,United Kingdom,2010-12-06 10:36:00,2010-12-06 10:36:00,369,1,56.25,56.25,39,1,369,0.0,0.0,0.0,False,1,2,1,4,Hibernating,0,Lapsed
13366,United Kingdom,2011-10-20 13:37:00,2011-10-20 13:37:00,51,1,56.160000000000004,56.160000000000004,144,1,51,0.0,0.0,0.0,False,3,1,1,5,Occasional,0,Lapsed
16349,United Kingdom,2011-02-22 12:40:00,2011-02-22 12:40:00,291,1,53.5,53.5,9,1,291,0.0,0.0,0.0,False,1,2,1,4,Hibernating,0,Lapsed
15504,United Kingdom,2011-09-19 13:45:00,2011-09-19 13:45:00,82,1,52.83,52.83,33,1,82,0.0,0.0,0.0,False,2,1,1,4,Hibernating,0,Lapsed
14865,United Kingdom,2010-12-02 18:23:00,2011-12-02 16:25:00,8,2,52.2,26.1,108,2,373,0.0,0.0,0.0,True,5,3,1,9,Potential Loyalists,4,Recent Starters
13832,United Kingdom,2011-11-20 15:36:00,2011-11-20 15:36:00,20,1,52.199999999999996,52.199999999999996,28,1,20,11.25,1.0,17.73049645390071,False,4,1,1,6,Occasional,4,Recent Starters
15313,United Kingdom,2011-08-21 16:02:00,2011-08-21 16:02:00,111,1,52.0,52.0,25,1,111,0.0,0.0,0.0,False,2,1,1,4,Hibernating,0,Lapsed
14682,United Kingdom,2011-05-22 12:51:00,2011-06-05 12:12:00,188,2,52.0,26.0,80,2,202,0.0,0.0,0.0,True,1,3,1,5,At Risk,0,Lapsed
17844,Canada,2011-08-25 11:27:00,2011-08-25 11:27:00,107,1,51.559999999999995,51.559999999999995,52,1,107,0.0,0.0,0.0,False,2,2,1,5,Hibernating,0,Lapsed
14351,United Kingdom,2011-06-28 11:56:00,2011-06-28 11:56:00,165,1,51.0,51.0,12,1,165,0.0,0.0,0.0,False,2,1,1,4,Hibernating,0,Lapsed
13011,United Kingdom,2010-12-02 17:22:00,2010-12-02 17:22:00,373,1,50.550000000000004,50.550000000000004,13,1,373,0.0,0.0,0.0,False,1,1,1,3,Hibernating,0,Lapsed
18184,United Kingdom,2011-11-24 15:28:00,2011-11-24 15:28:00,16,1,49.8,49.8,60,1,16,0.0,0.0,0.0,False,4,2,1,7,Potential Loyalists,4,Recent Starters
14821,United Kingdom,2010-12-08 08:43:00,2010-12-08 08:43:00,367,1,48.800000000000004,48.800000000000004,20,1,367,0.0,0.0,0.0,False,1,1,1,3,Hibernating,0,Lapsed
15603,United Kingdom,2011-09-22 10:04:00,2011-09-22 10:04:00,79,1,48.480000000000004,48.480000000000004,96,1,79,0.0,0.0,0.0,False,2,1,1,4,Hibernating,0,Lapsed
16257,United Kingdom,2011-06-16 10:11:00,2011-06-16 10:11:00,177,1,46.95,46.95,2,1,177,0.0,0.0,0.0,False,2,2,1,5,Hibernating,0,Lapsed
14080,United Kingdom,2011-11-07 11:09:00,2011-11-07 11:09:00,33,1,45.599999999999994,45.599999999999994,48,1,33,0.0,0.0,0.0,False,4,1,1,6,Occasional,4,Recent Starters
15423,United Kingdom,2011-11-01 14:01:00,2011-11-01 14:01:00,39,1,43.5,43.5,101,1,39,0.0,0.0,0.0,False,3,1,1,5,Occasional,4,Recent Starters
14300,United Kingdom,2011-11-21 08:57:00,2011-11-21 08:57:00,19,1,43.2,43.2,32,1,19,0.0,0.0,0.0,False,4,1,1,6,Occasional,4,Recent Starters
15992,United Kingdom,2011-12-06 11:00:00,2011-12-06 11:00:00,4,1,41.989999999999995,41.989999999999995,17,1,4,0.0,0.0,0.0,False,5,2,1,8,New Customers,4,Recent Starters
15178,United Kingdom,2011-03-24 15:12:00,2011-03-24 15:12:00,261,1,40.5,40.5,30,1,261,0.0,0.0,0.0,False,1,1,1,3,Hibernating,0,Lapsed
14589,United Kingdom,2010-12-03 11:42:00,2010-12-03 11:42:00,372,1,39.75,39.75,5,1,372,0.0,0.0,0.0,False,1,1,1,3,Hibernating,0,Lapsed
12977,United Kingdom,2011-07-06 16:40:00,2011-07-06 16:40:00,157,1,39.239999999999995,39.239999999999995,12,1,157,0.0,0.0,0.0,False,2,1,1,4,Hibernating,0,Lapsed
16659,United Kingdom,2011-06-03 15:03:00,2011-06-03 15:03:00,190,1,39.12,39.12,72,1,190,0.0,0.0,0.0,False,1,2,1,4,Hibernating,0,Lapsed
18019,United Kingdom,2011-10-19 12:10:00,2011-10-19 12:10:00,52,1,38.45,38.45,7,1,52,0.0,0.0,0.0,False,3,2,1,6,Occasional,0,Lapsed
12855,United Kingdom,2010-12-02 09:37:00,2010-12-02 09:37:00,373,1,38.1,38.1,30,1,373,0.0,0.0,0.0,False,1,1,1,3,Hibernating,0,Lapsed
16162,United Kingdom,2011-04-01 15:03:00,2011-04-01 15:03:00,253,1,37.4,37.4,4,1,253,0.0,0.0,0.0,False,1,2,1,4,Hibernating,0,Lapsed
17816,United Kingdom,2010-12-09 14:10:00,2011-11-03 11:34:00,37,4,36.56,9.14,30,4,366,0.0,0.0,0.0,True,3,4,1,8,Loyal,4,Recent Starters
15940,United Kingdom,2011-02-01 16:18:00,2011-02-01 16:18:00,312,1,35.8,35.8,4,1,312,4.0,1.0,10.050251256281408,False,1,2,1,4,Hibernating,0,Lapsed
16856,United Kingdom,2011-11-25 08:59:00,2011-11-25 08:59:00,15,1,35.400000000000006,35.400000000000006,12,1,15,0.0,0.0,0.0,False,4,2,1,7,Potential Loyalists,4,Recent Starters
14576,United Kingdom,2010-12-02 17:51:00,2010-12-02 17:51:00,373,1,35.400000000000006,35.400000000000006,12,1,373,0.0,0.0,0.0,False,1,1,1,3,Hibernating,0,Lapsed
17831,United Kingdom,2011-11-06 15:09:00,2011-11-06 15:09:00,34,1,35.400000000000006,35.400000000000006,12,1,34,0.0,0.0,0.0,False,3,2,1,6,Occasional,4,Recent Starters
15744,United Kingdom,2011-09-23 09:52:00,2011-09-23 09:52:00,78,1,34.8,34.8,120,1,78,0.0,0.0,0.0,False,2,1,1,4,Hibernating,0,Lapsed
16765,United Kingdom,2011-02-18 15:41:00,2011-02-18 15:41:00,295,1,34.0,34.0,4,1,295,0.0,0.0,0.0,False,1,2,1,4,Hibernating,0,Lapsed
17408,United Kingdom,2011-06-29 12:53:00,2011-06-29 12:53:00,164,1,32.65,32.65,3,1,164,0.0,0.0,0.0,False,2,2,1,5,Hibernating,0,Lapsed
13120,United Kingdom,2011-04-15 10:19:00,2011-04-15 10:19:00,239,1,30.599999999999998,30.599999999999998,12,1,239,0.0,0.0,0.0,False,1,1,1,3,Hibernating,0,Lapsed
15657,United Kingdom,2011-11-17 12:19:00,2011-11-17 12:19:00,23,1,30.0,30.0,24,1,23,0.0,0.0,0.0,False,4,1,1,6,Occasional,4,Recent Starters
17102,United Kingdom,2011-03-23 10:08:00,2011-03-23 10:08:00,262,1,25.5,25.5,2,1,262,0.0,0.0,0.0,False,1,2,1,4,Hibernating,0,Lapsed
18268,United Kingdom,2011-07-28 19:13:00,2011-07-28 19:13:00,135,1,25.5,25.5,2,1,135,25.5,1.0,50.0,False,2,2,1,5,Hibernating,0,Lapsed
17986,United Kingdom,2011-10-14 14:22:00,2011-10-14 14:22:00,57,1,20.8,20.8,10,1,57,0.0,0.0,0.0,False,3,2,1,6,Occasional,0,Lapsed
16953,United Kingdom,2011-11-09 15:54:00,2011-11-09 15:54:00,31,1,20.8,20.8,10,1,31,0.0,0.0,0.0,False,4,2,1,7,Potential Loyalists,4,Recent Starters
16093,United Kingdom,2011-08-25 11:09:00,2011-08-25 11:09:00,107,1,17.0,17.0,20,1,107,0.0,0.0,0.0,False,2,2,1,5,Hibernating,0,Lapsed
13307,United Kingdom,2011-08-11 17:14:00,2011-08-11 17:14:00,121,1,15.0,15.0,4,1,121,0.0,0.0,0.0,False,2,1,1,4,Hibernating,0,Lapsed
17763,United Kingdom,2011-03-21 14:25:00,2011-03-21 14:25:00,264,1,15.0,15.0,12,1,264,0.0,0.0,0.0,False,1,2,1,4,Hibernating,0,Lapsed
15823,United Kingdom,2010-12-02 15:08:00,2010-12-02 15:08:00,373,1,15.0,15.0,1,1,373,855.76,1.0,98.27736689788232,False,1,2,1,4,Hibernating,0,Lapsed
16878,United Kingdom,2011-09-16 17:39:00,2011-09-16 17:39:00,85,1,13.3,13.3,12,1,85,13.3,1.0,50.0,False,2,2,1,5,Hibernating,0,Lapsed
17956,United Kingdom,2011-04-04 13:47:00,2011-04-04 13:47:00,250,1,12.75,12.75,1,1,250,0.0,0.0,0.0,False,1,2,1,4,Hibernating,0,Lapsed
16454,United Kingdom,2011-10-06 16:57:00,2011-10-26 11:40:00,45,2,6.9,3.45,3,1,65,15.05,1.0,68.5649202733485,True,3,3,1,7,Occasional,0,Lapsed
14792,United Kingdom,2011-10-07 09:19:00,2011-10-07 09:19:00,64,1,6.2,6.2,2,1,64,6.2,1.0,50.0,False,3,1,1,5,Occasional,0,Lapsed
16738,United Kingdom,2011-02-15 09:46:00,2011-02-15 09:46:00,298,1,3.75,3.75,3,1,298,0.0,0.0,0.0,False,1,2,1,4,Hibernating,0,Lapsed
